[2026-05-08T11:07:14.301] [DEBUG] debug-file - env: nodejsVersion=v18.20.1
[2026-05-08T11:07:14.373] [DEBUG] debug-file - env: daemon=true
[2026-05-08T11:07:14.302] [DEBUG] debug-file - env: hvigor-config.json5 content = { modelVersion: '6.1.0', dependencies: {} }
[2026-05-08T11:07:15.411] [DEBUG] debug-file - java daemon tryConnect failed Error: connect ECONNREFUSED 127.0.0.1:45050
[2026-05-08T11:07:15.424] [DEBUG] debug-file - java daemon started at port 45050 pid 20839
[2026-05-08T11:07:15.570] [DEBUG] debug-file - session manager: set active socket. socketId=CjDFp4X8Q1DtnadJAAAB
[2026-05-08T11:07:16.491] [DEBUG] debug-file - watch worker: worker id should be larger than 0. Nothing will be sent to any worker thread.
[2026-05-08T11:07:16.501] [DEBUG] debug-file - Since there is no instance or instance is terminated, create a new worker pool.
[2026-05-08T11:07:16.502] [DEBUG] debug-file - Worker pool is initialized with config:  {
  minPoolNum: 2,
  maxPoolNum: undefined,
  maxCoreSize: undefined,
  cacheCapacity: undefined,
  cacheTtl: undefined
}
[2026-05-08T11:07:16.504] [DEBUG] debug-file - Create  resident worker with id: 0.
[2026-05-08T11:07:16.515] [DEBUG] debug-file - Create  resident worker with id: 1.
[2026-05-08T11:07:16.519] [DEBUG] debug-file - Workers' log level updated to INFO
[2026-05-08T11:07:16.528] [DEBUG] debug-file - hvigor build process will be closed with an error.
[2026-05-08T11:07:16.692] [ERROR] debug-file - [31m00304035 Not Found
Error Message: Cannot find project build file build-profile.json5 under folder: /Users/jordanzt/Work/Projects/opencalc-harmonyos/harmonyos.

* Try the following:
  > Make sure that the project has build-profile.json5 file.
[39m

[31m* Try:
> Run with --stacktrace option to get the stack trace.
> Run with --debug option to get more log output.

[2026-05-08T11:07:16.693] [DEBUG] debug-file - ERROR: stacktrace = AdaptorError: [31m00304035 Not Found
Error Message: Cannot find project build file build-profile.json5 under folder: /Users/jordanzt/Work/Projects/opencalc-harmonyos/harmonyos.

* Try the following:
  > Make sure that the project has build-profile.json5 file.
[39m
    at HvigorLogger.printErrorExit (/Applications/DevEco-Studio.app/Contents/tools/hvigor/hvigor/src/base/log/hvigor-log.js:1:5087)
    at initEnvConfigProps (/Applications/DevEco-Studio.app/Contents/tools/hvigor/hvigor/src/base/boot/hooks/init-env-config-props.js:1:946)
    at boot (/Applications/DevEco-Studio.app/Contents/tools/hvigor/hvigor/src/base/boot/index.js:1:1618)
    at Worker.<anonymous> (/Applications/DevEco-Studio.app/Contents/tools/hvigor/hvigor/src/base/daemon/cluster/worker-process-lifecycle.js:1:3747)
    at Worker.emit (node:events:529:35)
    at process.<anonymous> (node:internal/cluster/worker:35:12)
    at process.emit (node:events:529:35)
    at emit (node:internal/child_process:944:14)
    at process.processTicksAndRejections (node:internal/process/task_queues:83:21)
[2026-05-08T11:07:16.693] [ERROR] debug-file - AdaptorError: [31m00304035 Not Found
Error Message: Cannot find project build file build-profile.json5 under folder: /Users/jordanzt/Work/Projects/opencalc-harmonyos/harmonyos.

* Try the following:
  > Make sure that the project has build-profile.json5 file.
[39m
    at HvigorLogger.printErrorExit (/Applications/DevEco-Studio.app/Contents/tools/hvigor/hvigor/src/base/log/hvigor-log.js:1:5087)
    at initEnvConfigProps (/Applications/DevEco-Studio.app/Contents/tools/hvigor/hvigor/src/base/boot/hooks/init-env-config-props.js:1:946)
    at boot (/Applications/DevEco-Studio.app/Contents/tools/hvigor/hvigor/src/base/boot/index.js:1:1618)
    at Worker.<anonymous> (/Applications/DevEco-Studio.app/Contents/tools/hvigor/hvigor/src/base/daemon/cluster/worker-process-lifecycle.js:1:3747)
    at Worker.emit (node:events:529:35)
    at process.<anonymous> (node:internal/cluster/worker:35:12)
    at process.emit (node:events:529:35)
    at emit (node:internal/child_process:944:14)
    at process.processTicksAndRejections (node:internal/process/task_queues:83:21)
[2026-05-08T11:07:16.700] [ERROR] debug-file - BUILD FAILED in 51 h 57 min 21 s 547 ms 
[2026-05-08T11:07:16.709] [DEBUG] debug-file - Cleanup worker 0.
[2026-05-08T11:07:16.715] [DEBUG] debug-file - session manager: send message to worker process.
[2026-05-08T11:07:16.716] [DEBUG] debug-file - session manager: send message to worker process.
[2026-05-08T11:07:16.722] [DEBUG] debug-file - Worker 0 has been cleaned up.
[2026-05-08T11:07:16.723] [DEBUG] debug-file - Current idle worker size: 1.
[2026-05-08T11:07:16.724] [DEBUG] debug-file - Current resident worker size: 2.
[2026-05-08T11:07:16.727] [DEBUG] debug-file - Cleanup worker 1.
[2026-05-08T11:07:16.733] [DEBUG] debug-file - Worker 1 has been cleaned up.
[2026-05-08T11:07:16.735] [DEBUG] debug-file - Current idle worker size: 0.
[2026-05-08T11:07:16.735] [DEBUG] debug-file - Current resident worker size: 2.
[2026-05-08T11:07:16.740] [DEBUG] debug-file - hvigor build process will be closed.
[2026-05-08T11:07:16.743] [DEBUG] debug-file - watch worker: worker id should be larger than 0. Nothing will be sent to any worker thread.
[2026-05-08T11:07:16.745] [DEBUG] debug-file - watch worker: worker id should be larger than 0. Nothing will be sent to any worker thread.
[2026-05-08T11:07:16.754] [DEBUG] debug-file - worker[1] exits with exit code 1.
[2026-05-08T11:07:16.756] [DEBUG] debug-file - worker[0] exits with exit code 1.
[2026-05-08T11:07:45.953] [DEBUG] debug-file - env: nodejsVersion=v18.20.1
[2026-05-08T11:07:45.995] [DEBUG] debug-file - env: daemon=true
[2026-05-08T11:07:45.956] [DEBUG] debug-file - env: hvigor-config.json5 content = { modelVersion: '6.1.0', dependencies: {} }
[2026-05-08T11:07:46.591] [DEBUG] debug-file - session manager: set active socket. socketId=2BSILuooYdqvdGE8AAAD
[2026-05-08T11:07:46.600] [DEBUG] debug-file - watch worker: worker id should be larger than 0. Nothing will be sent to any worker thread.
[2026-05-08T11:07:46.602] [DEBUG] debug-file - Workers' log level updated to INFO
[2026-05-08T11:07:46.615] [DEBUG] debug-file - Hvigor init with startParameters:{
  hvigorfileTypeCheck: false,
  parallelExecution: true,
  incrementalExecution: true,
  printStackTrace: false,
  daemon: true,
  analyze: 0,
  logLevel: Level { level: 20000, levelStr: 'INFO', colour: 'green' },
  optimizationStrategy: 'memory',
  hotCompile: undefined,
  hotReloadBuild: undefined,
  customizedParam: undefined
}
[2026-05-08T11:07:46.616] [DEBUG] debug-file - Since current hvigor version 6.23.5 differs from last hvigor version 
      undefined, delete file-cache.json and task-cache.json.
[2026-05-08T11:07:46.616] [DEBUG] debug-file - Cache service initialization finished in 2 ms 
[2026-05-08T11:07:46.620] [DEBUG] debug-file - hvigorfile, resolving /Users/jordanzt/Work/Projects/opencalc-harmonyos/harmonyos/hvigorfile.ts
[2026-05-08T11:07:49.633] [DEBUG] debug-file - hvigorfile, require result:  {}
[2026-05-08T11:07:49.634] [DEBUG] debug-file - hvigorfile, binding system plugins {}
[2026-05-08T11:07:49.635] [DEBUG] debug-file - Starting plugin build process
[2026-05-08T11:07:49.635] [DEBUG] debug-file - App plugin prepare start...
[2026-05-08T11:07:49.635] [DEBUG] debug-file - App plugin prepare end...
[2026-05-08T11:07:49.635] [DEBUG] debug-file - App plugin creating...
[2026-05-08T11:07:50.159] [DEBUG] debug-file - App plugin register hook start...
[2026-05-08T11:07:50.161] [DEBUG] debug-file - App plugin register hook end...
[2026-05-08T11:07:50.161] [DEBUG] debug-file - Plugin build process completed
[2026-05-08T11:07:50.163] [DEBUG] debug-file - Start initialize project's product build option map with build mode debug.
[2026-05-08T11:07:50.164] [DEBUG] debug-file - Picking option from product 'default' with build mode 'debug'.
[2026-05-08T11:07:50.165] [DEBUG] debug-file - Product 'default' build option initialized
[2026-05-08T11:07:50.165] [DEBUG] debug-file - End initialize project's product build option map with build mode 'debug'.
[2026-05-08T11:07:50.169] [DEBUG] debug-file - Obtain build option for product 'default'in this build.
[2026-05-08T11:07:50.171] [DEBUG] debug-file - No signingConfig found, initRemoteHspCache failed.
[2026-05-08T11:07:50.175] [DEBUG] debug-file - Local scan or download HarmonyOS sdk components toolchains,ets,js,native,previewer
[2026-05-08T11:07:50.188] [DEBUG] debug-file - Local scan or download hmscore sdk components toolchains,ets,native
[2026-05-08T11:07:50.193] [DEBUG] debug-file - Start recording SDK configuration permission data.
[2026-05-08T11:07:50.260] [DEBUG] debug-file - Sdk init in 86 ms 
[2026-05-08T11:07:50.272] [DEBUG] debug-file - Project task initialization takes 9 ms 
[2026-05-08T11:07:50.272] [DEBUG] debug-file - hvigorfile, resolve finished /Users/jordanzt/Work/Projects/opencalc-harmonyos/harmonyos/hvigorfile.ts
[2026-05-08T11:07:50.274] [DEBUG] debug-file - hvigorfile, resolving /Users/jordanzt/Work/Projects/opencalc-harmonyos/harmonyos/entry/hvigorfile.ts
[2026-05-08T11:07:50.283] [DEBUG] debug-file - hvigorfile, require result:  {}
[2026-05-08T11:07:50.283] [DEBUG] debug-file - hvigorfile, binding system plugins {}
[2026-05-08T11:07:50.283] [DEBUG] debug-file - Starting plugin build process
[2026-05-08T11:07:50.284] [DEBUG] debug-file - Hap plugin creating...
[2026-05-08T11:07:50.284] [DEBUG] debug-file - failed to load cangjie to dynamically generate schemas: Error: Cannot find module '@ohos/cangjie-build-support/index'
Require stack:
- /Applications/DevEco-Studio.app/Contents/tools/hvigor/hvigor-ohos-plugin/src/plugin/hooks/cangjie-register.js
- /Applications/DevEco-Studio.app/Contents/tools/hvigor/hvigor-ohos-plugin/src/plugin/strategy/stage-init-strategy.js
- /Applications/DevEco-Studio.app/Contents/tools/hvigor/hvigor-ohos-plugin/src/plugin/builder/abstract-plugin-builder.js
- /Applications/DevEco-Studio.app/Contents/tools/hvigor/hvigor-ohos-plugin/src/plugin/builder/app-plugin-builder.js
- /Applications/DevEco-Studio.app/Contents/tools/hvigor/hvigor-ohos-plugin/src/plugin/factory/plugin-factory.js
- /Applications/DevEco-Studio.app/Contents/tools/hvigor/hvigor-ohos-plugin/index.js
- /Users/jordanzt/Work/Projects/opencalc-harmonyos/harmonyos/hvigorfile.ts
- /Applications/DevEco-Studio.app/Contents/tools/hvigor/hvigor/src/base/internal/lifecycle/configuration.js
- /Applications/DevEco-Studio.app/Contents/tools/hvigor/hvigor/src/base/boot/index.js
- /Applications/DevEco-Studio.app/Contents/tools/hvigor/hvigor/src/base/daemon/cluster/worker-process-lifecycle.js
- /Applications/DevEco-Studio.app/Contents/tools/hvigor/hvigor/src/base/daemon/process/daemon-process-boot-script.js
[2026-05-08T11:07:50.297] [DEBUG] debug-file - Start initialize module-target build option map, moduleName=entry, buildMode=debug
[2026-05-08T11:07:50.298] [DEBUG] debug-file - Target 'default' config initialized
[2026-05-08T11:07:50.298] [DEBUG] debug-file - Module 'entry' target 'default' build option initialized
[2026-05-08T11:07:50.298] [DEBUG] debug-file - End initialize module-target build option map, moduleName=entry
[2026-05-08T11:07:50.298] [DEBUG] debug-file - Start initialize module-target build option map, moduleName=entry, buildMode=release
[2026-05-08T11:07:50.298] [DEBUG] debug-file - Target 'default' config initialized
[2026-05-08T11:07:50.299] [DEBUG] debug-file - Module 'entry' target 'default' build option initialized
[2026-05-08T11:07:50.299] [DEBUG] debug-file - End initialize module-target build option map, moduleName=entry
[2026-05-08T11:07:50.299] [DEBUG] debug-file - Start initialize module-target build option map, moduleName=entry, buildMode=debug
[2026-05-08T11:07:50.300] [DEBUG] debug-file - Target 'default' config initialized
[2026-05-08T11:07:50.300] [DEBUG] debug-file - Module 'entry' target 'default' build option initialized
[2026-05-08T11:07:50.300] [DEBUG] debug-file - End initialize module-target build option map, moduleName=entry
[2026-05-08T11:07:50.301] [DEBUG] debug-file - Obtain build option for module 'entry' target 'default'in this build.
[2026-05-08T11:07:50.311] [DEBUG] debug-file - Module entry task initialization takes 9 ms 
[2026-05-08T11:07:50.311] [DEBUG] debug-file - Hap plugin register hook start...
[2026-05-08T11:07:50.311] [DEBUG] debug-file - Hap plugin register hook end...
[2026-05-08T11:07:50.312] [DEBUG] debug-file - Plugin build process completed
[2026-05-08T11:07:50.312] [DEBUG] debug-file - hvigorfile, resolve finished /Users/jordanzt/Work/Projects/opencalc-harmonyos/harmonyos/entry/hvigorfile.ts
[2026-05-08T11:07:50.473] [DEBUG] debug-file - hvigorfile, resolve hvigorfile dependencies in 161 ms 
[2026-05-08T11:07:50.474] [DEBUG] debug-file - project has submodules:entry
[2026-05-08T11:07:50.479] [DEBUG] debug-file - start to load updatedOhPackageInfo to the disk
[2026-05-08T11:07:50.485] [DEBUG] debug-file - load to the disk finished
[2026-05-08T11:07:50.486] [DEBUG] debug-file - Start to initialize dependency information.
[2026-05-08T11:07:50.491] [DEBUG] debug-file - Module harmonyos Collected Dependency: 
[2026-05-08T11:07:50.491] [DEBUG] debug-file - Module harmonyos's total dependency: 0
[2026-05-08T11:07:50.494] [DEBUG] debug-file - Start to initialize dependency information.
[2026-05-08T11:07:50.496] [DEBUG] debug-file - Module entry Collected Dependency: 
[2026-05-08T11:07:50.496] [DEBUG] debug-file - Module entry's total dependency: 0
[2026-05-08T11:07:50.502] [DEBUG] debug-file - Configuration phase cost:3 s 886 ms 
[2026-05-08T11:07:50.507] [DEBUG] debug-file - Configuration task cost before running: 3 s 905 ms 
[2026-05-08T11:07:50.508] [DEBUG] debug-file - Executing task :entry:clean
[2026-05-08T11:07:50.508] [DEBUG] debug-file - clean: Worker pool is inactive.
[2026-05-08T11:07:50.509] [DEBUG] debug-file - entry : clean cost memory 0.0839080810546875
[2026-05-08T11:07:50.510] [DEBUG] debug-file - runTaskFromQueue task cost before running: 3 s 908 ms 
[2026-05-08T11:07:50.510] [INFO] debug-file - Finished :entry:clean... after 3 ms 
[2026-05-08T11:07:50.519] [DEBUG] debug-file - Executing task :entry:default@PreBuild
[2026-05-08T11:07:50.525] [DEBUG] debug-file - Task 'entry:default@PreBuild' cost while wrapping incremental declarations: 2 ms 
[2026-05-08T11:07:50.786] [DEBUG] debug-file - current product is not Atomic service.
[2026-05-08T11:07:50.786] [DEBUG] debug-file - Use tool [darwin: JAVA_HOME, CLASSPATH]
 [
  {
    JAVA_HOME: '/Applications/DevEco-Studio.app/Contents/jbr/Contents/Home'
  },
  { CLASSPATH: undefined }
]
[2026-05-08T11:07:50.787] [DEBUG] debug-file - Use tool [darwin: NODE_HOME]
 [ { NODE_HOME: undefined } ]
[2026-05-08T11:07:50.788] [DEBUG] debug-file - entry : default@PreBuild cost memory 3.8075027465820312
[2026-05-08T11:07:50.788] [DEBUG] debug-file - runTaskFromQueue task cost before running: 4 s 187 ms 
[2026-05-08T11:07:50.790] [INFO] debug-file - Finished :entry:default@PreBuild... after 270 ms 
[2026-05-08T11:07:50.791] [DEBUG] debug-file - Executing task :entry:default@CreateModuleInfo
[2026-05-08T11:07:50.792] [DEBUG] debug-file - Task 'entry:default@CreateModuleInfo' cost while wrapping incremental declarations: 1 ms 
[2026-05-08T11:07:50.792] [DEBUG] debug-file - entry : default@CreateModuleInfo cost memory 0.04015350341796875
[2026-05-08T11:07:50.792] [DEBUG] debug-file - runTaskFromQueue task cost before running: 4 s 190 ms 
[2026-05-08T11:07:50.792] [INFO] debug-file - Finished :entry:default@CreateModuleInfo... after 2 ms 
[2026-05-08T11:07:50.794] [DEBUG] debug-file - Executing task :entry:default@GenerateMetadata
[2026-05-08T11:07:50.795] [DEBUG] debug-file - Task 'entry:default@GenerateMetadata' cost while wrapping incremental declarations: 1 ms 
[2026-05-08T11:07:50.797] [DEBUG] debug-file - entry : default@GenerateMetadata cost memory 0.0579376220703125
[2026-05-08T11:07:50.797] [DEBUG] debug-file - runTaskFromQueue task cost before running: 4 s 195 ms 
[2026-05-08T11:07:50.797] [INFO] debug-file - Finished :entry:default@GenerateMetadata... after 3 ms 
[2026-05-08T11:07:50.799] [DEBUG] debug-file - Executing task :entry:default@ConfigureCmake
[2026-05-08T11:07:50.799] [DEBUG] debug-file - entry : default@ConfigureCmake cost memory 0.01458740234375
[2026-05-08T11:07:50.799] [DEBUG] debug-file - runTaskFromQueue task cost before running: 4 s 197 ms 
[2026-05-08T11:07:50.799] [INFO] debug-file - Finished :entry:default@ConfigureCmake... after 1 ms 
[2026-05-08T11:07:50.801] [DEBUG] debug-file - Executing task :entry:default@MergeProfile
[2026-05-08T11:07:50.801] [DEBUG] debug-file - Task 'entry:default@MergeProfile' cost while wrapping incremental declarations: 1 ms 
[2026-05-08T11:07:50.803] [DEBUG] debug-file - Change app api release type with 'Release'
[2026-05-08T11:07:50.803] [DEBUG] debug-file - Change app compile API version with '6.1.0.105'
[2026-05-08T11:07:50.803] [DEBUG] debug-file - Change app target API version with '50000012'
[2026-05-08T11:07:50.803] [DEBUG] debug-file - Change app minimum API version with '50000012'
[2026-05-08T11:07:50.803] [DEBUG] debug-file - Use cli appEnvironment
[2026-05-08T11:07:50.805] [DEBUG] debug-file - entry : default@MergeProfile cost memory 0.13604736328125
[2026-05-08T11:07:50.805] [DEBUG] debug-file - runTaskFromQueue task cost before running: 4 s 203 ms 
[2026-05-08T11:07:50.805] [INFO] debug-file - Finished :entry:default@MergeProfile... after 5 ms 
[2026-05-08T11:07:50.808] [DEBUG] debug-file - Executing task :entry:default@CreateBuildProfile
[2026-05-08T11:07:50.809] [DEBUG] debug-file - Task 'entry:default@CreateBuildProfile' cost while wrapping incremental declarations: 1 ms 
[2026-05-08T11:07:50.811] [DEBUG] debug-file - entry : default@CreateBuildProfile cost memory 0.06591033935546875
[2026-05-08T11:07:50.811] [DEBUG] debug-file - runTaskFromQueue task cost before running: 4 s 209 ms 
[2026-05-08T11:07:50.812] [INFO] debug-file - Finished :entry:default@CreateBuildProfile... after 3 ms 
[2026-05-08T11:07:50.815] [DEBUG] debug-file - Executing task :entry:default@PreCheckSyscap
[2026-05-08T11:07:50.815] [DEBUG] debug-file - entry : default@PreCheckSyscap cost memory 0.0147705078125
[2026-05-08T11:07:50.815] [DEBUG] debug-file - runTaskFromQueue task cost before running: 4 s 213 ms 
[2026-05-08T11:07:50.816] [INFO] debug-file - Finished :entry:default@PreCheckSyscap... after 1 ms 
[2026-05-08T11:07:50.819] [DEBUG] debug-file - Executing task :entry:default@GeneratePkgContextInfo
[2026-05-08T11:07:50.832] [DEBUG] debug-file - Task 'entry:default@GeneratePkgContextInfo' cost while wrapping incremental declarations: 1 ms 
[2026-05-08T11:07:50.833] [DEBUG] debug-file - entry : default@GeneratePkgContextInfo cost memory 0.49393463134765625
[2026-05-08T11:07:50.833] [DEBUG] debug-file - runTaskFromQueue task cost before running: 4 s 231 ms 
[2026-05-08T11:07:50.833] [INFO] debug-file - Finished :entry:default@GeneratePkgContextInfo... after 15 ms 
[2026-05-08T11:07:50.835] [DEBUG] debug-file - Executing task :entry:default@GeneratePkgSdkInfo
[2026-05-08T11:07:50.837] [DEBUG] debug-file - Task 'entry:default@GeneratePkgSdkInfo' cost while wrapping incremental declarations: 1 ms 
[2026-05-08T11:07:50.838] [DEBUG] debug-file - entry : default@GeneratePkgSdkInfo cost memory 0.15061187744140625
[2026-05-08T11:07:50.838] [DEBUG] debug-file - runTaskFromQueue task cost before running: 4 s 236 ms 
[2026-05-08T11:07:50.838] [INFO] debug-file - Finished :entry:default@GeneratePkgSdkInfo... after 3 ms 
[2026-05-08T11:07:50.843] [DEBUG] debug-file - Executing task :entry:default@ProcessIntegratedHsp
[2026-05-08T11:07:50.843] [DEBUG] debug-file - entry : default@ProcessIntegratedHsp cost memory 0.03067779541015625
[2026-05-08T11:07:50.844] [DEBUG] debug-file - runTaskFromQueue task cost before running: 4 s 242 ms 
[2026-05-08T11:07:50.844] [INFO] debug-file - Finished :entry:default@ProcessIntegratedHsp... after 1 ms 
[2026-05-08T11:07:50.846] [DEBUG] debug-file - Executing task :entry:default@BuildNativeWithCmake
[2026-05-08T11:07:50.846] [DEBUG] debug-file - entry : default@BuildNativeWithCmake cost memory 0.0152587890625
[2026-05-08T11:07:50.846] [DEBUG] debug-file - runTaskFromQueue task cost before running: 4 s 244 ms 
[2026-05-08T11:07:50.846] [INFO] debug-file - Finished :entry:default@BuildNativeWithCmake... after 1 ms 
[2026-05-08T11:07:50.847] [DEBUG] debug-file - Executing task :entry:default@MakePackInfo
[2026-05-08T11:07:50.850] [DEBUG] debug-file - Module Pack Info:  {
  summary: {
    app: { bundleName: 'c***r', bundleType: 'app', version: [Object] },
    modules: [ [Object] ]
  },
  packages: [
    {
      deviceType: [Array],
      moduleType: 'entry',
      deliveryWithInstall: true,
      name: 'entry-default'
    }
  ]
}
[2026-05-08T11:07:50.851] [DEBUG] debug-file - entry : default@MakePackInfo cost memory 0.0981903076171875
[2026-05-08T11:07:50.851] [DEBUG] debug-file - runTaskFromQueue task cost before running: 4 s 249 ms 
[2026-05-08T11:07:50.851] [INFO] debug-file - Finished :entry:default@MakePackInfo... after 4 ms 
[2026-05-08T11:07:50.853] [DEBUG] debug-file - Executing task :entry:default@SyscapTransform
[2026-05-08T11:07:50.853] [DEBUG] debug-file - File: '/Users/jordanzt/Work/Projects/opencalc-harmonyos/harmonyos/entry/src/main/syscap.json' from 'sysCapJsonPath' is not exists, just ignore.
[2026-05-08T11:07:50.855] [DEBUG] debug-file - Task 'entry:default@SyscapTransform' cost while wrapping incremental declarations: 2 ms 
[2026-05-08T11:07:50.855] [DEBUG] debug-file - entry : default@SyscapTransform cost memory 0.05301666259765625
[2026-05-08T11:07:50.855] [DEBUG] debug-file - runTaskFromQueue task cost before running: 4 s 254 ms 
[2026-05-08T11:07:50.856] [INFO] debug-file - Finished :entry:default@SyscapTransform... after 3 ms 
[2026-05-08T11:07:50.861] [DEBUG] debug-file - Executing task :entry:default@ProcessProfile
[2026-05-08T11:07:50.863] [DEBUG] debug-file - Task 'entry:default@ProcessProfile' cost while wrapping incremental declarations: 1 ms 
[2026-05-08T11:07:50.868] [DEBUG] debug-file - [
  '/Applications/DevEco-Studio.app/Contents/tools/node/bin/node',
  '/Applications/DevEco-Studio.app/Contents/sdk/default/openharmony/ets/build-tools/ets-loader/bin/ark/ts2abc.js',
  '--target-api-version',
  '12',
  '--target-api-sub-version',
  'beta1'
]
[2026-05-08T11:07:51.082] [DEBUG] debug-file - 12.0.2.0
[2026-05-08T11:07:51.084] [DEBUG] debug-file - No need to add fake ui ability because of not in preview process.
[2026-05-08T11:07:51.085] [DEBUG] debug-file - entry : default@ProcessProfile cost memory 0.26491546630859375
[2026-05-08T11:07:51.085] [DEBUG] debug-file - runTaskFromQueue task cost before running: 4 s 483 ms 
[2026-05-08T11:07:51.085] [INFO] debug-file - Finished :entry:default@ProcessProfile... after 225 ms 
[2026-05-08T11:07:51.087] [DEBUG] debug-file - Executing task :entry:default@ProcessRouterMap
[2026-05-08T11:07:51.091] [DEBUG] debug-file - entry : default@ProcessRouterMap cost memory 0.0708770751953125
[2026-05-08T11:07:51.092] [DEBUG] debug-file - runTaskFromQueue task cost before running: 4 s 490 ms 
[2026-05-08T11:07:51.093] [INFO] debug-file - Finished :entry:default@ProcessRouterMap... after 5 ms 
[2026-05-08T11:07:51.095] [DEBUG] debug-file - Executing task :entry:default@ProcessShareConfig
[2026-05-08T11:07:51.099] [DEBUG] debug-file - entry : default@ProcessShareConfig cost memory 0.05796051025390625
[2026-05-08T11:07:51.099] [DEBUG] debug-file - runTaskFromQueue task cost before running: 4 s 497 ms 
[2026-05-08T11:07:51.099] [INFO] debug-file - Finished :entry:default@ProcessShareConfig... after 4 ms 
[2026-05-08T11:07:51.101] [DEBUG] debug-file - Executing task :entry:default@ProcessStartupConfig
[2026-05-08T11:07:51.102] [DEBUG] debug-file - Task 'entry:default@ProcessStartupConfig' cost while wrapping incremental declarations: 1 ms 
[2026-05-08T11:07:51.104] [DEBUG] debug-file - entry : default@ProcessStartupConfig cost memory 0.05837249755859375
[2026-05-08T11:07:51.105] [DEBUG] debug-file - runTaskFromQueue task cost before running: 4 s 503 ms 
[2026-05-08T11:07:51.105] [INFO] debug-file - Finished :entry:default@ProcessStartupConfig... after 4 ms 
[2026-05-08T11:07:51.106] [DEBUG] debug-file - Executing task :entry:default@BuildNativeWithNinja
[2026-05-08T11:07:51.107] [DEBUG] debug-file - entry : default@BuildNativeWithNinja cost memory 0.0250091552734375
[2026-05-08T11:07:51.107] [DEBUG] debug-file - runTaskFromQueue task cost before running: 4 s 505 ms 
[2026-05-08T11:07:51.108] [INFO] debug-file - Finished :entry:default@BuildNativeWithNinja... after 2 ms 
[2026-05-08T11:07:51.110] [DEBUG] debug-file - restool module names: entry; moduleName=entry, taskName=default@ProcessResource
[2026-05-08T11:07:51.115] [DEBUG] debug-file - Executing task :entry:default@ProcessResource
[2026-05-08T11:07:51.115] [DEBUG] debug-file - Task 'entry:default@ProcessResource' cost while wrapping incremental declarations: 1 ms 
[2026-05-08T11:07:51.118] [DEBUG] debug-file - entry : default@ProcessResource cost memory 0.1156463623046875
[2026-05-08T11:07:51.118] [DEBUG] debug-file - runTaskFromQueue task cost before running: 4 s 516 ms 
[2026-05-08T11:07:51.119] [INFO] debug-file - Finished :entry:default@ProcessResource... after 5 ms 
[2026-05-08T11:07:51.121] [DEBUG] debug-file - Executing task :entry:default@GenerateLoaderJson
[2026-05-08T11:07:51.122] [DEBUG] debug-file - Task 'entry:default@GenerateLoaderJson' cost while wrapping incremental declarations: 1 ms 
[2026-05-08T11:07:51.129] [DEBUG] debug-file - entry : default@GenerateLoaderJson cost memory 0.25827789306640625
[2026-05-08T11:07:51.129] [DEBUG] debug-file - runTaskFromQueue task cost before running: 4 s 528 ms 
[2026-05-08T11:07:51.132] [INFO] debug-file - Finished :entry:default@GenerateLoaderJson... after 9 ms 
[2026-05-08T11:07:51.134] [DEBUG] debug-file - Executing task :entry:default@ProcessLibs
[2026-05-08T11:07:51.144] [DEBUG] debug-file - Worker dispatch failed, running processLibs on main thread.
[2026-05-08T11:07:51.145] [DEBUG] debug-file - entry : default@ProcessLibs cost memory 0.5304107666015625
[2026-05-08T11:07:51.145] [DEBUG] debug-file - runTaskFromQueue task cost before running: 4 s 544 ms 
[2026-05-08T11:07:51.146] [INFO] debug-file - Finished :entry:default@ProcessLibs... after 12 ms 
[2026-05-08T11:07:51.147] [DEBUG] debug-file - restool module names: entry; moduleName=entry, taskName=default@CompileResource
[2026-05-08T11:07:51.148] [DEBUG] debug-file - Executing task :entry:default@CompileResource
[2026-05-08T11:07:51.419] [DEBUG] debug-file - Use tool [/Applications/DevEco-Studio.app/Contents/sdk/default/openharmony/toolchains/restool]
 [
  '/Applications/DevEco-Studio.app/Contents/sdk/default/openharmony/toolchains/restool',
  '-l',
  '/Users/jordanzt/Work/Projects/opencalc-harmonyos/harmonyos/entry/build/default/intermediates/res/default/resConfig.json'
]
[2026-05-08T11:07:51.421] [DEBUG] debug-file - current process  memoryUsage: {
  rss: 252231680,
  heapTotal: 167825408,
  heapUsed: 142072584,
  external: 3331803,
  arrayBuffers: 1441157
} os memoryUsage :7.966922760009766
[2026-05-08T11:07:51.517] [DEBUG] debug-file - Info: Pack: normal pack mode

[2026-05-08T11:07:51.817] [DEBUG] debug-file - Info: hardware concurrency count is : 4
Info: thread count is : 4

[2026-05-08T11:07:51.817] [DEBUG] debug-file - Info: thread pool is started

[2026-05-08T11:07:51.821] [DEBUG] debug-file - Info: GenericCompiler::CompileFiles

[2026-05-08T11:07:51.821] [DEBUG] debug-file - Info: GenericCompiler::CompileFiles

[2026-05-08T11:07:51.824] [DEBUG] debug-file - Info: thread pool is stopped

[2026-05-08T11:07:51.831] [DEBUG] debug-file - ERROR: command = /Applications/DevEco-Studio.app/Contents/sdk/default/openharmony/toolchains/restool -l /Users/jordanzt/Work/Projects/opencalc-harmonyos/harmonyos/entry/build/default/intermediates/res/default/resConfig.json
[2026-05-08T11:07:51.831] [ERROR] debug-file - Failed :entry:default@CompileResource... 
[2026-05-08T11:07:51.832] [DEBUG] debug-file - hvigor build process will be closed with an error.
[2026-05-08T11:07:51.837] [DEBUG] debug-file - ERROR: stacktrace = Error: Tools execution failed.
Error Code: 11211120
Error: Resource Pack Error
Error Message: The resource reference '$media:app_icon' is not defined. At file: /Users/jordanzt/Work/Projects/opencalc-harmonyos/harmonyos/entry/build/default/intermediates/process_profile/default/module.json
* Try the following:
  > Check whether the hvigorfile.ts in the project root directory or the module.json5 file in the module directory references undefined resources.
  > Check whether this resource is defined anywhere.
  > More info: https://developer.huawei.com/consumer/cn/doc/harmonyos-guides/restool
	 Detail: Please check the message from tools.
    at OhosLogger.errorMessageExit (/Applications/DevEco-Studio.app/Contents/tools/hvigor/hvigor/src/base/log/hvigor-log.js:1:3497)
    at OhosLogger._printErrorAndExit (/Applications/DevEco-Studio.app/Contents/tools/hvigor/hvigor-ohos-plugin/src/utils/log/ohos-logger.js:1:2024)
    at ProcessUtils.handleException (/Applications/DevEco-Studio.app/Contents/tools/hvigor/hvigor-ohos-plugin/src/utils/process-utils.js:1:5247)
    at ProcessUtils.execute (/Applications/DevEco-Studio.app/Contents/tools/hvigor/hvigor-ohos-plugin/src/utils/process-utils.js:1:3547)
    at process.processTicksAndRejections (node:internal/process/task_queues:95:5)
    at async CompileResource.executeCommand (/Applications/DevEco-Studio.app/Contents/tools/hvigor/hvigor-ohos-plugin/src/tasks/abstract/abstract-compile-resource.js:1:3537)
    at async CompileResource.invokeRestool (/Applications/DevEco-Studio.app/Contents/tools/hvigor/hvigor-ohos-plugin/src/tasks/compile-resource.js:1:4235)
    at async CompileResource.compilationProcess (/Applications/DevEco-Studio.app/Contents/tools/hvigor/hvigor-ohos-plugin/src/tasks/abstract/abstract-compile-resource.js:1:2832)
    at async Promise.all (index 0)
    at async CompileResource.doTaskAction (/Applications/DevEco-Studio.app/Contents/tools/hvigor/hvigor-ohos-plugin/src/tasks/compile-resource.js:1:3859)
[2026-05-08T11:07:51.837] [ERROR] debug-file - Error: Tools execution failed.
Error Code: 11211120
Error: Resource Pack Error
Error Message: The resource reference '$media:app_icon' is not defined. At file: /Users/jordanzt/Work/Projects/opencalc-harmonyos/harmonyos/entry/build/default/intermediates/process_profile/default/module.json
* Try the following:
  > Check whether the hvigorfile.ts in the project root directory or the module.json5 file in the module directory references undefined resources.
  > Check whether this resource is defined anywhere.
  > More info: https://developer.huawei.com/consumer/cn/doc/harmonyos-guides/restool
	 Detail: Please check the message from tools.
    at OhosLogger.errorMessageExit (/Applications/DevEco-Studio.app/Contents/tools/hvigor/hvigor/src/base/log/hvigor-log.js:1:3497)
    at OhosLogger._printErrorAndExit (/Applications/DevEco-Studio.app/Contents/tools/hvigor/hvigor-ohos-plugin/src/utils/log/ohos-logger.js:1:2024)
    at ProcessUtils.handleException (/Applications/DevEco-Studio.app/Contents/tools/hvigor/hvigor-ohos-plugin/src/utils/process-utils.js:1:5247)
    at ProcessUtils.execute (/Applications/DevEco-Studio.app/Contents/tools/hvigor/hvigor-ohos-plugin/src/utils/process-utils.js:1:3547)
    at process.processTicksAndRejections (node:internal/process/task_queues:95:5)
    at async CompileResource.executeCommand (/Applications/DevEco-Studio.app/Contents/tools/hvigor/hvigor-ohos-plugin/src/tasks/abstract/abstract-compile-resource.js:1:3537)
    at async CompileResource.invokeRestool (/Applications/DevEco-Studio.app/Contents/tools/hvigor/hvigor-ohos-plugin/src/tasks/compile-resource.js:1:4235)
    at async CompileResource.compilationProcess (/Applications/DevEco-Studio.app/Contents/tools/hvigor/hvigor-ohos-plugin/src/tasks/abstract/abstract-compile-resource.js:1:2832)
    at async Promise.all (index 0)
    at async CompileResource.doTaskAction (/Applications/DevEco-Studio.app/Contents/tools/hvigor/hvigor-ohos-plugin/src/tasks/compile-resource.js:1:3859)
[2026-05-08T11:07:51.839] [ERROR] debug-file - BUILD FAILED in 5 s 236 ms 
[2026-05-08T11:07:51.840] [DEBUG] debug-file - Update task entry:default@PreBuild input file:/Users/jordanzt/Work/Projects/opencalc-harmonyos/harmonyos/AppScope/app.json5 cache by regenerate.
[2026-05-08T11:07:51.841] [DEBUG] debug-file - Update task entry:default@PreBuild input file:/Users/jordanzt/Work/Projects/opencalc-harmonyos/harmonyos/entry/src/main/module.json5 cache by regenerate.
[2026-05-08T11:07:51.841] [DEBUG] debug-file - Update task entry:default@PreBuild input file:/Users/jordanzt/Work/Projects/opencalc-harmonyos/harmonyos/build-profile.json5 cache by regenerate.
[2026-05-08T11:07:51.841] [DEBUG] debug-file - Update task entry:default@PreBuild input file:/Users/jordanzt/Work/Projects/opencalc-harmonyos/harmonyos/entry/build-profile.json5 cache by regenerate.
[2026-05-08T11:07:51.841] [DEBUG] debug-file - Update task entry:default@PreBuild input file:/Users/jordanzt/Work/Projects/opencalc-harmonyos/harmonyos/entry/src/main/resources/base/profile/main_pages.json cache by regenerate.
[2026-05-08T11:07:51.842] [DEBUG] debug-file - Update task entry:default@PreBuild input file:/Users/jordanzt/Work/Projects/opencalc-harmonyos/harmonyos/hvigor/hvigor-config.json5 cache by regenerate.
[2026-05-08T11:07:51.842] [DEBUG] debug-file - Update task entry:default@PreBuild input file:/Users/jordanzt/Work/Projects/opencalc-harmonyos/harmonyos/entry/oh-package.json5 cache by regenerate.
[2026-05-08T11:07:51.842] [DEBUG] debug-file - Update task entry:default@PreBuild input file:/Users/jordanzt/Work/Projects/opencalc-harmonyos/harmonyos/oh-package.json5 cache by regenerate.
[2026-05-08T11:07:51.842] [DEBUG] debug-file - Incremental task entry:default@PreBuild post-execution cost:3 ms .
[2026-05-08T11:07:51.842] [DEBUG] debug-file - Update task entry:default@CreateModuleInfo output file:/Users/jordanzt/Work/Projects/opencalc-harmonyos/harmonyos/entry/build/default/generated/profile/default/ModuleInfo.ts cache.
[2026-05-08T11:07:51.843] [DEBUG] debug-file - Incremental task entry:default@CreateModuleInfo post-execution cost:1 ms .
[2026-05-08T11:07:51.843] [DEBUG] debug-file - Update task entry:default@GenerateMetadata input file:/Users/jordanzt/Work/Projects/opencalc-harmonyos/harmonyos/entry/src/main/module.json5 cache by regenerate.
[2026-05-08T11:07:51.843] [DEBUG] debug-file - Update task entry:default@GenerateMetadata output file:/Users/jordanzt/Work/Projects/opencalc-harmonyos/harmonyos/entry/build/default/intermediates/hap_metadata/default/output_metadata.json cache.
[2026-05-08T11:07:51.843] [DEBUG] debug-file - Incremental task entry:default@GenerateMetadata post-execution cost:1 ms .
[2026-05-08T11:07:51.844] [DEBUG] debug-file - Update task entry:default@MergeProfile input file:/Users/jordanzt/Work/Projects/opencalc-harmonyos/harmonyos/AppScope/app.json5 cache by regenerate.
[2026-05-08T11:07:51.844] [DEBUG] debug-file - Update task entry:default@MergeProfile input file:/Users/jordanzt/Work/Projects/opencalc-harmonyos/harmonyos/build-profile.json5 cache by regenerate.
[2026-05-08T11:07:51.844] [DEBUG] debug-file - Update task entry:default@MergeProfile input file:/Users/jordanzt/Work/Projects/opencalc-harmonyos/harmonyos/entry/src/main/module.json5 cache by regenerate.
[2026-05-08T11:07:51.844] [DEBUG] debug-file - Update task entry:default@MergeProfile output file:/Users/jordanzt/Work/Projects/opencalc-harmonyos/harmonyos/entry/build/default/intermediates/merge_profile/default/module.json cache.
[2026-05-08T11:07:51.845] [DEBUG] debug-file - Incremental task entry:default@MergeProfile post-execution cost:2 ms .
[2026-05-08T11:07:51.845] [DEBUG] debug-file - Update task entry:default@CreateBuildProfile input file:/Users/jordanzt/Work/Projects/opencalc-harmonyos/harmonyos/AppScope/app.json5 cache by regenerate.
[2026-05-08T11:07:51.845] [DEBUG] debug-file - Update task entry:default@CreateBuildProfile input file:/Users/jordanzt/Work/Projects/opencalc-harmonyos/harmonyos/build-profile.json5 cache by regenerate.
[2026-05-08T11:07:51.845] [DEBUG] debug-file - Update task entry:default@CreateBuildProfile output file:/Users/jordanzt/Work/Projects/opencalc-harmonyos/harmonyos/entry/build/default/generated/profile/default/BuildProfile.ets cache.
[2026-05-08T11:07:51.845] [DEBUG] debug-file - Incremental task entry:default@CreateBuildProfile post-execution cost:1 ms .
[2026-05-08T11:07:51.845] [DEBUG] debug-file - Update task entry:default@GeneratePkgContextInfo output file:/Users/jordanzt/Work/Projects/opencalc-harmonyos/harmonyos/entry/build/default/intermediates/loader/default/pkgContextInfo.json cache.
[2026-05-08T11:07:51.846] [DEBUG] debug-file - Incremental task entry:default@GeneratePkgContextInfo post-execution cost:1 ms .
[2026-05-08T11:07:51.846] [DEBUG] debug-file - Update task entry:default@GeneratePkgSdkInfo output file:/Users/jordanzt/Work/Projects/opencalc-harmonyos/harmonyos/entry/build/default/intermediates/loader/default/pkgSdkInfo.json cache.
[2026-05-08T11:07:51.846] [DEBUG] debug-file - Incremental task entry:default@GeneratePkgSdkInfo post-execution cost:1 ms .
[2026-05-08T11:07:51.846] [DEBUG] debug-file - Update task entry:default@ProcessIntegratedHsp output file:/Users/jordanzt/Work/Projects/opencalc-harmonyos/harmonyos/build/cache/default/integrated_hsp/integratedHspCache.json cache.
[2026-05-08T11:07:51.846] [DEBUG] debug-file - Incremental task entry:default@ProcessIntegratedHsp post-execution cost:1 ms .
[2026-05-08T11:07:51.846] [DEBUG] debug-file - Update task entry:default@MakePackInfo input file:/Users/jordanzt/Work/Projects/opencalc-harmonyos/harmonyos/AppScope/app.json5 cache by regenerate.
[2026-05-08T11:07:51.846] [DEBUG] debug-file - Update task entry:default@MakePackInfo input file:/Users/jordanzt/Work/Projects/opencalc-harmonyos/harmonyos/entry/src/main/module.json5 cache by regenerate.
[2026-05-08T11:07:51.846] [DEBUG] debug-file - Update task entry:default@MakePackInfo input file:/Users/jordanzt/Work/Projects/opencalc-harmonyos/harmonyos/build-profile.json5 cache by regenerate.
[2026-05-08T11:07:51.847] [DEBUG] debug-file - Update task entry:default@MakePackInfo output file:/Users/jordanzt/Work/Projects/opencalc-harmonyos/harmonyos/entry/build/default/outputs/default/pack.info cache.
[2026-05-08T11:07:51.847] [DEBUG] debug-file - Incremental task entry:default@MakePackInfo post-execution cost:1 ms .
[2026-05-08T11:07:51.847] [DEBUG] debug-file - Update task entry:default@SyscapTransform input file:/Applications/DevEco-Studio.app/Contents/sdk/default/openharmony/toolchains/syscap_tool cache by regenerate.
[2026-05-08T11:07:51.847] [DEBUG] debug-file - Update task entry:default@SyscapTransform input file:/Applications/DevEco-Studio.app/Contents/sdk/default/openharmony/ets/api/device-define cache by regenerate.
[2026-05-08T11:07:51.899] [DEBUG] debug-file - Update task entry:default@SyscapTransform output file:/Users/jordanzt/Work/Projects/opencalc-harmonyos/harmonyos/entry/build/default/intermediates/syscap/default/rpcid.sc cache.
[2026-05-08T11:07:51.900] [DEBUG] debug-file - Incremental task entry:default@SyscapTransform post-execution cost:53 ms .
[2026-05-08T11:07:51.900] [DEBUG] debug-file - Update task entry:default@ProcessProfile input file:/Users/jordanzt/Work/Projects/opencalc-harmonyos/harmonyos/entry/build/default/intermediates/merge_profile/default/module.json cache by regenerate.
[2026-05-08T11:07:51.900] [DEBUG] debug-file - Update task entry:default@ProcessProfile output file:/Users/jordanzt/Work/Projects/opencalc-harmonyos/harmonyos/entry/build/default/intermediates/process_profile/default/module.json cache.
[2026-05-08T11:07:51.901] [DEBUG] debug-file - Incremental task entry:default@ProcessProfile post-execution cost:1 ms .
[2026-05-08T11:07:51.901] [DEBUG] debug-file - Update task entry:default@ProcessRouterMap input file:/Users/jordanzt/Work/Projects/opencalc-harmonyos/harmonyos/entry/oh-package.json5 cache by regenerate.
[2026-05-08T11:07:51.901] [DEBUG] debug-file - Update task entry:default@ProcessRouterMap input file:/Users/jordanzt/Work/Projects/opencalc-harmonyos/harmonyos/oh-package.json5 cache by regenerate.
[2026-05-08T11:07:51.902] [DEBUG] debug-file - Update task entry:default@ProcessRouterMap input file:/Users/jordanzt/Work/Projects/opencalc-harmonyos/harmonyos/entry/src/main/module.json5 cache by regenerate.
[2026-05-08T11:07:51.902] [DEBUG] debug-file - Update task entry:default@ProcessRouterMap output file:/Users/jordanzt/Work/Projects/opencalc-harmonyos/harmonyos/entry/build/default/intermediates/router_map/default/temp-router-map.json cache.
[2026-05-08T11:07:51.902] [DEBUG] debug-file - Update task entry:default@ProcessRouterMap output file:/Users/jordanzt/Work/Projects/opencalc-harmonyos/harmonyos/entry/build/default/intermediates/router_map/default/loader-router-map.json cache.
[2026-05-08T11:07:51.902] [DEBUG] debug-file - Incremental task entry:default@ProcessRouterMap post-execution cost:2 ms .
[2026-05-08T11:07:51.903] [DEBUG] debug-file - Update task entry:default@ProcessShareConfig input file:/Users/jordanzt/Work/Projects/opencalc-harmonyos/harmonyos/entry/oh-package.json5 cache by regenerate.
[2026-05-08T11:07:51.903] [DEBUG] debug-file - Update task entry:default@ProcessShareConfig input file:/Users/jordanzt/Work/Projects/opencalc-harmonyos/harmonyos/oh-package.json5 cache by regenerate.
[2026-05-08T11:07:51.903] [DEBUG] debug-file - Update task entry:default@ProcessShareConfig input file:/Users/jordanzt/Work/Projects/opencalc-harmonyos/harmonyos/entry/src/main/module.json5 cache by regenerate.
[2026-05-08T11:07:51.903] [DEBUG] debug-file - Update task entry:default@ProcessShareConfig output file:/Users/jordanzt/Work/Projects/opencalc-harmonyos/harmonyos/entry/build/default/intermediates/share_config/default/temp-share-config.json cache.
[2026-05-08T11:07:51.903] [DEBUG] debug-file - Incremental task entry:default@ProcessShareConfig post-execution cost:2 ms .
[2026-05-08T11:07:51.904] [DEBUG] debug-file - Update task entry:default@ProcessStartupConfig output file:/Users/jordanzt/Work/Projects/opencalc-harmonyos/harmonyos/entry/build/default/intermediates/startup/default/startup_config.json cache.
[2026-05-08T11:07:51.904] [DEBUG] debug-file - Incremental task entry:default@ProcessStartupConfig post-execution cost:1 ms .
[2026-05-08T11:07:51.904] [DEBUG] debug-file - Update task entry:default@ProcessResource output file:/Users/jordanzt/Work/Projects/opencalc-harmonyos/harmonyos/entry/build/default/intermediates/res/default/resConfig.json cache.
[2026-05-08T11:07:51.904] [DEBUG] debug-file - Update task entry:default@ProcessResource output file:/Users/jordanzt/Work/Projects/opencalc-harmonyos/harmonyos/entry/build/default/intermediates/res/default/opt-compression.json cache.
[2026-05-08T11:07:51.904] [DEBUG] debug-file - Incremental task entry:default@ProcessResource post-execution cost:1 ms .
[2026-05-08T11:07:51.905] [DEBUG] debug-file - Update task entry:default@GenerateLoaderJson input file:/Users/jordanzt/Work/Projects/opencalc-harmonyos/harmonyos/entry/build/default/intermediates/router_map/default/temp-router-map.json cache by regenerate.
[2026-05-08T11:07:51.905] [DEBUG] debug-file - Update task entry:default@GenerateLoaderJson output file:/Users/jordanzt/Work/Projects/opencalc-harmonyos/harmonyos/entry/build/default/intermediates/loader/default/loader.json cache.
[2026-05-08T11:07:51.905] [DEBUG] debug-file - Incremental task entry:default@GenerateLoaderJson post-execution cost:1 ms .
[2026-05-08T11:07:51.905] [DEBUG] debug-file - Update task entry:default@ProcessLibs input file:/Users/jordanzt/Work/Projects/opencalc-harmonyos/harmonyos/build-profile.json5 cache by regenerate.
[2026-05-08T11:07:51.905] [DEBUG] debug-file - Update task entry:default@ProcessLibs input file:/Users/jordanzt/Work/Projects/opencalc-harmonyos/harmonyos/entry/build-profile.json5 cache by regenerate.
[2026-05-08T11:07:51.905] [DEBUG] debug-file - Update task entry:default@ProcessLibs output file:/Users/jordanzt/Work/Projects/opencalc-harmonyos/harmonyos/entry/build/default/intermediates/libs/default cache.
[2026-05-08T11:07:51.906] [DEBUG] debug-file - Incremental task entry:default@ProcessLibs post-execution cost:1 ms .
[2026-05-08T11:07:51.906] [DEBUG] debug-file - Update task entry:default@CompileResource input file:/Users/jordanzt/Work/Projects/opencalc-harmonyos/harmonyos/entry/src/main/resources cache by regenerate.
[2026-05-08T11:07:51.907] [DEBUG] debug-file - Update task entry:default@CompileResource input file:/Users/jordanzt/Work/Projects/opencalc-harmonyos/harmonyos/entry/build/default/intermediates/process_profile/default/module.json cache by regenerate.
[2026-05-08T11:07:51.908] [DEBUG] debug-file - Update task entry:default@CompileResource input file:/Users/jordanzt/Work/Projects/opencalc-harmonyos/harmonyos/entry/build/default/intermediates/res/default/resConfig.json cache by regenerate.
[2026-05-08T11:07:51.908] [DEBUG] debug-file - Update task entry:default@CompileResource output file:/Users/jordanzt/Work/Projects/opencalc-harmonyos/harmonyos/entry/build/default/intermediates/res/default cache.
[2026-05-08T11:07:51.910] [DEBUG] debug-file - Update task entry:default@CompileResource output file:/Users/jordanzt/Work/Projects/opencalc-harmonyos/harmonyos/entry/build/default/generated/r/default/ResourceTable.h cache.
[2026-05-08T11:07:51.910] [DEBUG] debug-file - Update task entry:default@CompileResource output file:/Users/jordanzt/Work/Projects/opencalc-harmonyos/harmonyos/entry/build/default/generated/r/default/ResourceTable.ts cache.
[2026-05-08T11:07:51.910] [DEBUG] debug-file - Update task entry:default@CompileResource output file:/Users/jordanzt/Work/Projects/opencalc-harmonyos/harmonyos/entry/build/default/generated/r/default cache.
[2026-05-08T11:07:51.910] [DEBUG] debug-file - Incremental task entry:default@CompileResource post-execution cost:5 ms .
[2026-05-08T11:07:51.924] [DEBUG] debug-file - There's no busy workers and idle workers need cleanup.
[2026-05-08T11:07:51.927] [DEBUG] debug-file - hvigor build process will be closed.
[2026-05-08T11:07:51.929] [DEBUG] debug-file - session manager: send message to worker process.
[2026-05-08T11:07:51.930] [DEBUG] debug-file - session manager: send message to worker process.
[2026-05-08T11:07:51.930] [DEBUG] debug-file - watch worker: worker id should be larger than 0. Nothing will be sent to any worker thread.
[2026-05-08T11:07:51.930] [DEBUG] debug-file - watch worker: worker id should be larger than 0. Nothing will be sent to any worker thread.
[2026-05-08T11:08:02.231] [DEBUG] debug-file - env: nodejsVersion=v18.20.1
[2026-05-08T11:08:02.323] [DEBUG] debug-file - env: daemon=true
[2026-05-08T11:08:02.233] [DEBUG] debug-file - env: hvigor-config.json5 content = { modelVersion: '6.1.0', dependencies: {} }
[2026-05-08T11:08:03.273] [WARN] debug-file - "--enable-source-maps" is enabled but has no effect because "stacktrace" is disabled. Please enable "stacktrace" first.
[2026-05-08T11:08:03.520] [DEBUG] debug-file - java daemon tryConnect failed Error: connect ECONNRESET 127.0.0.1:45050
[2026-05-08T11:08:03.534] [DEBUG] debug-file - java daemon started at port 45050 pid 20906
[2026-05-08T11:08:03.583] [DEBUG] debug-file - session manager: set active socket. socketId=b2w7R5JCflTZh5vzAAAB
[2026-05-08T11:08:04.571] [DEBUG] debug-file - watch worker: worker id should be larger than 0. Nothing will be sent to any worker thread.
[2026-05-08T11:08:04.575] [DEBUG] debug-file - Since there is no instance or instance is terminated, create a new worker pool.
[2026-05-08T11:08:04.575] [DEBUG] debug-file - Worker pool is initialized with config:  {
  minPoolNum: 2,
  maxPoolNum: undefined,
  maxCoreSize: undefined,
  cacheCapacity: undefined,
  cacheTtl: undefined
}
[2026-05-08T11:08:04.577] [DEBUG] debug-file - Create  resident worker with id: 0.
[2026-05-08T11:08:04.587] [DEBUG] debug-file - Create  resident worker with id: 1.
[2026-05-08T11:08:04.609] [DEBUG] debug-file - Workers' log level updated to INFO
[2026-05-08T11:08:04.659] [DEBUG] debug-file - Hvigor init with startParameters:{
  hvigorfileTypeCheck: false,
  parallelExecution: true,
  incrementalExecution: true,
  printStackTrace: true,
  daemon: true,
  analyze: 0,
  logLevel: Level { level: 20000, levelStr: 'INFO', colour: 'green' },
  optimizationStrategy: 'memory',
  hotCompile: undefined,
  hotReloadBuild: undefined,
  customizedParam: undefined
}
[2026-05-08T11:08:04.671] [DEBUG] debug-file - Cache service initialization finished in 9 ms 
[2026-05-08T11:08:04.676] [DEBUG] debug-file - hvigorfile, resolving /Users/jordanzt/Work/Projects/opencalc-harmonyos/harmonyos/hvigorfile.ts
[2026-05-08T11:08:07.306] [DEBUG] debug-file - hvigorfile, require result:  {}
[2026-05-08T11:08:07.307] [DEBUG] debug-file - hvigorfile, binding system plugins {}
[2026-05-08T11:08:07.310] [DEBUG] debug-file - Starting plugin build process
[2026-05-08T11:08:07.310] [DEBUG] debug-file - App plugin prepare start...
[2026-05-08T11:08:07.310] [DEBUG] debug-file - App plugin prepare end...
[2026-05-08T11:08:07.310] [DEBUG] debug-file - App plugin creating...
[2026-05-08T11:08:07.724] [DEBUG] debug-file - App plugin register hook start...
[2026-05-08T11:08:07.724] [DEBUG] debug-file - App plugin register hook end...
[2026-05-08T11:08:07.725] [DEBUG] debug-file - Plugin build process completed
[2026-05-08T11:08:07.727] [DEBUG] debug-file - Start initialize project's product build option map with build mode debug.
[2026-05-08T11:08:07.727] [DEBUG] debug-file - Picking option from product 'default' with build mode 'debug'.
[2026-05-08T11:08:07.728] [DEBUG] debug-file - Product 'default' build option initialized
[2026-05-08T11:08:07.728] [DEBUG] debug-file - End initialize project's product build option map with build mode 'debug'.
[2026-05-08T11:08:07.731] [DEBUG] debug-file - Obtain build option for product 'default'in this build.
[2026-05-08T11:08:07.734] [DEBUG] debug-file - No signingConfig found, initRemoteHspCache failed.
[2026-05-08T11:08:07.739] [DEBUG] debug-file - Local scan or download HarmonyOS sdk components toolchains,ets,js,native,previewer
[2026-05-08T11:08:07.744] [DEBUG] debug-file - Local scan or download hmscore sdk components toolchains,ets,native
[2026-05-08T11:08:07.747] [DEBUG] debug-file - Start recording SDK configuration permission data.
[2026-05-08T11:08:07.805] [DEBUG] debug-file - Sdk init in 69 ms 
[2026-05-08T11:08:07.817] [DEBUG] debug-file - Project task initialization takes 10 ms 
[2026-05-08T11:08:07.818] [DEBUG] debug-file - hvigorfile, resolve finished /Users/jordanzt/Work/Projects/opencalc-harmonyos/harmonyos/hvigorfile.ts
[2026-05-08T11:08:07.819] [DEBUG] debug-file - hvigorfile, resolving /Users/jordanzt/Work/Projects/opencalc-harmonyos/harmonyos/entry/hvigorfile.ts
[2026-05-08T11:08:07.826] [DEBUG] debug-file - hvigorfile, require result:  {}
[2026-05-08T11:08:07.826] [DEBUG] debug-file - hvigorfile, binding system plugins {}
[2026-05-08T11:08:07.827] [DEBUG] debug-file - Starting plugin build process
[2026-05-08T11:08:07.827] [DEBUG] debug-file - Hap plugin creating...
[2026-05-08T11:08:07.828] [DEBUG] debug-file - failed to load cangjie to dynamically generate schemas: Error: Cannot find module '@ohos/cangjie-build-support/index'
Require stack:
- /Applications/DevEco-Studio.app/Contents/tools/hvigor/hvigor-ohos-plugin/src/plugin/hooks/cangjie-register.js
- /Applications/DevEco-Studio.app/Contents/tools/hvigor/hvigor-ohos-plugin/src/plugin/strategy/stage-init-strategy.js
- /Applications/DevEco-Studio.app/Contents/tools/hvigor/hvigor-ohos-plugin/src/plugin/builder/abstract-plugin-builder.js
- /Applications/DevEco-Studio.app/Contents/tools/hvigor/hvigor-ohos-plugin/src/plugin/builder/app-plugin-builder.js
- /Applications/DevEco-Studio.app/Contents/tools/hvigor/hvigor-ohos-plugin/src/plugin/factory/plugin-factory.js
- /Applications/DevEco-Studio.app/Contents/tools/hvigor/hvigor-ohos-plugin/index.js
- /Users/jordanzt/Work/Projects/opencalc-harmonyos/harmonyos/hvigorfile.ts
- /Applications/DevEco-Studio.app/Contents/tools/hvigor/hvigor/src/base/internal/lifecycle/configuration.js
- /Applications/DevEco-Studio.app/Contents/tools/hvigor/hvigor/src/base/boot/index.js
- /Applications/DevEco-Studio.app/Contents/tools/hvigor/hvigor/src/base/daemon/cluster/worker-process-lifecycle.js
- /Applications/DevEco-Studio.app/Contents/tools/hvigor/hvigor/src/base/daemon/process/daemon-process-boot-script.js
[2026-05-08T11:08:07.840] [DEBUG] debug-file - Start initialize module-target build option map, moduleName=entry, buildMode=debug
[2026-05-08T11:08:07.841] [DEBUG] debug-file - Target 'default' config initialized
[2026-05-08T11:08:07.842] [DEBUG] debug-file - Module 'entry' target 'default' build option initialized
[2026-05-08T11:08:07.842] [DEBUG] debug-file - End initialize module-target build option map, moduleName=entry
[2026-05-08T11:08:07.842] [DEBUG] debug-file - Start initialize module-target build option map, moduleName=entry, buildMode=release
[2026-05-08T11:08:07.842] [DEBUG] debug-file - Target 'default' config initialized
[2026-05-08T11:08:07.843] [DEBUG] debug-file - Module 'entry' target 'default' build option initialized
[2026-05-08T11:08:07.843] [DEBUG] debug-file - End initialize module-target build option map, moduleName=entry
[2026-05-08T11:08:07.843] [DEBUG] debug-file - Start initialize module-target build option map, moduleName=entry, buildMode=debug
[2026-05-08T11:08:07.843] [DEBUG] debug-file - Target 'default' config initialized
[2026-05-08T11:08:07.843] [DEBUG] debug-file - Module 'entry' target 'default' build option initialized
[2026-05-08T11:08:07.843] [DEBUG] debug-file - End initialize module-target build option map, moduleName=entry
[2026-05-08T11:08:07.844] [DEBUG] debug-file - Obtain build option for module 'entry' target 'default'in this build.
[2026-05-08T11:08:07.856] [DEBUG] debug-file - Module entry task initialization takes 12 ms 
[2026-05-08T11:08:07.857] [DEBUG] debug-file - Hap plugin register hook start...
[2026-05-08T11:08:07.857] [DEBUG] debug-file - Hap plugin register hook end...
[2026-05-08T11:08:07.857] [DEBUG] debug-file - Plugin build process completed
[2026-05-08T11:08:07.857] [DEBUG] debug-file - hvigorfile, resolve finished /Users/jordanzt/Work/Projects/opencalc-harmonyos/harmonyos/entry/hvigorfile.ts
[2026-05-08T11:08:08.023] [DEBUG] debug-file - hvigorfile, resolve hvigorfile dependencies in 165 ms 
[2026-05-08T11:08:08.024] [DEBUG] debug-file - project has submodules:entry
[2026-05-08T11:08:08.027] [DEBUG] debug-file - start to load updatedOhPackageInfo to the disk
[2026-05-08T11:08:08.029] [DEBUG] debug-file - load to the disk finished
[2026-05-08T11:08:08.030] [DEBUG] debug-file - Start to initialize dependency information.
[2026-05-08T11:08:08.034] [DEBUG] debug-file - Module harmonyos Collected Dependency: 
[2026-05-08T11:08:08.034] [DEBUG] debug-file - Module harmonyos's total dependency: 0
[2026-05-08T11:08:08.036] [DEBUG] debug-file - Start to initialize dependency information.
[2026-05-08T11:08:08.038] [DEBUG] debug-file - Module entry Collected Dependency: 
[2026-05-08T11:08:08.038] [DEBUG] debug-file - Module entry's total dependency: 0
[2026-05-08T11:08:08.043] [DEBUG] debug-file - Configuration phase cost:3 s 371 ms 
[2026-05-08T11:08:08.046] [DEBUG] debug-file - Configuration task cost before running: 3 s 436 ms 
[2026-05-08T11:08:08.054] [DEBUG] debug-file - Executing task :entry:default@PreBuild
[2026-05-08T11:08:08.057] [DEBUG] debug-file - Task 'entry:default@PreBuild' cost while wrapping incremental declarations: 1 ms 
[2026-05-08T11:08:08.068] [DEBUG] debug-file - Incremental task entry:default@PreBuild pre-execution cost: 8 ms .
[2026-05-08T11:08:08.068] [DEBUG] debug-file - entry : default@PreBuild cost memory 0.2562255859375
[2026-05-08T11:08:08.070] [INFO] debug-file - UP-TO-DATE :entry:default@PreBuild...  
[2026-05-08T11:08:08.073] [DEBUG] debug-file - Executing task :entry:default@CreateModuleInfo
[2026-05-08T11:08:08.074] [DEBUG] debug-file - Task 'entry:default@CreateModuleInfo' cost while wrapping incremental declarations: 1 ms 
[2026-05-08T11:08:08.075] [DEBUG] debug-file - entry : default@CreateModuleInfo cost memory 0.04091644287109375
[2026-05-08T11:08:08.076] [DEBUG] debug-file - runTaskFromQueue task cost before running: 3 s 466 ms 
[2026-05-08T11:08:08.076] [INFO] debug-file - Finished :entry:default@CreateModuleInfo... after 3 ms 
[2026-05-08T11:08:08.078] [DEBUG] debug-file - Executing task :entry:default@GenerateMetadata
[2026-05-08T11:08:08.079] [DEBUG] debug-file - Task 'entry:default@GenerateMetadata' cost while wrapping incremental declarations: 1 ms 
[2026-05-08T11:08:08.080] [DEBUG] debug-file - Incremental task entry:default@GenerateMetadata pre-execution cost: 1 ms .
[2026-05-08T11:08:08.080] [DEBUG] debug-file - entry : default@GenerateMetadata cost memory 0.07933807373046875
[2026-05-08T11:08:08.080] [INFO] debug-file - UP-TO-DATE :entry:default@GenerateMetadata...  
[2026-05-08T11:08:08.081] [DEBUG] debug-file - Executing task :entry:default@ConfigureCmake
[2026-05-08T11:08:08.082] [DEBUG] debug-file - entry : default@ConfigureCmake cost memory 0.0145263671875
[2026-05-08T11:08:08.082] [DEBUG] debug-file - runTaskFromQueue task cost before running: 3 s 472 ms 
[2026-05-08T11:08:08.082] [INFO] debug-file - Finished :entry:default@ConfigureCmake... after 1 ms 
[2026-05-08T11:08:08.083] [DEBUG] debug-file - Executing task :entry:default@MergeProfile
[2026-05-08T11:08:08.083] [DEBUG] debug-file - Task 'entry:default@MergeProfile' cost while wrapping incremental declarations: 1 ms 
[2026-05-08T11:08:08.086] [DEBUG] debug-file - Incremental task entry:default@MergeProfile pre-execution cost: 3 ms .
[2026-05-08T11:08:08.087] [DEBUG] debug-file - entry : default@MergeProfile cost memory 0.25566864013671875
[2026-05-08T11:08:08.087] [INFO] debug-file - UP-TO-DATE :entry:default@MergeProfile...  
[2026-05-08T11:08:08.088] [DEBUG] debug-file - Executing task :entry:default@CreateBuildProfile
[2026-05-08T11:08:08.089] [DEBUG] debug-file - Task 'entry:default@CreateBuildProfile' cost while wrapping incremental declarations: 1 ms 
[2026-05-08T11:08:08.090] [DEBUG] debug-file - Incremental task entry:default@CreateBuildProfile pre-execution cost: 1 ms .
[2026-05-08T11:08:08.090] [DEBUG] debug-file - entry : default@CreateBuildProfile cost memory 0.0956878662109375
[2026-05-08T11:08:08.090] [INFO] debug-file - UP-TO-DATE :entry:default@CreateBuildProfile...  
[2026-05-08T11:08:08.091] [DEBUG] debug-file - Executing task :entry:default@PreCheckSyscap
[2026-05-08T11:08:08.092] [DEBUG] debug-file - entry : default@PreCheckSyscap cost memory 0.01476287841796875
[2026-05-08T11:08:08.092] [DEBUG] debug-file - runTaskFromQueue task cost before running: 3 s 482 ms 
[2026-05-08T11:08:08.092] [INFO] debug-file - Finished :entry:default@PreCheckSyscap... after 1 ms 
[2026-05-08T11:08:08.094] [DEBUG] debug-file - Executing task :entry:default@GeneratePkgContextInfo
[2026-05-08T11:08:08.103] [DEBUG] debug-file - Task 'entry:default@GeneratePkgContextInfo' cost while wrapping incremental declarations: 1 ms 
[2026-05-08T11:08:08.104] [DEBUG] debug-file - entry : default@GeneratePkgContextInfo cost memory 0.2683563232421875
[2026-05-08T11:08:08.104] [DEBUG] debug-file - runTaskFromQueue task cost before running: 3 s 494 ms 
[2026-05-08T11:08:08.104] [INFO] debug-file - Finished :entry:default@GeneratePkgContextInfo... after 11 ms 
[2026-05-08T11:08:08.105] [DEBUG] debug-file - Executing task :entry:default@GeneratePkgSdkInfo
[2026-05-08T11:08:08.108] [DEBUG] debug-file - Task 'entry:default@GeneratePkgSdkInfo' cost while wrapping incremental declarations: 1 ms 
[2026-05-08T11:08:08.109] [DEBUG] debug-file - Incremental task entry:default@GeneratePkgSdkInfo pre-execution cost: 1 ms .
[2026-05-08T11:08:08.110] [DEBUG] debug-file - entry : default@GeneratePkgSdkInfo cost memory 0.17238616943359375
[2026-05-08T11:08:08.110] [INFO] debug-file - UP-TO-DATE :entry:default@GeneratePkgSdkInfo...  
[2026-05-08T11:08:08.115] [DEBUG] debug-file - Executing task :entry:default@ProcessIntegratedHsp
[2026-05-08T11:08:08.116] [DEBUG] debug-file - entry:default@ProcessIntegratedHsp is not up-to-date, since the output file '/Users/jordanzt/Work/Projects/opencalc-harmonyos/harmonyos/build/cache/default/integrated_hsp/integratedHspCache.json' does not exist.
[2026-05-08T11:08:08.117] [DEBUG] debug-file - Incremental task entry:default@ProcessIntegratedHsp pre-execution cost: 1 ms .
[2026-05-08T11:08:08.118] [DEBUG] debug-file - entry : default@ProcessIntegratedHsp cost memory 0.05881500244140625
[2026-05-08T11:08:08.118] [DEBUG] debug-file - runTaskFromQueue task cost before running: 3 s 508 ms 
[2026-05-08T11:08:08.118] [INFO] debug-file - Finished :entry:default@ProcessIntegratedHsp... after 3 ms 
[2026-05-08T11:08:08.120] [DEBUG] debug-file - Executing task :entry:default@BuildNativeWithCmake
[2026-05-08T11:08:08.121] [DEBUG] debug-file - entry : default@BuildNativeWithCmake cost memory 0.01507568359375
[2026-05-08T11:08:08.121] [DEBUG] debug-file - runTaskFromQueue task cost before running: 3 s 511 ms 
[2026-05-08T11:08:08.121] [INFO] debug-file - Finished :entry:default@BuildNativeWithCmake... after 1 ms 
[2026-05-08T11:08:08.122] [DEBUG] debug-file - Executing task :entry:default@MakePackInfo
[2026-05-08T11:08:08.124] [DEBUG] debug-file - Incremental task entry:default@MakePackInfo pre-execution cost: 2 ms .
[2026-05-08T11:08:08.124] [DEBUG] debug-file - entry : default@MakePackInfo cost memory 0.10053253173828125
[2026-05-08T11:08:08.125] [INFO] debug-file - UP-TO-DATE :entry:default@MakePackInfo...  
[2026-05-08T11:08:08.126] [DEBUG] debug-file - Executing task :entry:default@SyscapTransform
[2026-05-08T11:08:08.127] [DEBUG] debug-file - File: '/Users/jordanzt/Work/Projects/opencalc-harmonyos/harmonyos/entry/src/main/syscap.json' from 'sysCapJsonPath' is not exists, just ignore.
[2026-05-08T11:08:08.127] [DEBUG] debug-file - Task 'entry:default@SyscapTransform' cost while wrapping incremental declarations: 1 ms 
[2026-05-08T11:08:08.146] [DEBUG] debug-file - entry:default@SyscapTransform is not up-to-date, since the output file '/Users/jordanzt/Work/Projects/opencalc-harmonyos/harmonyos/entry/build/default/intermediates/syscap/default/rpcid.sc' does not exist.
[2026-05-08T11:08:08.146] [DEBUG] debug-file - Incremental task entry:default@SyscapTransform pre-execution cost: 19 ms .
[2026-05-08T11:08:08.146] [DEBUG] debug-file - entry : default@SyscapTransform cost memory 0.11989593505859375
[2026-05-08T11:08:08.147] [DEBUG] debug-file - runTaskFromQueue task cost before running: 3 s 537 ms 
[2026-05-08T11:08:08.147] [INFO] debug-file - Finished :entry:default@SyscapTransform... after 21 ms 
[2026-05-08T11:08:08.149] [DEBUG] debug-file - Executing task :entry:default@ProcessProfile
[2026-05-08T11:08:08.151] [DEBUG] debug-file - Task 'entry:default@ProcessProfile' cost while wrapping incremental declarations: 1 ms 
[2026-05-08T11:08:08.153] [DEBUG] debug-file - Incremental task entry:default@ProcessProfile pre-execution cost: 2 ms .
[2026-05-08T11:08:08.154] [DEBUG] debug-file - entry : default@ProcessProfile cost memory 0.12195587158203125
[2026-05-08T11:08:08.154] [INFO] debug-file - UP-TO-DATE :entry:default@ProcessProfile...  
[2026-05-08T11:08:08.156] [DEBUG] debug-file - Executing task :entry:default@ProcessRouterMap
[2026-05-08T11:08:08.158] [DEBUG] debug-file - Incremental task entry:default@ProcessRouterMap pre-execution cost: 1 ms .
[2026-05-08T11:08:08.158] [DEBUG] debug-file - entry : default@ProcessRouterMap cost memory 0.114776611328125
[2026-05-08T11:08:08.159] [INFO] debug-file - UP-TO-DATE :entry:default@ProcessRouterMap...  
[2026-05-08T11:08:08.160] [DEBUG] debug-file - Executing task :entry:default@ProcessShareConfig
[2026-05-08T11:08:08.161] [DEBUG] debug-file - Incremental task entry:default@ProcessShareConfig pre-execution cost: 1 ms .
[2026-05-08T11:08:08.161] [DEBUG] debug-file - entry : default@ProcessShareConfig cost memory 0.09610748291015625
[2026-05-08T11:08:08.162] [INFO] debug-file - UP-TO-DATE :entry:default@ProcessShareConfig...  
[2026-05-08T11:08:08.164] [DEBUG] debug-file - Executing task :entry:default@ProcessStartupConfig
[2026-05-08T11:08:08.164] [DEBUG] debug-file - Task 'entry:default@ProcessStartupConfig' cost while wrapping incremental declarations: 1 ms 
[2026-05-08T11:08:08.165] [DEBUG] debug-file - entry:default@ProcessStartupConfig is not up-to-date, since the output file '/Users/jordanzt/Work/Projects/opencalc-harmonyos/harmonyos/entry/build/default/intermediates/startup/default/startup_config.json' does not exist.
[2026-05-08T11:08:08.165] [DEBUG] debug-file - Incremental task entry:default@ProcessStartupConfig pre-execution cost: 1 ms .
[2026-05-08T11:08:08.166] [DEBUG] debug-file - entry : default@ProcessStartupConfig cost memory 0.09026336669921875
[2026-05-08T11:08:08.166] [DEBUG] debug-file - runTaskFromQueue task cost before running: 3 s 556 ms 
[2026-05-08T11:08:08.167] [INFO] debug-file - Finished :entry:default@ProcessStartupConfig... after 3 ms 
[2026-05-08T11:08:08.169] [DEBUG] debug-file - Executing task :entry:default@BuildNativeWithNinja
[2026-05-08T11:08:08.170] [DEBUG] debug-file - entry : default@BuildNativeWithNinja cost memory 0.02053070068359375
[2026-05-08T11:08:08.170] [DEBUG] debug-file - runTaskFromQueue task cost before running: 3 s 560 ms 
[2026-05-08T11:08:08.170] [INFO] debug-file - Finished :entry:default@BuildNativeWithNinja... after 2 ms 
[2026-05-08T11:08:08.172] [DEBUG] debug-file - restool module names: entry; moduleName=entry, taskName=default@ProcessResource
[2026-05-08T11:08:08.177] [DEBUG] debug-file - Executing task :entry:default@ProcessResource
[2026-05-08T11:08:08.177] [DEBUG] debug-file - Task 'entry:default@ProcessResource' cost while wrapping incremental declarations: 1 ms 
[2026-05-08T11:08:08.179] [DEBUG] debug-file - Incremental task entry:default@ProcessResource pre-execution cost: 2 ms .
[2026-05-08T11:08:08.179] [DEBUG] debug-file - entry : default@ProcessResource cost memory 0.3788909912109375
[2026-05-08T11:08:08.181] [INFO] debug-file - UP-TO-DATE :entry:default@ProcessResource...  
[2026-05-08T11:08:08.184] [DEBUG] debug-file - Executing task :entry:default@GenerateLoaderJson
[2026-05-08T11:08:08.185] [DEBUG] debug-file - Task 'entry:default@GenerateLoaderJson' cost while wrapping incremental declarations: 1 ms 
[2026-05-08T11:08:08.190] [DEBUG] debug-file - Incremental task entry:default@GenerateLoaderJson pre-execution cost: 3 ms .
[2026-05-08T11:08:08.190] [DEBUG] debug-file - entry : default@GenerateLoaderJson cost memory 0.2834625244140625
[2026-05-08T11:08:08.192] [INFO] debug-file - UP-TO-DATE :entry:default@GenerateLoaderJson...  
[2026-05-08T11:08:08.208] [DEBUG] debug-file - Executing task :entry:default@ProcessLibs
[2026-05-08T11:08:08.211] [DEBUG] debug-file - Incremental task entry:default@ProcessLibs pre-execution cost: 1 ms .
[2026-05-08T11:08:08.211] [DEBUG] debug-file - entry : default@ProcessLibs cost memory 0.0862274169921875
[2026-05-08T11:08:08.211] [INFO] debug-file - UP-TO-DATE :entry:default@ProcessLibs...  
[2026-05-08T11:08:08.213] [DEBUG] debug-file - restool module names: entry; moduleName=entry, taskName=default@CompileResource
[2026-05-08T11:08:08.214] [DEBUG] debug-file - Executing task :entry:default@CompileResource
[2026-05-08T11:08:08.452] [DEBUG] debug-file - Use tool [/Applications/DevEco-Studio.app/Contents/sdk/default/openharmony/toolchains/restool]
 [
  '/Applications/DevEco-Studio.app/Contents/sdk/default/openharmony/toolchains/restool',
  '-l',
  '/Users/jordanzt/Work/Projects/opencalc-harmonyos/harmonyos/entry/build/default/intermediates/res/default/resConfig.json'
]
[2026-05-08T11:08:08.453] [DEBUG] debug-file - current process  memoryUsage: {
  rss: 313802752,
  heapTotal: 177987584,
  heapUsed: 147635776,
  external: 3335682,
  arrayBuffers: 1427517
} os memoryUsage :7.962909698486328
[2026-05-08T11:08:08.504] [DEBUG] debug-file - Info: Pack: normal pack mode

[2026-05-08T11:08:08.651] [DEBUG] debug-file - Info: hardware concurrency count is : 4
Info: thread count is : 4

[2026-05-08T11:08:08.652] [DEBUG] debug-file - Info: thread pool is started

[2026-05-08T11:08:08.653] [DEBUG] debug-file - Info: GenericCompiler::CompileFiles

[2026-05-08T11:08:08.653] [DEBUG] debug-file - Info: GenericCompiler::CompileFiles

[2026-05-08T11:08:08.655] [DEBUG] debug-file - Info: thread pool is stopped

[2026-05-08T11:08:08.665] [DEBUG] debug-file - ERROR: command = /Applications/DevEco-Studio.app/Contents/sdk/default/openharmony/toolchains/restool -l /Users/jordanzt/Work/Projects/opencalc-harmonyos/harmonyos/entry/build/default/intermediates/res/default/resConfig.json
[2026-05-08T11:08:08.666] [ERROR] debug-file - Failed :entry:default@CompileResource... 
[2026-05-08T11:08:08.667] [DEBUG] debug-file - hvigor build process will be closed with an error.
[2026-05-08T11:08:08.693] [ERROR] debug-file - Error: Tools execution failed.
Error Code: 11211120
Error: Resource Pack Error
Error Message: The resource reference '$media:app_icon' is not defined. At file: /Users/jordanzt/Work/Projects/opencalc-harmonyos/harmonyos/entry/build/default/intermediates/process_profile/default/module.json
* Try the following:
  > Check whether the hvigorfile.ts in the project root directory or the module.json5 file in the module directory references undefined resources.
  > Check whether this resource is defined anywhere.
  > More info: https://developer.huawei.com/consumer/cn/doc/harmonyos-guides/restool
	 Detail: Please check the message from tools.
    at OhosLogger.errorMessageExit (/Applications/DevEco-Studio.app/Contents/tools/hvigor/hvigor/src/base/log/hvigor-log.js:1:3497)
    at OhosLogger._printErrorAndExit (/Applications/DevEco-Studio.app/Contents/tools/hvigor/hvigor-ohos-plugin/src/utils/log/ohos-logger.js:1:2024)
    at ProcessUtils.handleException (/Applications/DevEco-Studio.app/Contents/tools/hvigor/hvigor-ohos-plugin/src/utils/process-utils.js:1:5247)
    at ProcessUtils.execute (/Applications/DevEco-Studio.app/Contents/tools/hvigor/hvigor-ohos-plugin/src/utils/process-utils.js:1:3547)
    at async CompileResource.executeCommand (/Applications/DevEco-Studio.app/Contents/tools/hvigor/hvigor-ohos-plugin/src/tasks/abstract/abstract-compile-resource.js:1:3537)
    at async CompileResource.invokeRestool (/Applications/DevEco-Studio.app/Contents/tools/hvigor/hvigor-ohos-plugin/src/tasks/compile-resource.js:1:4235)
    at async CompileResource.compilationProcess (/Applications/DevEco-Studio.app/Contents/tools/hvigor/hvigor-ohos-plugin/src/tasks/abstract/abstract-compile-resource.js:1:2832)
    at async Promise.all (index 0)
    at async CompileResource.doTaskAction (/Applications/DevEco-Studio.app/Contents/tools/hvigor/hvigor-ohos-plugin/src/tasks/compile-resource.js:1:3859)
    at async CompileResource.<anonymous> (/Applications/DevEco-Studio.app/Contents/tools/hvigor/hvigor-ohos-plugin/src/tasks/task/ohos-module-task.js:1:2126)
[2026-05-08T11:08:08.695] [ERROR] debug-file - BUILD FAILED in 4 s 84 ms 
[2026-05-08T11:08:08.695] [DEBUG] debug-file - There is no need to refresh cache, since the incremental task entry:default@PreBuild is up-to-date.
[2026-05-08T11:08:08.695] [DEBUG] debug-file - Update task entry:default@CreateModuleInfo output file:/Users/jordanzt/Work/Projects/opencalc-harmonyos/harmonyos/entry/build/default/generated/profile/default/ModuleInfo.ts cache.
[2026-05-08T11:08:08.696] [DEBUG] debug-file - Incremental task entry:default@CreateModuleInfo post-execution cost:1 ms .
[2026-05-08T11:08:08.696] [DEBUG] debug-file - There is no need to refresh cache, since the incremental task entry:default@GenerateMetadata is up-to-date.
[2026-05-08T11:08:08.696] [DEBUG] debug-file - There is no need to refresh cache, since the incremental task entry:default@MergeProfile is up-to-date.
[2026-05-08T11:08:08.696] [DEBUG] debug-file - There is no need to refresh cache, since the incremental task entry:default@CreateBuildProfile is up-to-date.
[2026-05-08T11:08:08.696] [DEBUG] debug-file - Update task entry:default@GeneratePkgContextInfo output file:/Users/jordanzt/Work/Projects/opencalc-harmonyos/harmonyos/entry/build/default/intermediates/loader/default/pkgContextInfo.json cache.
[2026-05-08T11:08:08.696] [DEBUG] debug-file - Incremental task entry:default@GeneratePkgContextInfo post-execution cost:1 ms .
[2026-05-08T11:08:08.696] [DEBUG] debug-file - There is no need to refresh cache, since the incremental task entry:default@GeneratePkgSdkInfo is up-to-date.
[2026-05-08T11:08:08.697] [DEBUG] debug-file - Update task entry:default@ProcessIntegratedHsp output file:/Users/jordanzt/Work/Projects/opencalc-harmonyos/harmonyos/build/cache/default/integrated_hsp/integratedHspCache.json cache.
[2026-05-08T11:08:08.697] [DEBUG] debug-file - Incremental task entry:default@ProcessIntegratedHsp post-execution cost:1 ms .
[2026-05-08T11:08:08.697] [DEBUG] debug-file - There is no need to refresh cache, since the incremental task entry:default@MakePackInfo is up-to-date.
[2026-05-08T11:08:08.697] [DEBUG] debug-file - Update task entry:default@SyscapTransform input file:/Applications/DevEco-Studio.app/Contents/sdk/default/openharmony/toolchains/syscap_tool cache by regenerate.
[2026-05-08T11:08:08.697] [DEBUG] debug-file - Update task entry:default@SyscapTransform input file:/Applications/DevEco-Studio.app/Contents/sdk/default/openharmony/ets/api/device-define cache by regenerate.
[2026-05-08T11:08:08.698] [DEBUG] debug-file - Update task entry:default@SyscapTransform output file:/Users/jordanzt/Work/Projects/opencalc-harmonyos/harmonyos/entry/build/default/intermediates/syscap/default/rpcid.sc cache.
[2026-05-08T11:08:08.698] [DEBUG] debug-file - Incremental task entry:default@SyscapTransform post-execution cost:2 ms .
[2026-05-08T11:08:08.698] [DEBUG] debug-file - There is no need to refresh cache, since the incremental task entry:default@ProcessProfile is up-to-date.
[2026-05-08T11:08:08.699] [DEBUG] debug-file - There is no need to refresh cache, since the incremental task entry:default@ProcessRouterMap is up-to-date.
[2026-05-08T11:08:08.699] [DEBUG] debug-file - There is no need to refresh cache, since the incremental task entry:default@ProcessShareConfig is up-to-date.
[2026-05-08T11:08:08.699] [DEBUG] debug-file - Update task entry:default@ProcessStartupConfig output file:/Users/jordanzt/Work/Projects/opencalc-harmonyos/harmonyos/entry/build/default/intermediates/startup/default/startup_config.json cache.
[2026-05-08T11:08:08.699] [DEBUG] debug-file - Incremental task entry:default@ProcessStartupConfig post-execution cost:1 ms .
[2026-05-08T11:08:08.699] [DEBUG] debug-file - There is no need to refresh cache, since the incremental task entry:default@ProcessResource is up-to-date.
[2026-05-08T11:08:08.699] [DEBUG] debug-file - There is no need to refresh cache, since the incremental task entry:default@GenerateLoaderJson is up-to-date.
[2026-05-08T11:08:08.699] [DEBUG] debug-file - There is no need to refresh cache, since the incremental task entry:default@ProcessLibs is up-to-date.
[2026-05-08T11:08:08.700] [DEBUG] debug-file - Update task entry:default@CompileResource input file:/Users/jordanzt/Work/Projects/opencalc-harmonyos/harmonyos/entry/src/main/resources cache by regenerate.
[2026-05-08T11:08:08.701] [DEBUG] debug-file - Update task entry:default@CompileResource input file:/Users/jordanzt/Work/Projects/opencalc-harmonyos/harmonyos/entry/build/default/intermediates/process_profile/default/module.json cache by regenerate.
[2026-05-08T11:08:08.701] [DEBUG] debug-file - Update task entry:default@CompileResource input file:/Users/jordanzt/Work/Projects/opencalc-harmonyos/harmonyos/entry/build/default/intermediates/res/default/resConfig.json cache by regenerate.
[2026-05-08T11:08:08.701] [DEBUG] debug-file - Update task entry:default@CompileResource output file:/Users/jordanzt/Work/Projects/opencalc-harmonyos/harmonyos/entry/build/default/intermediates/res/default cache.
[2026-05-08T11:08:08.702] [DEBUG] debug-file - Update task entry:default@CompileResource output file:/Users/jordanzt/Work/Projects/opencalc-harmonyos/harmonyos/entry/build/default/generated/r/default/ResourceTable.h cache.
[2026-05-08T11:08:08.702] [DEBUG] debug-file - Update task entry:default@CompileResource output file:/Users/jordanzt/Work/Projects/opencalc-harmonyos/harmonyos/entry/build/default/generated/r/default/ResourceTable.ts cache.
[2026-05-08T11:08:08.702] [DEBUG] debug-file - Update task entry:default@CompileResource output file:/Users/jordanzt/Work/Projects/opencalc-harmonyos/harmonyos/entry/build/default/generated/r/default cache.
[2026-05-08T11:08:08.703] [DEBUG] debug-file - Incremental task entry:default@CompileResource post-execution cost:4 ms .
[2026-05-08T11:08:08.720] [DEBUG] debug-file - Cleanup worker 0.
[2026-05-08T11:08:08.721] [DEBUG] debug-file - Worker 0 has been cleaned up.
[2026-05-08T11:08:08.721] [DEBUG] debug-file - Current idle worker size: 1.
[2026-05-08T11:08:08.721] [DEBUG] debug-file - Current resident worker size: 2.
[2026-05-08T11:08:08.721] [DEBUG] debug-file - Cleanup worker 1.
[2026-05-08T11:08:08.721] [DEBUG] debug-file - Worker 1 has been cleaned up.
[2026-05-08T11:08:08.724] [DEBUG] debug-file - session manager: send message to worker process.
[2026-05-08T11:08:08.724] [DEBUG] debug-file - session manager: send message to worker process.
[2026-05-08T11:08:08.721] [DEBUG] debug-file - Current idle worker size: 0.
[2026-05-08T11:08:08.727] [DEBUG] debug-file - Current resident worker size: 2.
[2026-05-08T11:08:08.729] [DEBUG] debug-file - hvigor build process will be closed.
[2026-05-08T11:08:08.744] [DEBUG] debug-file - watch worker: worker id should be larger than 0. Nothing will be sent to any worker thread.
[2026-05-08T11:08:08.746] [DEBUG] debug-file - watch worker: worker id should be larger than 0. Nothing will be sent to any worker thread.
[2026-05-08T11:08:08.748] [DEBUG] debug-file - worker[0] exits with exit code 1.
[2026-05-08T11:08:08.750] [DEBUG] debug-file - worker[1] exits with exit code 1.
[2026-05-08T11:08:47.301] [DEBUG] debug-file - env: nodejsVersion=v18.20.1
[2026-05-08T11:08:47.380] [DEBUG] debug-file - env: daemon=true
[2026-05-08T11:08:47.303] [DEBUG] debug-file - env: hvigor-config.json5 content = { modelVersion: '6.1.0', dependencies: {} }
[2026-05-08T11:08:48.463] [DEBUG] debug-file - session manager: set active socket. socketId=elap75e7PmQcQrhwAAAB
[2026-05-08T11:08:48.651] [DEBUG] debug-file - java daemon tryConnect failed Error: read ECONNRESET
[2026-05-08T11:08:48.658] [DEBUG] debug-file - java daemon started at port 45050 pid 20951
[2026-05-08T11:08:49.871] [DEBUG] debug-file - watch worker: worker id should be larger than 0. Nothing will be sent to any worker thread.
[2026-05-08T11:08:49.874] [DEBUG] debug-file - Since there is no instance or instance is terminated, create a new worker pool.
[2026-05-08T11:08:49.875] [DEBUG] debug-file - Worker pool is initialized with config:  {
  minPoolNum: 2,
  maxPoolNum: undefined,
  maxCoreSize: undefined,
  cacheCapacity: undefined,
  cacheTtl: undefined
}
[2026-05-08T11:08:49.876] [DEBUG] debug-file - Create  resident worker with id: 0.
[2026-05-08T11:08:49.880] [DEBUG] debug-file - Create  resident worker with id: 1.
[2026-05-08T11:08:49.884] [DEBUG] debug-file - Workers' log level updated to INFO
[2026-05-08T11:08:49.897] [DEBUG] debug-file - Hvigor init with startParameters:{
  hvigorfileTypeCheck: false,
  parallelExecution: true,
  incrementalExecution: true,
  printStackTrace: false,
  daemon: true,
  analyze: 0,
  logLevel: Level { level: 20000, levelStr: 'INFO', colour: 'green' },
  optimizationStrategy: 'memory',
  hotCompile: undefined,
  hotReloadBuild: undefined,
  customizedParam: undefined
}
[2026-05-08T11:08:49.915] [DEBUG] debug-file - Cache service initialization finished in 18 ms 
[2026-05-08T11:08:49.918] [DEBUG] debug-file - hvigorfile, resolving /Users/jordanzt/Work/Projects/opencalc-harmonyos/harmonyos/hvigorfile.ts
[2026-05-08T11:08:52.426] [DEBUG] debug-file - hvigorfile, require result:  {}
[2026-05-08T11:08:52.427] [DEBUG] debug-file - hvigorfile, binding system plugins {}
[2026-05-08T11:08:52.429] [DEBUG] debug-file - Starting plugin build process
[2026-05-08T11:08:52.430] [DEBUG] debug-file - App plugin prepare start...
[2026-05-08T11:08:52.431] [DEBUG] debug-file - App plugin prepare end...
[2026-05-08T11:08:52.431] [DEBUG] debug-file - App plugin creating...
[2026-05-08T11:08:52.826] [DEBUG] debug-file - App plugin register hook start...
[2026-05-08T11:08:52.826] [DEBUG] debug-file - App plugin register hook end...
[2026-05-08T11:08:52.826] [DEBUG] debug-file - Plugin build process completed
[2026-05-08T11:08:52.828] [DEBUG] debug-file - Start initialize project's product build option map with build mode debug.
[2026-05-08T11:08:52.829] [DEBUG] debug-file - Picking option from product 'default' with build mode 'debug'.
[2026-05-08T11:08:52.829] [DEBUG] debug-file - Product 'default' build option initialized
[2026-05-08T11:08:52.830] [DEBUG] debug-file - End initialize project's product build option map with build mode 'debug'.
[2026-05-08T11:08:52.832] [DEBUG] debug-file - Obtain build option for product 'default'in this build.
[2026-05-08T11:08:52.834] [DEBUG] debug-file - No signingConfig found, initRemoteHspCache failed.
[2026-05-08T11:08:52.836] [DEBUG] debug-file - Local scan or download HarmonyOS sdk components toolchains,ets,js,native,previewer
[2026-05-08T11:08:52.840] [DEBUG] debug-file - Local scan or download hmscore sdk components toolchains,ets,native
[2026-05-08T11:08:52.844] [DEBUG] debug-file - Start recording SDK configuration permission data.
[2026-05-08T11:08:52.924] [DEBUG] debug-file - Sdk init in 89 ms 
[2026-05-08T11:08:52.935] [DEBUG] debug-file - Project task initialization takes 9 ms 
[2026-05-08T11:08:52.935] [DEBUG] debug-file - hvigorfile, resolve finished /Users/jordanzt/Work/Projects/opencalc-harmonyos/harmonyos/hvigorfile.ts
[2026-05-08T11:08:52.937] [DEBUG] debug-file - hvigorfile, resolving /Users/jordanzt/Work/Projects/opencalc-harmonyos/harmonyos/entry/hvigorfile.ts
[2026-05-08T11:08:52.944] [DEBUG] debug-file - hvigorfile, require result:  {}
[2026-05-08T11:08:52.945] [DEBUG] debug-file - hvigorfile, binding system plugins {}
[2026-05-08T11:08:52.945] [DEBUG] debug-file - Starting plugin build process
[2026-05-08T11:08:52.946] [DEBUG] debug-file - Hap plugin creating...
[2026-05-08T11:08:52.947] [DEBUG] debug-file - failed to load cangjie to dynamically generate schemas: Error: Cannot find module '@ohos/cangjie-build-support/index'
Require stack:
- /Applications/DevEco-Studio.app/Contents/tools/hvigor/hvigor-ohos-plugin/src/plugin/hooks/cangjie-register.js
- /Applications/DevEco-Studio.app/Contents/tools/hvigor/hvigor-ohos-plugin/src/plugin/strategy/stage-init-strategy.js
- /Applications/DevEco-Studio.app/Contents/tools/hvigor/hvigor-ohos-plugin/src/plugin/builder/abstract-plugin-builder.js
- /Applications/DevEco-Studio.app/Contents/tools/hvigor/hvigor-ohos-plugin/src/plugin/builder/app-plugin-builder.js
- /Applications/DevEco-Studio.app/Contents/tools/hvigor/hvigor-ohos-plugin/src/plugin/factory/plugin-factory.js
- /Applications/DevEco-Studio.app/Contents/tools/hvigor/hvigor-ohos-plugin/index.js
- /Users/jordanzt/Work/Projects/opencalc-harmonyos/harmonyos/hvigorfile.ts
- /Applications/DevEco-Studio.app/Contents/tools/hvigor/hvigor/src/base/internal/lifecycle/configuration.js
- /Applications/DevEco-Studio.app/Contents/tools/hvigor/hvigor/src/base/boot/index.js
- /Applications/DevEco-Studio.app/Contents/tools/hvigor/hvigor/src/base/daemon/cluster/worker-process-lifecycle.js
- /Applications/DevEco-Studio.app/Contents/tools/hvigor/hvigor/src/base/daemon/process/daemon-process-boot-script.js
[2026-05-08T11:08:52.964] [DEBUG] debug-file - Start initialize module-target build option map, moduleName=entry, buildMode=debug
[2026-05-08T11:08:52.965] [DEBUG] debug-file - Target 'default' config initialized
[2026-05-08T11:08:52.965] [DEBUG] debug-file - Module 'entry' target 'default' build option initialized
[2026-05-08T11:08:52.966] [DEBUG] debug-file - End initialize module-target build option map, moduleName=entry
[2026-05-08T11:08:52.966] [DEBUG] debug-file - Start initialize module-target build option map, moduleName=entry, buildMode=release
[2026-05-08T11:08:52.966] [DEBUG] debug-file - Target 'default' config initialized
[2026-05-08T11:08:52.968] [DEBUG] debug-file - Module 'entry' target 'default' build option initialized
[2026-05-08T11:08:52.968] [DEBUG] debug-file - End initialize module-target build option map, moduleName=entry
[2026-05-08T11:08:52.968] [DEBUG] debug-file - Start initialize module-target build option map, moduleName=entry, buildMode=debug
[2026-05-08T11:08:52.968] [DEBUG] debug-file - Target 'default' config initialized
[2026-05-08T11:08:52.969] [DEBUG] debug-file - Module 'entry' target 'default' build option initialized
[2026-05-08T11:08:52.969] [DEBUG] debug-file - End initialize module-target build option map, moduleName=entry
[2026-05-08T11:08:52.970] [DEBUG] debug-file - Obtain build option for module 'entry' target 'default'in this build.
[2026-05-08T11:08:52.980] [DEBUG] debug-file - Module entry task initialization takes 8 ms 
[2026-05-08T11:08:52.980] [DEBUG] debug-file - Hap plugin register hook start...
[2026-05-08T11:08:52.981] [DEBUG] debug-file - Hap plugin register hook end...
[2026-05-08T11:08:52.981] [DEBUG] debug-file - Plugin build process completed
[2026-05-08T11:08:52.982] [DEBUG] debug-file - hvigorfile, resolve finished /Users/jordanzt/Work/Projects/opencalc-harmonyos/harmonyos/entry/hvigorfile.ts
[2026-05-08T11:08:53.138] [DEBUG] debug-file - hvigorfile, resolve hvigorfile dependencies in 155 ms 
[2026-05-08T11:08:53.138] [DEBUG] debug-file - project has submodules:entry
[2026-05-08T11:08:53.141] [DEBUG] debug-file - start to load updatedOhPackageInfo to the disk
[2026-05-08T11:08:53.144] [DEBUG] debug-file - load to the disk finished
[2026-05-08T11:08:53.145] [DEBUG] debug-file - Start to initialize dependency information.
[2026-05-08T11:08:53.149] [DEBUG] debug-file - Module harmonyos Collected Dependency: 
[2026-05-08T11:08:53.149] [DEBUG] debug-file - Module harmonyos's total dependency: 0
[2026-05-08T11:08:53.152] [DEBUG] debug-file - Start to initialize dependency information.
[2026-05-08T11:08:53.155] [DEBUG] debug-file - Module entry Collected Dependency: 
[2026-05-08T11:08:53.155] [DEBUG] debug-file - Module entry's total dependency: 0
[2026-05-08T11:08:53.161] [DEBUG] debug-file - Configuration phase cost:3 s 245 ms 
[2026-05-08T11:08:53.166] [DEBUG] debug-file - Configuration task cost before running: 3 s 281 ms 
[2026-05-08T11:08:53.173] [DEBUG] debug-file - Executing task :entry:default@PreBuild
[2026-05-08T11:08:53.176] [DEBUG] debug-file - Task 'entry:default@PreBuild' cost while wrapping incremental declarations: 1 ms 
[2026-05-08T11:08:53.184] [DEBUG] debug-file - Incremental task entry:default@PreBuild pre-execution cost: 6 ms .
[2026-05-08T11:08:53.184] [DEBUG] debug-file - entry : default@PreBuild cost memory 0.6675033569335938
[2026-05-08T11:08:53.185] [INFO] debug-file - UP-TO-DATE :entry:default@PreBuild...  
[2026-05-08T11:08:53.187] [DEBUG] debug-file - Executing task :entry:default@CreateModuleInfo
[2026-05-08T11:08:53.188] [DEBUG] debug-file - Task 'entry:default@CreateModuleInfo' cost while wrapping incremental declarations: 1 ms 
[2026-05-08T11:08:53.188] [DEBUG] debug-file - entry : default@CreateModuleInfo cost memory 0.0409393310546875
[2026-05-08T11:08:53.188] [DEBUG] debug-file - runTaskFromQueue task cost before running: 3 s 304 ms 
[2026-05-08T11:08:53.189] [INFO] debug-file - Finished :entry:default@CreateModuleInfo... after 2 ms 
[2026-05-08T11:08:53.191] [DEBUG] debug-file - Executing task :entry:default@GenerateMetadata
[2026-05-08T11:08:53.191] [DEBUG] debug-file - Task 'entry:default@GenerateMetadata' cost while wrapping incremental declarations: 1 ms 
[2026-05-08T11:08:53.192] [DEBUG] debug-file - Incremental task entry:default@GenerateMetadata pre-execution cost: 1 ms .
[2026-05-08T11:08:53.192] [DEBUG] debug-file - entry : default@GenerateMetadata cost memory 0.07933807373046875
[2026-05-08T11:08:53.193] [INFO] debug-file - UP-TO-DATE :entry:default@GenerateMetadata...  
[2026-05-08T11:08:53.194] [DEBUG] debug-file - Executing task :entry:default@ConfigureCmake
[2026-05-08T11:08:53.194] [DEBUG] debug-file - entry : default@ConfigureCmake cost memory 0.0145263671875
[2026-05-08T11:08:53.194] [DEBUG] debug-file - runTaskFromQueue task cost before running: 3 s 310 ms 
[2026-05-08T11:08:53.194] [INFO] debug-file - Finished :entry:default@ConfigureCmake... after 1 ms 
[2026-05-08T11:08:53.195] [DEBUG] debug-file - Executing task :entry:default@MergeProfile
[2026-05-08T11:08:53.196] [DEBUG] debug-file - Task 'entry:default@MergeProfile' cost while wrapping incremental declarations: 1 ms 
[2026-05-08T11:08:53.198] [DEBUG] debug-file - Incremental task entry:default@MergeProfile pre-execution cost: 2 ms .
[2026-05-08T11:08:53.199] [DEBUG] debug-file - entry : default@MergeProfile cost memory 0.14958953857421875
[2026-05-08T11:08:53.199] [INFO] debug-file - UP-TO-DATE :entry:default@MergeProfile...  
[2026-05-08T11:08:53.200] [DEBUG] debug-file - Executing task :entry:default@CreateBuildProfile
[2026-05-08T11:08:53.201] [DEBUG] debug-file - Task 'entry:default@CreateBuildProfile' cost while wrapping incremental declarations: 1 ms 
[2026-05-08T11:08:53.202] [DEBUG] debug-file - Incremental task entry:default@CreateBuildProfile pre-execution cost: 1 ms .
[2026-05-08T11:08:53.203] [DEBUG] debug-file - entry : default@CreateBuildProfile cost memory 0.0956878662109375
[2026-05-08T11:08:53.203] [INFO] debug-file - UP-TO-DATE :entry:default@CreateBuildProfile...  
[2026-05-08T11:08:53.204] [DEBUG] debug-file - Executing task :entry:default@PreCheckSyscap
[2026-05-08T11:08:53.205] [DEBUG] debug-file - entry : default@PreCheckSyscap cost memory 0.01476287841796875
[2026-05-08T11:08:53.205] [DEBUG] debug-file - runTaskFromQueue task cost before running: 3 s 321 ms 
[2026-05-08T11:08:53.206] [INFO] debug-file - Finished :entry:default@PreCheckSyscap... after 1 ms 
[2026-05-08T11:08:53.208] [DEBUG] debug-file - Executing task :entry:default@GeneratePkgContextInfo
[2026-05-08T11:08:53.221] [DEBUG] debug-file - Task 'entry:default@GeneratePkgContextInfo' cost while wrapping incremental declarations: 1 ms 
[2026-05-08T11:08:53.221] [DEBUG] debug-file - entry : default@GeneratePkgContextInfo cost memory 0.382476806640625
[2026-05-08T11:08:53.222] [DEBUG] debug-file - runTaskFromQueue task cost before running: 3 s 337 ms 
[2026-05-08T11:08:53.222] [INFO] debug-file - Finished :entry:default@GeneratePkgContextInfo... after 14 ms 
[2026-05-08T11:08:53.223] [DEBUG] debug-file - Executing task :entry:default@GeneratePkgSdkInfo
[2026-05-08T11:08:53.225] [DEBUG] debug-file - Task 'entry:default@GeneratePkgSdkInfo' cost while wrapping incremental declarations: 1 ms 
[2026-05-08T11:08:53.225] [DEBUG] debug-file - Incremental task entry:default@GeneratePkgSdkInfo pre-execution cost: 1 ms .
[2026-05-08T11:08:53.226] [DEBUG] debug-file - entry : default@GeneratePkgSdkInfo cost memory 0.17232513427734375
[2026-05-08T11:08:53.226] [INFO] debug-file - UP-TO-DATE :entry:default@GeneratePkgSdkInfo...  
[2026-05-08T11:08:53.239] [DEBUG] debug-file - Executing task :entry:default@ProcessIntegratedHsp
[2026-05-08T11:08:53.239] [DEBUG] debug-file - entry:default@ProcessIntegratedHsp is not up-to-date, since the output file '/Users/jordanzt/Work/Projects/opencalc-harmonyos/harmonyos/build/cache/default/integrated_hsp/integratedHspCache.json' does not exist.
[2026-05-08T11:08:53.240] [DEBUG] debug-file - Incremental task entry:default@ProcessIntegratedHsp pre-execution cost: 1 ms .
[2026-05-08T11:08:53.240] [DEBUG] debug-file - entry : default@ProcessIntegratedHsp cost memory 0.05881500244140625
[2026-05-08T11:08:53.240] [DEBUG] debug-file - runTaskFromQueue task cost before running: 3 s 355 ms 
[2026-05-08T11:08:53.240] [INFO] debug-file - Finished :entry:default@ProcessIntegratedHsp... after 2 ms 
[2026-05-08T11:08:53.241] [DEBUG] debug-file - Executing task :entry:default@BuildNativeWithCmake
[2026-05-08T11:08:53.242] [DEBUG] debug-file - entry : default@BuildNativeWithCmake cost memory 0.01507568359375
[2026-05-08T11:08:53.242] [DEBUG] debug-file - runTaskFromQueue task cost before running: 3 s 357 ms 
[2026-05-08T11:08:53.242] [INFO] debug-file - Finished :entry:default@BuildNativeWithCmake... after 1 ms 
[2026-05-08T11:08:53.243] [DEBUG] debug-file - Executing task :entry:default@MakePackInfo
[2026-05-08T11:08:53.245] [DEBUG] debug-file - Incremental task entry:default@MakePackInfo pre-execution cost: 1 ms .
[2026-05-08T11:08:53.245] [DEBUG] debug-file - entry : default@MakePackInfo cost memory 0.0973358154296875
[2026-05-08T11:08:53.245] [INFO] debug-file - UP-TO-DATE :entry:default@MakePackInfo...  
[2026-05-08T11:08:53.247] [DEBUG] debug-file - Executing task :entry:default@SyscapTransform
[2026-05-08T11:08:53.247] [DEBUG] debug-file - File: '/Users/jordanzt/Work/Projects/opencalc-harmonyos/harmonyos/entry/src/main/syscap.json' from 'sysCapJsonPath' is not exists, just ignore.
[2026-05-08T11:08:53.247] [DEBUG] debug-file - Task 'entry:default@SyscapTransform' cost while wrapping incremental declarations: 1 ms 
[2026-05-08T11:08:53.264] [DEBUG] debug-file - entry:default@SyscapTransform is not up-to-date, since the output file '/Users/jordanzt/Work/Projects/opencalc-harmonyos/harmonyos/entry/build/default/intermediates/syscap/default/rpcid.sc' does not exist.
[2026-05-08T11:08:53.264] [DEBUG] debug-file - Incremental task entry:default@SyscapTransform pre-execution cost: 17 ms .
[2026-05-08T11:08:53.265] [DEBUG] debug-file - entry : default@SyscapTransform cost memory 0.11928558349609375
[2026-05-08T11:08:53.265] [DEBUG] debug-file - runTaskFromQueue task cost before running: 3 s 381 ms 
[2026-05-08T11:08:53.266] [INFO] debug-file - Finished :entry:default@SyscapTransform... after 19 ms 
[2026-05-08T11:08:53.272] [DEBUG] debug-file - Executing task :entry:default@ProcessProfile
[2026-05-08T11:08:53.273] [DEBUG] debug-file - Task 'entry:default@ProcessProfile' cost while wrapping incremental declarations: 1 ms 
[2026-05-08T11:08:53.274] [DEBUG] debug-file - Incremental task entry:default@ProcessProfile pre-execution cost: 1 ms .
[2026-05-08T11:08:53.274] [DEBUG] debug-file - entry : default@ProcessProfile cost memory 0.1185302734375
[2026-05-08T11:08:53.274] [INFO] debug-file - UP-TO-DATE :entry:default@ProcessProfile...  
[2026-05-08T11:08:53.276] [DEBUG] debug-file - Executing task :entry:default@ProcessRouterMap
[2026-05-08T11:08:53.278] [DEBUG] debug-file - Incremental task entry:default@ProcessRouterMap pre-execution cost: 1 ms .
[2026-05-08T11:08:53.278] [DEBUG] debug-file - entry : default@ProcessRouterMap cost memory 0.114776611328125
[2026-05-08T11:08:53.279] [INFO] debug-file - UP-TO-DATE :entry:default@ProcessRouterMap...  
[2026-05-08T11:08:53.280] [DEBUG] debug-file - Executing task :entry:default@ProcessShareConfig
[2026-05-08T11:08:53.282] [DEBUG] debug-file - Incremental task entry:default@ProcessShareConfig pre-execution cost: 2 ms .
[2026-05-08T11:08:53.282] [DEBUG] debug-file - entry : default@ProcessShareConfig cost memory 0.0992889404296875
[2026-05-08T11:08:53.283] [INFO] debug-file - UP-TO-DATE :entry:default@ProcessShareConfig...  
[2026-05-08T11:08:53.284] [DEBUG] debug-file - Executing task :entry:default@ProcessStartupConfig
[2026-05-08T11:08:53.285] [DEBUG] debug-file - Task 'entry:default@ProcessStartupConfig' cost while wrapping incremental declarations: 1 ms 
[2026-05-08T11:08:53.286] [DEBUG] debug-file - entry:default@ProcessStartupConfig is not up-to-date, since the output file '/Users/jordanzt/Work/Projects/opencalc-harmonyos/harmonyos/entry/build/default/intermediates/startup/default/startup_config.json' does not exist.
[2026-05-08T11:08:53.286] [DEBUG] debug-file - Incremental task entry:default@ProcessStartupConfig pre-execution cost: 1 ms .
[2026-05-08T11:08:53.287] [DEBUG] debug-file - entry : default@ProcessStartupConfig cost memory 0.09026336669921875
[2026-05-08T11:08:53.287] [DEBUG] debug-file - runTaskFromQueue task cost before running: 3 s 403 ms 
[2026-05-08T11:08:53.288] [INFO] debug-file - Finished :entry:default@ProcessStartupConfig... after 3 ms 
[2026-05-08T11:08:53.290] [DEBUG] debug-file - Executing task :entry:default@BuildNativeWithNinja
[2026-05-08T11:08:53.291] [DEBUG] debug-file - entry : default@BuildNativeWithNinja cost memory 0.02053070068359375
[2026-05-08T11:08:53.291] [DEBUG] debug-file - runTaskFromQueue task cost before running: 3 s 407 ms 
[2026-05-08T11:08:53.292] [INFO] debug-file - Finished :entry:default@BuildNativeWithNinja... after 1 ms 
[2026-05-08T11:08:53.294] [DEBUG] debug-file - restool module names: entry; moduleName=entry, taskName=default@ProcessResource
[2026-05-08T11:08:53.297] [DEBUG] debug-file - Executing task :entry:default@ProcessResource
[2026-05-08T11:08:53.297] [DEBUG] debug-file - Task 'entry:default@ProcessResource' cost while wrapping incremental declarations: 1 ms 
[2026-05-08T11:08:53.299] [DEBUG] debug-file - Incremental task entry:default@ProcessResource pre-execution cost: 1 ms .
[2026-05-08T11:08:53.299] [DEBUG] debug-file - entry : default@ProcessResource cost memory 0.1300201416015625
[2026-05-08T11:08:53.300] [INFO] debug-file - UP-TO-DATE :entry:default@ProcessResource...  
[2026-05-08T11:08:53.303] [DEBUG] debug-file - Executing task :entry:default@GenerateLoaderJson
[2026-05-08T11:08:53.304] [DEBUG] debug-file - Task 'entry:default@GenerateLoaderJson' cost while wrapping incremental declarations: 1 ms 
[2026-05-08T11:08:53.311] [DEBUG] debug-file - Incremental task entry:default@GenerateLoaderJson pre-execution cost: 3 ms .
[2026-05-08T11:08:53.311] [DEBUG] debug-file - entry : default@GenerateLoaderJson cost memory 0.28348541259765625
[2026-05-08T11:08:53.313] [INFO] debug-file - UP-TO-DATE :entry:default@GenerateLoaderJson...  
[2026-05-08T11:08:53.314] [DEBUG] debug-file - Executing task :entry:default@ProcessLibs
[2026-05-08T11:08:53.316] [DEBUG] debug-file - Incremental task entry:default@ProcessLibs pre-execution cost: 1 ms .
[2026-05-08T11:08:53.316] [DEBUG] debug-file - entry : default@ProcessLibs cost memory 0.318359375
[2026-05-08T11:08:53.317] [INFO] debug-file - UP-TO-DATE :entry:default@ProcessLibs...  
[2026-05-08T11:08:53.318] [DEBUG] debug-file - restool module names: entry; moduleName=entry, taskName=default@CompileResource
[2026-05-08T11:08:53.319] [DEBUG] debug-file - Executing task :entry:default@CompileResource
[2026-05-08T11:08:53.550] [DEBUG] debug-file - Use tool [/Applications/DevEco-Studio.app/Contents/sdk/default/openharmony/toolchains/restool]
 [
  '/Applications/DevEco-Studio.app/Contents/sdk/default/openharmony/toolchains/restool',
  '-l',
  '/Users/jordanzt/Work/Projects/opencalc-harmonyos/harmonyos/entry/build/default/intermediates/res/default/resConfig.json'
]
[2026-05-08T11:08:53.552] [DEBUG] debug-file - current process  memoryUsage: {
  rss: 307556352,
  heapTotal: 171163648,
  heapUsed: 145838456,
  external: 3254476,
  arrayBuffers: 1353704
} os memoryUsage :7.982761383056641
[2026-05-08T11:08:53.602] [DEBUG] debug-file - Info: Pack: normal pack mode

[2026-05-08T11:08:53.753] [DEBUG] debug-file - Info: hardware concurrency count is : 4

[2026-05-08T11:08:53.754] [DEBUG] debug-file - Info: thread count is : 4
Info: thread pool is started

[2026-05-08T11:08:53.756] [DEBUG] debug-file - Info: GenericCompiler::CompileFiles

[2026-05-08T11:08:53.758] [DEBUG] debug-file - Info: GenericCompiler::CompileFiles

[2026-05-08T11:08:53.763] [DEBUG] debug-file - 05-08 11:08:53.762 20958 640305 E C01400/ImageTranscoderUtils: DecodeToRGBA IN

[2026-05-08T11:08:53.763] [DEBUG] debug-file - 05-08 11:08:53.763 20958 640305 E C01400/ImageTranscoderUtils: ImageFilter IN /Users/jordanzt/Work/Projects/opencalc-harmonyos/harmonyos/entry/src/main/resources/base/media/app_icon.png

[2026-05-08T11:08:53.773] [DEBUG] debug-file - 05-08 11:08:53.773 20958 640305 E C01400/ImageTranscoder: TranscodeSLR Only zoom-out is supported.

[2026-05-08T11:08:53.774] [DEBUG] debug-file - Warning: ScaleImage failed, error message: INVALID_PARAMETERS, file path = /Users/jordanzt/Work/Projects/opencalc-harmonyos/harmonyos/entry/src/main/resources/base/media/app_icon.png

[2026-05-08T11:08:53.778] [DEBUG] debug-file - Info: restool resources compile success.

[2026-05-08T11:08:53.778] [DEBUG] debug-file - Info: thread pool is stopped

[2026-05-08T11:08:53.787] [DEBUG] debug-file - entry : default@CompileResource cost memory 7.13433837890625
[2026-05-08T11:08:53.787] [DEBUG] debug-file - runTaskFromQueue task cost before running: 3 s 903 ms 
[2026-05-08T11:08:53.788] [INFO] debug-file - Finished :entry:default@CompileResource... after 469 ms 
[2026-05-08T11:08:53.790] [DEBUG] debug-file - Executing task :entry:default@DoNativeStrip
[2026-05-08T11:08:53.791] [DEBUG] debug-file - File: '/Users/jordanzt/Work/Projects/opencalc-harmonyos/harmonyos/entry/build/default/intermediates/binxo/default' from 'doBinxoNativeLibs' is not exists, just ignore.
[2026-05-08T11:08:53.791] [DEBUG] debug-file - Task 'entry:default@DoNativeStrip' cost while wrapping incremental declarations: 1 ms 
[2026-05-08T11:08:53.794] [DEBUG] debug-file - entry : default@DoNativeStrip cost memory 0.16304779052734375
[2026-05-08T11:08:53.794] [DEBUG] debug-file - runTaskFromQueue task cost before running: 3 s 909 ms 
[2026-05-08T11:08:53.795] [INFO] debug-file - Finished :entry:default@DoNativeStrip... after 4 ms 
[2026-05-08T11:08:53.798] [DEBUG] debug-file - Executing task :entry:default@CompileArkTS
[2026-05-08T11:08:53.799] [DEBUG] debug-file - obfuscationOptions: undefined
[2026-05-08T11:08:53.801] [DEBUG] debug-file - Task 'entry:default@CompileArkTS' cost while wrapping incremental declarations: 1 ms 
[2026-05-08T11:08:53.827] [DEBUG] debug-file - build config:
[2026-05-08T11:08:53.828] [DEBUG] debug-file - {
  moduleType: 'entry',
  perf: 0,
  targetName: '.default',
  packageManagerType: 'ohpm',
  localPropertiesPath: '/Users/jordanzt/Work/Projects/opencalc-harmonyos/harmonyos/local.properties',
  isPreview: false,
  isOhosTest: false,
  isLocalTest: false,
  buildMode: 'Debug',
  hotReloadBuild: undefined,
  watchMode: 'false',
  aceProfilePath: '/Users/jordanzt/Work/Projects/opencalc-harmonyos/harmonyos/entry/build/default/intermediates/res/default/resources/base/profile',
  etsLoaderPath: '/Applications/DevEco-Studio.app/Contents/sdk/default/openharmony/ets/build-tools/ets-loader',
  modulePath: '/Users/jordanzt/Work/Projects/opencalc-harmonyos/harmonyos/entry',
  testFrameworkPar: {
    testMode: undefined,
    coveragePathFilter: undefined,
    coverageMode: undefined
  },
  needCoverageInsert: false,
  debugLine: false,
  projectTopDir: '/Users/jordanzt/Work/Projects/opencalc-harmonyos/harmonyos',
  compileSdkVersion: 23,
  compatibleSdkVersion: 12,
  originCompatibleSdkVersion: '5.0.0(12)',
  compatibleSdkVersionStage: 'beta1',
  bundleName: 'c***r',
  etsLoaderVersion: '6.1.0.105',
  etsLoaderReleaseType: 'Release',
  aotCompileMode: 'type',
  apPath: '/Users/jordanzt/Work/Projects/opencalc-harmonyos/harmonyos/entry/modules.ap',
  entryModuleName: 'entry',
  entryModuleVersion: '1.0.0',
  entryPackageName: 'entry',
  allModuleNameHash: '0d84113053e8b94ad08c71594bd806bad061275a295fb83682248844ac00ac26',
  externalApiPaths: [ '/Applications/DevEco-Studio.app/Contents/sdk/default/hms/ets' ],
  compilerTypes: [],
  isCrossplatform: false,
  hvigorPluginFile: undefined,
  compilePluginPath: undefined,
  buildGeneratedProfilePath: '/Users/jordanzt/Work/Projects/opencalc-harmonyos/harmonyos/entry/build/default/generated/profile/default',
  bundleType: 'app',
  arkTSVersion: undefined,
  apiVersion: 23,
  needCompleteSourcesMap: false,
  isFaMode: false,
  buildDir: '/Users/jordanzt/Work/Projects/opencalc-harmonyos/harmonyos/entry/build',
  deviceTypes: [ 'phone', 'tablet' ],
  pkgContextInfo: undefined,
  ohPackagePathMap: {},
  dependencyAliasMap: {},
  permission: { requestPermissions: [ [Object] ], definePermissions: undefined },
  useGetCurrentBundleName: false,
  projectArkOption: undefined,
  sourceMapDir: undefined,
  branchElimination: false,
  transformLib: undefined,
  tsImportSendable: false,
  resolveConflictMode: true,
  depName2RootPath: {},
  depName2DepInfo: {},
  depName2OhExports: {},
  rootPathSet: [ '/Users/jordanzt/Work/Projects/opencalc-harmonyos/harmonyos' ],
  useNativeResolver: true,
  shouldEmitJs: true,
  useTscResolve: false,
  singleFileEmit: false,
  userProjectConfig: {
    autoLazyImport: false,
    allowEmptyBundleName: false,
    reExportCheckMode: 'noCheck',
    executionMode: 'memory',
    usePathPlaceholder: false,
    writeRollupCache: true,
    isExpandImportEnabled: false,
    expandImportExclude: '',
    lazyImportExclude: '',
    lazyImportInclude: '',
    ignoreCrossplatformCheck: false,
    isHarDeduplicateEnabled: false,
    skipOhModulesLint: false,
    enableStrictCheckOHModule: false,
    disableSendableCheckRules: [],
    useDeclarationFileSignature: false,
    customizedOptions: undefined,
    integratedHsp: false,
    isPreloadSoEnabled: false
  },
  executionMode: 'memory',
  arkCompileCachePath: '/Users/jordanzt/Work/Projects/opencalc-harmonyos/harmonyos/entry/build/default/cache/default/default@CompileArkTS/esmodule',
  autoLazyFilter: undefined,
  isHarDeduplicateEnabled: false,
  intermediateHarDuplicateDirPath: '/Users/jordanzt/Work/Projects/opencalc-harmonyos/harmonyos/entry/build/default/intermediates/har_duplicate/default',
  autoLazyImport: false,
  allowEmptyBundleName: false,
  reExportCheckMode: 'noCheck',
  usePathPlaceholder: false,
  writeRollupCache: true,
  isExpandImportEnabled: false,
  expandImportExclude: '',
  lazyImportExclude: '',
  lazyImportInclude: '',
  ignoreCrossplatformCheck: false,
  skipOhModulesLint: false,
  enableStrictCheckOHModule: false,
  disableSendableCheckRules: [],
  useDeclarationFileSignature: false,
  customizedOptions: undefined,
  integratedHsp: false,
  isPreloadSoEnabled: false,
  strictMode: undefined,
  useNormalizedOHMUrl: false,
  caseSensitiveCheck: false,
  aceModuleJsonPath: '/Users/jordanzt/Work/Projects/opencalc-harmonyos/harmonyos/entry/build/default/intermediates/res/default/ark_module.json',
  appResource: '/Users/jordanzt/Work/Projects/opencalc-harmonyos/harmonyos/entry/build/default/intermediates/res/default/ResourceTable.txt',
  rawFileResource: '/Users/jordanzt/Work/Projects/opencalc-harmonyos/harmonyos/entry/build/default/intermediates/res/default/resources/rawfile',
  resourceTableHash: '15a61ac8d9e6adf561b61d3e27a374d205464ba7d77ce5a6c1be29eb60539798',
  runtimeOS: 'HarmonyOS',
  sdkInfo: 'false:23:6.1.0.105:Release',
  aceModuleRoot: '/Users/jordanzt/Work/Projects/opencalc-harmonyos/harmonyos/entry/src/main/ets',
  compileMode: 'esmodule',
  aceSuperVisualPath: '/Users/jordanzt/Work/Projects/opencalc-harmonyos/harmonyos/entry/src/main/supervisual',
  aceBuildJson: '/Users/jordanzt/Work/Projects/opencalc-harmonyos/harmonyos/entry/build/default/intermediates/loader/default/loader.json',
  cachePath: '/Users/jordanzt/Work/Projects/opencalc-harmonyos/harmonyos/entry/build/default/cache/default/default@CompileArkTS/esmodule/debug',
  aceModuleBuild: '/Users/jordanzt/Work/Projects/opencalc-harmonyos/harmonyos/entry/build/default/intermediates/loader_out/default/ets',
  supportChunks: true,
  declaredFilesPath: undefined,
  shouldCollectDirectImportees: false,
  isByteCodeHarOptimize: false,
  expandImportPath: undefined,
  resourceTableTs: '/Users/jordanzt/Work/Projects/opencalc-harmonyos/harmonyos/entry/build/default/generated/r/default/ResourceTable.ts',
  moduleMetaInfoFiles: [
    {
      filePath: '/Users/jordanzt/Work/Projects/opencalc-harmonyos/harmonyos/entry/build/default/generated/r/default/ResourceTable.ts',
      ohmurl: 'com.darkempire78.opencalculator/entry/build/generated/r/ResourceTable'
    }
  ],
  pkgNameToPkgBriefInfo: {
    entry: {
      pkgRoot: '/Users/jordanzt/Work/Projects/opencalc-harmonyos/harmonyos/entry',
      originalSourceRoots: undefined,
      sourceRoots: [Array],
      pkgName: 'entry'
    }
  },
  projectModel: {
    '/Users/jordanzt/Work/Projects/opencalc-harmonyos/harmonyos/entry/src/main': {
      moduleName: 'entry',
      modulePkgPath: '/Users/jordanzt/Work/Projects/opencalc-harmonyos/harmonyos/entry',
      belongProjectPath: '/Users/jordanzt/Work/Projects/opencalc-harmonyos/harmonyos'
    },
    '/Users/jordanzt/Work/Projects/opencalc-harmonyos/harmonyos/entry': {
      moduleName: 'entry',
      modulePkgPath: '/Users/jordanzt/Work/Projects/opencalc-harmonyos/harmonyos/entry',
      belongProjectPath: '/Users/jordanzt/Work/Projects/opencalc-harmonyos/harmonyos'
    },
    '/Users/jordanzt/Work/Projects/opencalc-harmonyos/harmonyos': {
      moduleName: 'harmonyos',
      modulePkgPath: '/Users/jordanzt/Work/Projects/opencalc-harmonyos/harmonyos',
      belongProjectPath: '/Users/jordanzt/Work/Projects/opencalc-harmonyos/harmonyos'
    }
  },
  pkgJsonFileHash: 'cf9b0f2997a7979000f057c827bb816657dbaf4eb9ef33d3721a61408387d0a7',
  allModulePaths: [
    '/Users/jordanzt/Work/Projects/opencalc-harmonyos/harmonyos/entry'
  ],
  routerMap: {},
  obfuscationOptions: undefined,
  byteCodeHarToDependencyKeys: undefined,
  compileBlockPkg: [],
  mockParams: {
    decorator: '@MockSetup',
    packageName: '@ohos/hamock',
    etsSourceRootPath: 'src/main/ets',
    mockConfigPath: undefined,
    mockConfigKey2ModuleInfo: {},
    source2ModuleIdMap: {}
  },
  copyCodeResourceEnable: true,
  copyCodeResourceExcludes: [],
  copyCodeResourceIncludes: undefined,
  uiTransformOptimization: false,
  sdkPath: '/Applications/DevEco-Studio.app/Contents/sdk',
  needPreloadSoFileSet: {},
  preloadSoFilePath: '/Users/jordanzt/Work/Projects/opencalc-harmonyos/harmonyos/entry/build/default/intermediates/preload/default/preload.json',
  useSourceHash: false,
  localModuleParamMap: {},
  otherPaths: {
    'entry/*': [ '../*', '../../../build/default/generated/profile/default/*' ]
  },
  collectImportersConfig: undefined
}
[2026-05-08T11:08:53.829] [DEBUG] debug-file - Compile arkts with external api path: /Applications/DevEco-Studio.app/Contents/sdk/default/hms/ets
[2026-05-08T11:08:53.830] [DEBUG] debug-file - default@CompileArkTS work[0] is submitted.
[2026-05-08T11:08:53.831] [DEBUG] debug-file - default@CompileArkTS work[0] is pushed to ready queue.
[2026-05-08T11:08:53.831] [DEBUG] debug-file - A work dispatched to worker[3] failed because unable to get work from ready queue.
[2026-05-08T11:08:53.831] [DEBUG] debug-file - Create  resident worker with id: 2.
[2026-05-08T11:08:53.832] [DEBUG] debug-file - default@CompileArkTS work[0] has been dispatched to worker[2].
[2026-05-08T11:08:53.832] [DEBUG] debug-file - default@CompileArkTS work[0] is dispatched.
[2026-05-08T11:08:53.833] [DEBUG] debug-file - CopyResources startTime: 187138682856272
[2026-05-08T11:08:53.833] [DEBUG] debug-file - default@CompileArkTS work[1] is submitted.
[2026-05-08T11:08:53.833] [DEBUG] debug-file - default@CompileArkTS work[1] is pushed to ready queue.
[2026-05-08T11:08:53.833] [DEBUG] debug-file - A work dispatched to worker[3] failed because unable to get work from ready queue.
[2026-05-08T11:08:53.833] [DEBUG] debug-file - A work dispatched to worker[2] failed because of worker busy.
[2026-05-08T11:08:53.833] [DEBUG] debug-file - default@CompileArkTS work[1] has been dispatched to worker[1].
[2026-05-08T11:08:53.833] [DEBUG] debug-file - default@CompileArkTS work[1] is dispatched.
[2026-05-08T11:08:53.833] [DEBUG] debug-file - entry : default@CompileArkTS cost memory 1.9445877075195312
[2026-05-08T11:08:53.835] [DEBUG] debug-file - Executing task :entry:default@BuildJS
[2026-05-08T11:08:53.835] [DEBUG] debug-file - Task 'entry:default@BuildJS' cost while wrapping incremental declarations: 1 ms 
[2026-05-08T11:08:53.837] [DEBUG] debug-file - entry : default@BuildJS cost memory 0.1195831298828125
[2026-05-08T11:08:53.837] [DEBUG] debug-file - runTaskFromQueue task cost before running: 3 s 952 ms 
[2026-05-08T11:08:53.837] [INFO] debug-file - Finished :entry:default@BuildJS... after 2 ms 
[2026-05-08T11:08:53.838] [DEBUG] debug-file - Executing task :entry:default@CacheNativeLibs
[2026-05-08T11:08:53.838] [DEBUG] debug-file - File: '/Users/jordanzt/Work/Projects/opencalc-harmonyos/harmonyos/entry/build/default/intermediates/binxo/default' from 'cacheBinxoNativeLibs' is not exists, just ignore.
[2026-05-08T11:08:53.839] [DEBUG] debug-file - Task 'entry:default@CacheNativeLibs' cost while wrapping incremental declarations: 1 ms 
[2026-05-08T11:08:53.839] [DEBUG] debug-file - default@CacheNativeLibs work[2] is submitted.
[2026-05-08T11:08:53.840] [DEBUG] debug-file - default@CacheNativeLibs work[2] is pushed to ready queue.
[2026-05-08T11:08:53.840] [DEBUG] debug-file - A work dispatched to worker[3] failed because unable to get work from ready queue.
[2026-05-08T11:08:53.840] [DEBUG] debug-file - A work dispatched to worker[2] failed because of worker busy.
[2026-05-08T11:08:53.840] [DEBUG] debug-file - A work dispatched to worker[1] failed because of worker busy.
[2026-05-08T11:08:53.841] [DEBUG] debug-file - default@CacheNativeLibs work[2] has been dispatched to worker[0].
[2026-05-08T11:08:53.841] [DEBUG] debug-file - default@CacheNativeLibs work[2] is dispatched.
[2026-05-08T11:08:53.841] [DEBUG] debug-file - entry : default@CacheNativeLibs cost memory 0.3645172119140625
[2026-05-08T11:08:53.959] [DEBUG] debug-file - worker[1] has one work done.
[2026-05-08T11:08:53.959] [DEBUG] debug-file - CopyResources is end, endTime: 187138809470822
[2026-05-08T11:08:53.959] [DEBUG] debug-file - default@CompileArkTS work[1] done.
[2026-05-08T11:08:53.960] [DEBUG] debug-file - A work dispatched to worker[1] failed because unable to get work from ready queue.
[2026-05-08T11:08:54.055] [DEBUG] debug-file - worker[0] has one work done.
[2026-05-08T11:08:54.056] [DEBUG] debug-file - default@CacheNativeLibs work[2] done.
[2026-05-08T11:08:54.056] [DEBUG] debug-file - A work dispatched to worker[0] failed because unable to get work from ready queue.
[2026-05-08T11:08:54.057] [INFO] debug-file - Finished :entry:default@CacheNativeLibs... after 6 ms 
[2026-05-08T11:09:05.883] [DEBUG] debug-file - worker[2] has one work done.
[2026-05-08T11:09:05.885] [DEBUG] debug-file - default@CompileArkTS work[0] done.
[2026-05-08T11:09:05.886] [DEBUG] debug-file - A work dispatched to worker[2] failed because unable to get work from ready queue.
[2026-05-08T11:09:05.888] [INFO] debug-file - Finished :entry:default@CompileArkTS... after 9 s 391 ms 
[2026-05-08T11:09:05.889] [DEBUG] debug-file - Executing task :entry:default@GeneratePkgModuleJson
[2026-05-08T11:09:05.889] [DEBUG] debug-file - File: '/Users/jordanzt/Work/Projects/opencalc-harmonyos/harmonyos/entry/build/default/intermediates/preload/default/preload.json' from 'preloadSoJsonPath' is not exists, just ignore.
[2026-05-08T11:09:05.890] [DEBUG] debug-file - Error occurs while handling @Input 'shouldDeduplicateHar': The "data" argument must be of type string or an instance of Buffer, TypedArray, or DataView. Received undefined
[2026-05-08T11:09:05.891] [DEBUG] debug-file - Task 'entry:default@GeneratePkgModuleJson' cost while wrapping incremental declarations: 2 ms 
[2026-05-08T11:09:05.904] [DEBUG] debug-file - entry : default@GeneratePkgModuleJson cost memory 0.15242767333984375
[2026-05-08T11:09:05.906] [DEBUG] debug-file - runTaskFromQueue task cost before running: 16 s 21 ms 
[2026-05-08T11:09:05.907] [INFO] debug-file - Finished :entry:default@GeneratePkgModuleJson... after 17 ms 
[2026-05-08T11:09:05.910] [DEBUG] debug-file - Executing task :entry:default@ProcessCompiledResources
[2026-05-08T11:09:05.911] [DEBUG] debug-file - File: '/Users/jordanzt/Work/Projects/opencalc-harmonyos/harmonyos/entry/build/default/intermediates/preload/default/preload.json' from 'preloadSoJsonPath' is not exists, just ignore.
[2026-05-08T11:09:05.912] [DEBUG] debug-file - Task 'entry:default@ProcessCompiledResources' cost while wrapping incremental declarations: 2 ms 
[2026-05-08T11:09:05.915] [DEBUG] debug-file - entry : default@ProcessCompiledResources cost memory 0.0648193359375
[2026-05-08T11:09:05.915] [DEBUG] debug-file - runTaskFromQueue task cost before running: 16 s 30 ms 
[2026-05-08T11:09:05.915] [INFO] debug-file - Finished :entry:default@ProcessCompiledResources... after 6 ms 
[2026-05-08T11:09:05.919] [DEBUG] debug-file - Executing task :entry:default@PackageHap
[2026-05-08T11:09:05.910] [DEBUG] debug-file - Ark compile task finished.finished time is 187150732902857
[2026-05-08T11:09:05.923] [DEBUG] debug-file - Use tool [/Applications/DevEco-Studio.app/Contents/sdk/default/openharmony/toolchains/lib/app_packing_tool.jar]
 [
  'java',
  '-Dfile.encoding=utf-8',
  '-jar',
  '/Applications/DevEco-Studio.app/Contents/sdk/default/openharmony/toolchains/lib/app_packing_tool.jar',
  '--mode',
  'hap',
  '--force',
  'true',
  '--lib-path',
  '/Users/jordanzt/Work/Projects/opencalc-harmonyos/harmonyos/entry/build/default/intermediates/stripped_native_libs/default',
  '--json-path',
  '/Users/jordanzt/Work/Projects/opencalc-harmonyos/harmonyos/entry/build/default/intermediates/package/default/module.json',
  '--resources-path',
  '/Users/jordanzt/Work/Projects/opencalc-harmonyos/harmonyos/entry/build/default/intermediates/res/default/resources',
  '--index-path',
  '/Users/jordanzt/Work/Projects/opencalc-harmonyos/harmonyos/entry/build/default/intermediates/res/default/resources.index',
  '--pack-info-path',
  '/Users/jordanzt/Work/Projects/opencalc-harmonyos/harmonyos/entry/build/default/outputs/default/pack.info',
  '--out-path',
  '/Users/jordanzt/Work/Projects/opencalc-harmonyos/harmonyos/entry/build/default/outputs/default/entry-default-unsigned.hap',
  '--ets-path',
  '/Users/jordanzt/Work/Projects/opencalc-harmonyos/harmonyos/entry/build/default/intermediates/loader_out/default/ets',
  '--pkg-sdk-info-path',
  '/Users/jordanzt/Work/Projects/opencalc-harmonyos/harmonyos/entry/build/default/intermediates/loader/default/pkgSdkInfo.json'
]
[2026-05-08T11:09:05.925] [DEBUG] debug-file - default@PackageHap work[3] is submitted.
[2026-05-08T11:09:05.927] [DEBUG] debug-file - default@PackageHap work[3] is pushed to ready queue.
[2026-05-08T11:09:05.928] [DEBUG] debug-file - A work dispatched to worker[3] failed because unable to get work from ready queue.
[2026-05-08T11:09:05.928] [DEBUG] debug-file - default@PackageHap work[3] has been dispatched to worker[2].
[2026-05-08T11:09:05.928] [DEBUG] debug-file - default@PackageHap work[3] is dispatched.
[2026-05-08T11:09:05.933] [DEBUG] debug-file - entry : default@PackageHap cost memory -0.548095703125
[2026-05-08T11:09:05.942] [DEBUG] debug-file - current process  memoryUsage: {
  rss: 559869952,
  heapTotal: 319062016,
  heapUsed: 270019240,
  external: 3961108,
  arrayBuffers: 108587
} os memoryUsage :7.958740234375
[2026-05-08T11:09:07.234] [DEBUG] debug-file - worker[2] has one work done.
[2026-05-08T11:09:07.234] [DEBUG] debug-file - default@PackageHap work[3] done.
[2026-05-08T11:09:07.235] [DEBUG] debug-file - A work dispatched to worker[2] failed because unable to get work from ready queue.
[2026-05-08T11:09:07.235] [INFO] debug-file - Finished :entry:default@PackageHap... after 1 s 310 ms 
[2026-05-08T11:09:07.237] [DEBUG] debug-file - Executing task :entry:default@PackingCheck
[2026-05-08T11:09:07.248] [DEBUG] debug-file - entry : default@PackingCheck cost memory 0.3871002197265625
[2026-05-08T11:09:07.248] [DEBUG] debug-file - runTaskFromQueue task cost before running: 17 s 364 ms 
[2026-05-08T11:09:07.248] [INFO] debug-file - Finished :entry:default@PackingCheck... after 11 ms 
[2026-05-08T11:09:07.250] [DEBUG] debug-file - Executing task :entry:default@SignHap
[2026-05-08T11:09:07.251] [WARN] debug-file - No signingConfig found for product default
[2026-05-08T11:09:07.252] [DEBUG] debug-file - entry : default@SignHap cost memory 0.05831146240234375
[2026-05-08T11:09:07.253] [DEBUG] debug-file - runTaskFromQueue task cost before running: 17 s 368 ms 
[2026-05-08T11:09:07.255] [INFO] debug-file - Finished :entry:default@SignHap... after 3 ms 
[2026-05-08T11:09:07.258] [DEBUG] debug-file - Executing task :entry:default@CollectDebugSymbol
[2026-05-08T11:09:07.259] [DEBUG] debug-file - entry : default@CollectDebugSymbol cost memory 0.093475341796875
[2026-05-08T11:09:07.259] [DEBUG] debug-file - runTaskFromQueue task cost before running: 17 s 374 ms 
[2026-05-08T11:09:07.259] [INFO] debug-file - Finished :entry:default@CollectDebugSymbol... after 2 ms 
[2026-05-08T11:09:07.260] [DEBUG] debug-file - Executing task :entry:assembleHap
[2026-05-08T11:09:07.260] [DEBUG] debug-file - entry : assembleHap cost memory 0.01279449462890625
[2026-05-08T11:09:07.260] [DEBUG] debug-file - runTaskFromQueue task cost before running: 17 s 375 ms 
[2026-05-08T11:09:07.261] [INFO] debug-file - Finished :entry:assembleHap... after 1 ms 
[2026-05-08T11:09:07.264] [INFO] debug-file - BUILD SUCCESSFUL in 17 s 379 ms 
[2026-05-08T11:09:07.265] [DEBUG] debug-file - There is no need to refresh cache, since the incremental task entry:default@PreBuild is up-to-date.
[2026-05-08T11:09:07.265] [DEBUG] debug-file - Update task entry:default@CreateModuleInfo output file:/Users/jordanzt/Work/Projects/opencalc-harmonyos/harmonyos/entry/build/default/generated/profile/default/ModuleInfo.ts cache.
[2026-05-08T11:09:07.266] [DEBUG] debug-file - Incremental task entry:default@CreateModuleInfo post-execution cost:1 ms .
[2026-05-08T11:09:07.266] [DEBUG] debug-file - There is no need to refresh cache, since the incremental task entry:default@GenerateMetadata is up-to-date.
[2026-05-08T11:09:07.266] [DEBUG] debug-file - There is no need to refresh cache, since the incremental task entry:default@MergeProfile is up-to-date.
[2026-05-08T11:09:07.266] [DEBUG] debug-file - There is no need to refresh cache, since the incremental task entry:default@CreateBuildProfile is up-to-date.
[2026-05-08T11:09:07.266] [DEBUG] debug-file - Update task entry:default@GeneratePkgContextInfo output file:/Users/jordanzt/Work/Projects/opencalc-harmonyos/harmonyos/entry/build/default/intermediates/loader/default/pkgContextInfo.json cache.
[2026-05-08T11:09:07.266] [DEBUG] debug-file - Incremental task entry:default@GeneratePkgContextInfo post-execution cost:1 ms .
[2026-05-08T11:09:07.267] [DEBUG] debug-file - There is no need to refresh cache, since the incremental task entry:default@GeneratePkgSdkInfo is up-to-date.
[2026-05-08T11:09:07.267] [DEBUG] debug-file - Update task entry:default@ProcessIntegratedHsp output file:/Users/jordanzt/Work/Projects/opencalc-harmonyos/harmonyos/build/cache/default/integrated_hsp/integratedHspCache.json cache.
[2026-05-08T11:09:07.267] [DEBUG] debug-file - Incremental task entry:default@ProcessIntegratedHsp post-execution cost:1 ms .
[2026-05-08T11:09:07.267] [DEBUG] debug-file - There is no need to refresh cache, since the incremental task entry:default@MakePackInfo is up-to-date.
[2026-05-08T11:09:07.267] [DEBUG] debug-file - Update task entry:default@SyscapTransform input file:/Applications/DevEco-Studio.app/Contents/sdk/default/openharmony/toolchains/syscap_tool cache by regenerate.
[2026-05-08T11:09:07.268] [DEBUG] debug-file - Update task entry:default@SyscapTransform input file:/Applications/DevEco-Studio.app/Contents/sdk/default/openharmony/ets/api/device-define cache by regenerate.
[2026-05-08T11:09:07.269] [DEBUG] debug-file - Update task entry:default@SyscapTransform output file:/Users/jordanzt/Work/Projects/opencalc-harmonyos/harmonyos/entry/build/default/intermediates/syscap/default/rpcid.sc cache.
[2026-05-08T11:09:07.269] [DEBUG] debug-file - Incremental task entry:default@SyscapTransform post-execution cost:3 ms .
[2026-05-08T11:09:07.269] [DEBUG] debug-file - There is no need to refresh cache, since the incremental task entry:default@ProcessProfile is up-to-date.
[2026-05-08T11:09:07.269] [DEBUG] debug-file - There is no need to refresh cache, since the incremental task entry:default@ProcessRouterMap is up-to-date.
[2026-05-08T11:09:07.270] [DEBUG] debug-file - There is no need to refresh cache, since the incremental task entry:default@ProcessShareConfig is up-to-date.
[2026-05-08T11:09:07.270] [DEBUG] debug-file - Update task entry:default@ProcessStartupConfig output file:/Users/jordanzt/Work/Projects/opencalc-harmonyos/harmonyos/entry/build/default/intermediates/startup/default/startup_config.json cache.
[2026-05-08T11:09:07.270] [DEBUG] debug-file - Incremental task entry:default@ProcessStartupConfig post-execution cost:1 ms .
[2026-05-08T11:09:07.270] [DEBUG] debug-file - There is no need to refresh cache, since the incremental task entry:default@ProcessResource is up-to-date.
[2026-05-08T11:09:07.270] [DEBUG] debug-file - There is no need to refresh cache, since the incremental task entry:default@GenerateLoaderJson is up-to-date.
[2026-05-08T11:09:07.270] [DEBUG] debug-file - There is no need to refresh cache, since the incremental task entry:default@ProcessLibs is up-to-date.
[2026-05-08T11:09:07.272] [DEBUG] debug-file - Update task entry:default@CompileResource input file:/Users/jordanzt/Work/Projects/opencalc-harmonyos/harmonyos/entry/src/main/resources cache by regenerate.
[2026-05-08T11:09:07.274] [DEBUG] debug-file - Update task entry:default@CompileResource input file:/Users/jordanzt/Work/Projects/opencalc-harmonyos/harmonyos/entry/build/default/intermediates/process_profile/default/module.json cache by regenerate.
[2026-05-08T11:09:07.274] [DEBUG] debug-file - Update task entry:default@CompileResource input file:/Users/jordanzt/Work/Projects/opencalc-harmonyos/harmonyos/entry/build/default/intermediates/res/default/resConfig.json cache by regenerate.
[2026-05-08T11:09:07.274] [DEBUG] debug-file - Update task entry:default@CompileResource output file:/Users/jordanzt/Work/Projects/opencalc-harmonyos/harmonyos/entry/build/default/intermediates/res/default cache.
[2026-05-08T11:09:07.279] [DEBUG] debug-file - Update task entry:default@CompileResource output file:/Users/jordanzt/Work/Projects/opencalc-harmonyos/harmonyos/entry/build/default/generated/r/default/ResourceTable.h cache.
[2026-05-08T11:09:07.279] [DEBUG] debug-file - Update task entry:default@CompileResource output file:/Users/jordanzt/Work/Projects/opencalc-harmonyos/harmonyos/entry/build/default/generated/r/default/ResourceTable.ts cache.
[2026-05-08T11:09:07.279] [DEBUG] debug-file - Update task entry:default@CompileResource output file:/Users/jordanzt/Work/Projects/opencalc-harmonyos/harmonyos/entry/build/default/generated/r/default cache.
[2026-05-08T11:09:07.281] [DEBUG] debug-file - Incremental task entry:default@CompileResource post-execution cost:11 ms .
[2026-05-08T11:09:07.281] [DEBUG] debug-file - Update task entry:default@DoNativeStrip input file:/Users/jordanzt/Work/Projects/opencalc-harmonyos/harmonyos/entry/build/default/intermediates/libs/default cache by regenerate.
[2026-05-08T11:09:07.281] [DEBUG] debug-file - Update task entry:default@DoNativeStrip output file:/Users/jordanzt/Work/Projects/opencalc-harmonyos/harmonyos/entry/build/default/intermediates/stripped_native_libs/default cache.
[2026-05-08T11:09:07.282] [DEBUG] debug-file - Incremental task entry:default@DoNativeStrip post-execution cost:1 ms .
[2026-05-08T11:09:07.282] [DEBUG] debug-file - Update task entry:default@CompileArkTS input file:/Users/jordanzt/Work/Projects/opencalc-harmonyos/harmonyos/entry/build/default/intermediates/loader/default cache by regenerate.
[2026-05-08T11:09:07.283] [DEBUG] debug-file - Update task entry:default@CompileArkTS input file:/Users/jordanzt/Work/Projects/opencalc-harmonyos/harmonyos/entry/build/default/intermediates/res/default/ResourceTable.txt cache by regenerate.
[2026-05-08T11:09:07.283] [DEBUG] debug-file - Update task entry:default@CompileArkTS input file:/Users/jordanzt/Work/Projects/opencalc-harmonyos/harmonyos/entry/build/default/intermediates/res/default/ark_module.json cache by regenerate.
[2026-05-08T11:09:07.283] [DEBUG] debug-file - Update task entry:default@CompileArkTS input file:/Users/jordanzt/Work/Projects/opencalc-harmonyos/harmonyos/entry/build/default/intermediates/res/default/resources/base/profile cache by regenerate.
[2026-05-08T11:09:07.284] [DEBUG] debug-file - Update task entry:default@CompileArkTS input file:/Users/jordanzt/Work/Projects/opencalc-harmonyos/harmonyos/entry/src/main/ets cache by regenerate.
[2026-05-08T11:09:07.285] [DEBUG] debug-file - Update task entry:default@CompileArkTS input file:/Users/jordanzt/Work/Projects/opencalc-harmonyos/harmonyos/entry/build/default/generated/profile/default/BuildProfile.ets cache by regenerate.
[2026-05-08T11:09:07.286] [DEBUG] debug-file - Update task entry:default@CompileArkTS output file:/Users/jordanzt/Work/Projects/opencalc-harmonyos/harmonyos/entry/build/default/intermediates/loader_out/default/ets cache.
[2026-05-08T11:09:07.286] [DEBUG] debug-file - Incremental task entry:default@CompileArkTS post-execution cost:5 ms .
[2026-05-08T11:09:07.286] [DEBUG] debug-file - Update task entry:default@BuildJS input file:/Users/jordanzt/Work/Projects/opencalc-harmonyos/harmonyos/entry/build/default/intermediates/loader/default cache by regenerate.
[2026-05-08T11:09:07.287] [DEBUG] debug-file - Update task entry:default@BuildJS input file:/Users/jordanzt/Work/Projects/opencalc-harmonyos/harmonyos/entry/build/default/intermediates/res/default/ResourceTable.txt cache by regenerate.
[2026-05-08T11:09:07.287] [DEBUG] debug-file - Update task entry:default@BuildJS input file:/Users/jordanzt/Work/Projects/opencalc-harmonyos/harmonyos/entry/build/default/intermediates/res/default/ark_module.json cache by regenerate.
[2026-05-08T11:09:07.287] [DEBUG] debug-file - Update task entry:default@BuildJS input file:/Users/jordanzt/Work/Projects/opencalc-harmonyos/harmonyos/entry/build/default/intermediates/res/default/resources/base/profile cache by regenerate.
[2026-05-08T11:09:07.288] [DEBUG] debug-file - Update task entry:default@BuildJS output file:/Users/jordanzt/Work/Projects/opencalc-harmonyos/harmonyos/entry/build/default/intermediates/loader_out/default/js cache.
[2026-05-08T11:09:07.288] [DEBUG] debug-file - Incremental task entry:default@BuildJS post-execution cost:2 ms .
[2026-05-08T11:09:07.288] [DEBUG] debug-file - Update task entry:default@CacheNativeLibs input file:/Users/jordanzt/Work/Projects/opencalc-harmonyos/harmonyos/entry/build/default/intermediates/stripped_native_libs/default cache by regenerate.
[2026-05-08T11:09:07.288] [DEBUG] debug-file - Update task entry:default@CacheNativeLibs input file:/Users/jordanzt/Work/Projects/opencalc-harmonyos/harmonyos/entry/build/default/intermediates/libs/default cache by regenerate.
[2026-05-08T11:09:07.288] [DEBUG] debug-file - Update task entry:default@CacheNativeLibs output file:/Users/jordanzt/Work/Projects/opencalc-harmonyos/harmonyos/entry/build/default/intermediates/patch/default/base_native_libs.json cache.
[2026-05-08T11:09:07.288] [DEBUG] debug-file - Update task entry:default@CacheNativeLibs output file:/Users/jordanzt/Work/Projects/opencalc-harmonyos/harmonyos/entry/build/default/intermediates/patch/default/binxo_native_libs.json cache.
[2026-05-08T11:09:07.289] [DEBUG] debug-file - Incremental task entry:default@CacheNativeLibs post-execution cost:1 ms .
[2026-05-08T11:09:07.289] [DEBUG] debug-file - Update task entry:default@GeneratePkgModuleJson input file:/Users/jordanzt/Work/Projects/opencalc-harmonyos/harmonyos/entry/build/default/intermediates/res/default/module.json cache by regenerate.
[2026-05-08T11:09:07.289] [DEBUG] debug-file - Update task entry:default@GeneratePkgModuleJson output file:/Users/jordanzt/Work/Projects/opencalc-harmonyos/harmonyos/entry/build/default/intermediates/package/default/module.json cache.
[2026-05-08T11:09:07.289] [DEBUG] debug-file - Incremental task entry:default@GeneratePkgModuleJson post-execution cost:1 ms .
[2026-05-08T11:09:07.289] [DEBUG] debug-file - Incremental task entry:default@ProcessCompiledResources post-execution cost:1 ms .
[2026-05-08T11:09:07.289] [DEBUG] debug-file - Update task entry:default@PackageHap input file:/Users/jordanzt/Work/Projects/opencalc-harmonyos/harmonyos/entry/build/default/intermediates/stripped_native_libs/default cache by regenerate.
[2026-05-08T11:09:07.289] [DEBUG] debug-file - Update task entry:default@PackageHap input file:/Users/jordanzt/Work/Projects/opencalc-harmonyos/harmonyos/entry/build/default/intermediates/res/default/module.json cache by regenerate.
[2026-05-08T11:09:07.290] [DEBUG] debug-file - Update task entry:default@PackageHap input file:/Users/jordanzt/Work/Projects/opencalc-harmonyos/harmonyos/entry/build/default/intermediates/res/default/resources cache by regenerate.
[2026-05-08T11:09:07.290] [DEBUG] debug-file - Update task entry:default@PackageHap input file:/Users/jordanzt/Work/Projects/opencalc-harmonyos/harmonyos/entry/build/default/intermediates/res/default/resources.index cache by regenerate.
[2026-05-08T11:09:07.290] [DEBUG] debug-file - Update task entry:default@PackageHap input file:/Users/jordanzt/Work/Projects/opencalc-harmonyos/harmonyos/entry/build/default/outputs/default/pack.info cache by regenerate.
[2026-05-08T11:09:07.290] [DEBUG] debug-file - Update task entry:default@PackageHap input file:/Users/jordanzt/Work/Projects/opencalc-harmonyos/harmonyos/entry/build/default/intermediates/loader_out/default/ets cache by regenerate.
[2026-05-08T11:09:07.291] [DEBUG] debug-file - Update task entry:default@PackageHap input file:/Users/jordanzt/Work/Projects/opencalc-harmonyos/harmonyos/entry/build/default/intermediates/loader/default/pkgSdkInfo.json cache by regenerate.
[2026-05-08T11:09:07.291] [DEBUG] debug-file - Update task entry:default@PackageHap input file:/Users/jordanzt/Work/Projects/opencalc-harmonyos/harmonyos/entry/build/default/intermediates/loader_out/default/ets/sourceMaps.map cache by regenerate.
[2026-05-08T11:09:07.291] [DEBUG] debug-file - Update task entry:default@PackageHap input file:/Users/jordanzt/Work/Projects/opencalc-harmonyos/harmonyos/entry/build/default/generated/profile/default/BuildProfile.ets cache by regenerate.
[2026-05-08T11:09:07.292] [DEBUG] debug-file - Update task entry:default@PackageHap output file:/Users/jordanzt/Work/Projects/opencalc-harmonyos/harmonyos/entry/build/default/outputs/default/entry-default-unsigned.hap cache.
[2026-05-08T11:09:07.292] [DEBUG] debug-file - Update task entry:default@PackageHap output file:/Users/jordanzt/Work/Projects/opencalc-harmonyos/harmonyos/entry/build/default/intermediates/source_map/default/sourceMaps.map cache.
[2026-05-08T11:09:07.292] [DEBUG] debug-file - Update task entry:default@PackageHap output file:/Users/jordanzt/Work/Projects/opencalc-harmonyos/harmonyos/entry/build/default/outputs/default/mapping/sourceMaps.map cache.
[2026-05-08T11:09:07.293] [DEBUG] debug-file - Incremental task entry:default@PackageHap post-execution cost:4 ms .
[2026-05-08T11:09:07.293] [DEBUG] debug-file - Update task entry:default@SignHap input file:/Users/jordanzt/Work/Projects/opencalc-harmonyos/harmonyos/entry/build/default/outputs/default/entry-default-unsigned.hap cache by regenerate.
[2026-05-08T11:09:07.293] [DEBUG] debug-file - Update task entry:default@SignHap output file:/Users/jordanzt/Work/Projects/opencalc-harmonyos/harmonyos/entry/build/default/outputs/default/entry-default-signed.hap cache.
[2026-05-08T11:09:07.294] [DEBUG] debug-file - Incremental task entry:default@SignHap post-execution cost:1 ms .
[2026-05-08T11:09:07.294] [DEBUG] debug-file - Update task entry:default@CollectDebugSymbol input file:/Users/jordanzt/Work/Projects/opencalc-harmonyos/harmonyos/entry/build/default/intermediates/loader_out/default/ets/sourceMaps.map cache by regenerate.
[2026-05-08T11:09:07.294] [DEBUG] debug-file - Update task entry:default@CollectDebugSymbol input file:/Users/jordanzt/Work/Projects/opencalc-harmonyos/harmonyos/entry/build/default/intermediates/libs/default cache by regenerate.
[2026-05-08T11:09:07.295] [DEBUG] debug-file - Update task entry:default@CollectDebugSymbol output file:/Users/jordanzt/Work/Projects/opencalc-harmonyos/harmonyos/entry/build/default/outputs/default/symbol cache.
[2026-05-08T11:09:07.295] [DEBUG] debug-file - Incremental task entry:default@CollectDebugSymbol post-execution cost:2 ms .
[2026-05-08T11:09:07.316] [DEBUG] debug-file - Cleanup worker 1.
[2026-05-08T11:09:07.317] [DEBUG] debug-file - Worker 1 has been cleaned up.
[2026-05-08T11:09:07.317] [DEBUG] debug-file - Current idle worker size: 2.
[2026-05-08T11:09:07.317] [DEBUG] debug-file - Current resident worker size: 3.
[2026-05-08T11:09:07.317] [DEBUG] debug-file - Cleanup worker 0.
[2026-05-08T11:09:07.317] [DEBUG] debug-file - Worker 0 has been cleaned up.
[2026-05-08T11:09:07.317] [DEBUG] debug-file - Current idle worker size: 1.
[2026-05-08T11:09:07.318] [DEBUG] debug-file - Current resident worker size: 3.
[2026-05-08T11:09:07.319] [DEBUG] debug-file - hvigor build process will be closed.
[2026-05-08T11:09:07.324] [DEBUG] debug-file - session manager: send message to worker process.
[2026-05-08T11:09:07.324] [DEBUG] debug-file - session manager: send message to worker process.
[2026-05-08T11:09:07.324] [DEBUG] debug-file - watch worker: worker id should be larger than 0. Nothing will be sent to any worker thread.
[2026-05-08T11:09:07.325] [DEBUG] debug-file - watch worker: worker id should be larger than 0. Nothing will be sent to any worker thread.
[2026-05-08T11:09:07.332] [DEBUG] debug-file - worker[1] exits with exit code 1.
[2026-05-08T11:09:07.334] [DEBUG] debug-file - worker[0] exits with exit code 1.
