[2026-05-08T15:39:39.097] [DEBUG] debug-file - env: nodejsVersion=v18.20.1
[2026-05-08T15:39:39.256] [DEBUG] debug-file - Hvigor init with startParameters:{
  hvigorfileTypeCheck: false,
  parallelExecution: true,
  incrementalExecution: true,
  printStackTrace: false,
  daemon: false,
  analyze: 0,
  logLevel: Level { level: 20000, levelStr: 'INFO', colour: 'green' },
  optimizationStrategy: 'memory',
  hotCompile: undefined,
  hotReloadBuild: undefined,
  customizedParam: undefined
}
[2026-05-08T15:39:39.969] [DEBUG] debug-file - hvigorfile, require result:  { appTasks: [Getter] }
[2026-05-08T15:39:39.970] [DEBUG] debug-file - Starting plugin build process
[2026-05-08T15:39:40.061] [DEBUG] debug-file - App plugin register hook start...
[2026-05-08T15:39:40.062] [DEBUG] debug-file - Start initialize project's product build option map with build mode debug.
[2026-05-08T15:39:40.063] [DEBUG] debug-file - Obtain build option for product 'default'in this build.
[2026-05-08T15:39:40.067] [DEBUG] debug-file - Start recording SDK configuration permission data.
[2026-05-08T15:39:40.089] [DEBUG] debug-file - Project task initialization takes 3 ms 
[2026-05-08T15:39:40.093] [DEBUG] debug-file - failed to load cangjie to dynamically generate schemas: Error: Cannot find module '@ohos/cangjie-build-support/index'
Require stack:
- /Applications/DevEco-Studio.app/Contents/tools/hvigor/hvigor-ohos-plugin/src/plugin/hooks/cangjie-register.js
- /Applications/DevEco-Studio.app/Contents/tools/hvigor/hvigor-ohos-plugin/src/plugin/strategy/stage-init-strategy.js
- /Applications/DevEco-Studio.app/Contents/tools/hvigor/hvigor-ohos-plugin/src/plugin/builder/abstract-plugin-builder.js
- /Applications/DevEco-Studio.app/Contents/tools/hvigor/hvigor-ohos-plugin/src/plugin/builder/app-plugin-builder.js
- /Applications/DevEco-Studio.app/Contents/tools/hvigor/hvigor-ohos-plugin/src/plugin/factory/plugin-factory.js
- /Applications/DevEco-Studio.app/Contents/tools/hvigor/hvigor-ohos-plugin/index.js
- /Users/jordanzt/Work/HuaweiWork/Others/Projects/JungleTestLabs/opencalc-harmonyos/hvigorfile.ts
- /Applications/DevEco-Studio.app/Contents/tools/hvigor/hvigor/src/base/internal/lifecycle/configuration.js
- /Applications/DevEco-Studio.app/Contents/tools/hvigor/hvigor/src/base/boot/index.js
- /Applications/DevEco-Studio.app/Contents/tools/hvigor/hvigor/src/cli/main/cli.js
- /Applications/DevEco-Studio.app/Contents/tools/hvigor/hvigor/bin/hvigor.js
[2026-05-08T15:39:40.099] [DEBUG] debug-file - Start initialize module-target build option map, moduleName=entry, buildMode=debug
[2026-05-08T15:39:40.102] [DEBUG] debug-file - project has submodules:entry
[2026-05-08T15:39:40.103] [DEBUG] debug-file - start to load updatedOhPackageInfo to the disk
[2026-05-08T15:39:40.119] [DEBUG] debug-file - entry : clean cost memory 0.7506484985351562
[2026-05-08T15:39:40.108] [DEBUG] debug-file - Start to initialize dependency information.
[2026-05-08T15:39:39.097] [DEBUG] debug-file - env: hvigor-config.json5 content = { modelVersion: '6.0.2', dependencies: {} }
[2026-05-08T15:39:39.257] [DEBUG] debug-file - Since current hvigor version 6.22.3 differs from last hvigor version 
      undefined, delete file-cache.json and task-cache.json.
[2026-05-08T15:39:40.127] [DEBUG] debug-file - Create  resident worker with id: 0.
[2026-05-08T15:39:39.969] [DEBUG] debug-file - hvigorfile, binding system plugins { appTasks: [Getter] }
[2026-05-08T15:39:39.970] [DEBUG] debug-file - App plugin prepare start...
[2026-05-08T15:39:40.061] [DEBUG] debug-file - App plugin register hook end...
[2026-05-08T15:39:40.062] [DEBUG] debug-file - Picking option from product 'default' with build mode 'debug'.
[2026-05-08T15:39:40.064] [DEBUG] debug-file - No signingConfig found, initRemoteHspCache failed.
[2026-05-08T15:39:40.086] [DEBUG] debug-file - Sdk init in 23 ms 
[2026-05-08T15:39:40.089] [DEBUG] debug-file - hvigorfile, resolve finished /Users/jordanzt/Work/HuaweiWork/Others/Projects/JungleTestLabs/opencalc-harmonyos/hvigorfile.ts
[2026-05-08T15:39:40.099] [DEBUG] debug-file - Target 'default' config initialized
[2026-05-08T15:39:40.104] [DEBUG] debug-file - load to the disk finished
[2026-05-08T15:39:40.119] [DEBUG] debug-file - runTaskFromQueue task cost before running: 867 ms 
[2026-05-08T15:39:40.108] [DEBUG] debug-file - Module entry Collected Dependency: 
[2026-05-08T15:39:39.098] [DEBUG] debug-file - env: daemon=false
[2026-05-08T15:39:39.257] [DEBUG] debug-file - Cache service initialization finished in 1 ms 
[2026-05-08T15:39:40.128] [DEBUG] debug-file - Create  resident worker with id: 1.
[2026-05-08T15:39:39.970] [DEBUG] debug-file - App plugin prepare end...
[2026-05-08T15:39:40.061] [DEBUG] debug-file - Plugin build process completed
[2026-05-08T15:39:40.062] [DEBUG] debug-file - Product 'default' build option initialized
[2026-05-08T15:39:40.065] [DEBUG] debug-file - Local scan or download HarmonyOS sdk components toolchains,ets,js,native,previewer
[2026-05-08T15:39:40.090] [DEBUG] debug-file - hvigorfile, resolving /Users/jordanzt/Work/HuaweiWork/Others/Projects/JungleTestLabs/opencalc-harmonyos/entry/hvigorfile.ts
[2026-05-08T15:39:40.099] [DEBUG] debug-file - Module 'entry' target 'default' build option initialized
[2026-05-08T15:39:40.104] [DEBUG] debug-file - Start to initialize dependency information.
[2026-05-08T15:39:40.120] [INFO] debug-file - Finished :entry:clean... after 9 ms 
[2026-05-08T15:39:40.108] [DEBUG] debug-file - Module entry's total dependency: 0
[2026-05-08T15:39:39.098] [DEBUG] debug-file - no-daemon, use the parent process.execArgv --max-old-space-size=8192,--max-semi-space-size=16,--expose-gc
[2026-05-08T15:39:39.257] [DEBUG] debug-file - hvigorfile, resolving /Users/jordanzt/Work/HuaweiWork/Others/Projects/JungleTestLabs/opencalc-harmonyos/hvigorfile.ts
[2026-05-08T15:39:40.129] [DEBUG] debug-file - Current worker pool is stopped or closed.
[2026-05-08T15:39:39.970] [DEBUG] debug-file - App plugin creating...
[2026-05-08T15:39:40.062] [DEBUG] debug-file - End initialize project's product build option map with build mode 'debug'.
[2026-05-08T15:39:40.066] [DEBUG] debug-file - Local scan or download hmscore sdk components toolchains,ets,native
[2026-05-08T15:39:40.093] [DEBUG] debug-file - hvigorfile, require result:  { hapTasks: [Getter] }
[2026-05-08T15:39:40.099] [DEBUG] debug-file - End initialize module-target build option map, moduleName=entry
[2026-05-08T15:39:40.107] [DEBUG] debug-file - Module opencalc-harmonyos Collected Dependency: 
[2026-05-08T15:39:40.120] [DEBUG] debug-file - Executing task ::clean
[2026-05-08T15:39:40.110] [DEBUG] debug-file - Configuration phase cost:853 ms 
[2026-05-08T15:39:40.129] [DEBUG] debug-file - Clear worker 0.
[2026-05-08T15:39:40.093] [DEBUG] debug-file - hvigorfile, binding system plugins { hapTasks: [Getter] }
[2026-05-08T15:39:40.099] [DEBUG] debug-file - Start initialize module-target build option map, moduleName=entry, buildMode=release
[2026-05-08T15:39:40.107] [DEBUG] debug-file - Module opencalc-harmonyos's total dependency: 0
[2026-05-08T15:39:40.120] [DEBUG] debug-file - clean: Worker pool is inactive.
[2026-05-08T15:39:40.111] [DEBUG] debug-file - Configuration task cost before running: 858 ms 
[2026-05-08T15:39:40.129] [DEBUG] debug-file - Worker 0 has been cleared.
[2026-05-08T15:39:40.093] [DEBUG] debug-file - Starting plugin build process
[2026-05-08T15:39:40.099] [DEBUG] debug-file - Target 'default' config initialized
[2026-05-08T15:39:40.120] [DEBUG] debug-file - opencalc-harmonyos : clean cost memory 0.01949310302734375
[2026-05-08T15:39:40.111] [DEBUG] debug-file - Executing task :entry:clean
[2026-05-08T15:39:40.129] [DEBUG] debug-file - Current idle worker size: 1.
[2026-05-08T15:39:40.093] [DEBUG] debug-file - Hap plugin creating...
[2026-05-08T15:39:40.099] [DEBUG] debug-file - Module 'entry' target 'default' build option initialized
[2026-05-08T15:39:40.120] [DEBUG] debug-file - runTaskFromQueue task cost before running: 868 ms 
[2026-05-08T15:39:40.111] [DEBUG] debug-file - clean: Worker pool is inactive.
[2026-05-08T15:39:40.129] [DEBUG] debug-file - Current busy worker size: 0.
[2026-05-08T15:39:40.099] [DEBUG] debug-file - End initialize module-target build option map, moduleName=entry
[2026-05-08T15:39:40.120] [INFO] debug-file - Finished ::clean... after 1 ms 
[2026-05-08T15:39:40.129] [DEBUG] debug-file - Clear worker 1.
[2026-05-08T15:39:40.099] [DEBUG] debug-file - Start initialize module-target build option map, moduleName=entry, buildMode=debug
[2026-05-08T15:39:40.120] [DEBUG] debug-file - Executing task :entry:init
[2026-05-08T15:39:40.129] [DEBUG] debug-file - Worker 1 has been cleared.
[2026-05-08T15:39:40.099] [DEBUG] debug-file - Target 'default' config initialized
[2026-05-08T15:39:40.120] [DEBUG] debug-file - entry : init cost memory 0.01265716552734375
[2026-05-08T15:39:40.129] [DEBUG] debug-file - Current idle worker size: 0.
[2026-05-08T15:39:40.099] [DEBUG] debug-file - Module 'entry' target 'default' build option initialized
[2026-05-08T15:39:40.120] [DEBUG] debug-file - runTaskFromQueue task cost before running: 868 ms 
[2026-05-08T15:39:40.129] [DEBUG] debug-file - Current busy worker size: 0.
[2026-05-08T15:39:40.099] [DEBUG] debug-file - End initialize module-target build option map, moduleName=entry
[2026-05-08T15:39:40.121] [INFO] debug-file - Finished :entry:init... after 1 ms 
[2026-05-08T15:39:40.129] [DEBUG] debug-file - hvigor build process will be closed.
[2026-05-08T15:39:40.099] [DEBUG] debug-file - Obtain build option for module 'entry' target 'default'in this build.
[2026-05-08T15:39:40.121] [DEBUG] debug-file - Executing task ::init
[2026-05-08T15:39:40.132] [DEBUG] debug-file - worker[0] exits with exit code 0.
[2026-05-08T15:39:40.102] [DEBUG] debug-file - Module entry task initialization takes 3 ms 
[2026-05-08T15:39:40.121] [DEBUG] debug-file - opencalc-harmonyos : init cost memory 0.01143646240234375
[2026-05-08T15:39:40.132] [DEBUG] debug-file - worker[1] exits with exit code 0.
[2026-05-08T15:39:40.102] [DEBUG] debug-file - Hap plugin register hook start...
[2026-05-08T15:39:40.121] [DEBUG] debug-file - runTaskFromQueue task cost before running: 868 ms 
[2026-05-08T15:39:40.133] [DEBUG] debug-file - Current worker pool is terminated.
[2026-05-08T15:39:40.102] [DEBUG] debug-file - Hap plugin register hook end...
[2026-05-08T15:39:40.121] [INFO] debug-file - Finished ::init... after 1 ms 
[2026-05-08T15:39:40.102] [DEBUG] debug-file - Plugin build process completed
[2026-05-08T15:39:40.121] [DEBUG] debug-file - Obtain build option for module 'entry' target 'default'in this build.
[2026-05-08T15:39:40.102] [DEBUG] debug-file - hvigorfile, resolve finished /Users/jordanzt/Work/HuaweiWork/Others/Projects/JungleTestLabs/opencalc-harmonyos/entry/hvigorfile.ts
[2026-05-08T15:39:40.127] [DEBUG] debug-file - Since there is no instance or instance is terminated, create a new worker pool.
[2026-05-08T15:39:40.127] [DEBUG] debug-file - Worker pool is initialized with config:  {
  minPoolNum: 2,
  maxPoolNum: undefined,
  maxCoreSize: undefined,
  cacheCapacity: undefined,
  cacheTtl: undefined
}
[2026-05-08T18:01:49.754] [DEBUG] debug-file - env: daemon=true
[2026-05-08T18:01:49.698] [DEBUG] debug-file - env: nodejsVersion=v18.20.1
[2026-05-08T18:01:49.699] [DEBUG] debug-file - env: hvigor-config.json5 content = { modelVersion: '6.0.2', dependencies: {} }
[2026-05-08T18:01:50.986] [DEBUG] debug-file - session manager: set active socket. socketId=4mO7kRu-5Kp-roxrAAAB
[2026-05-08T18:01:51.109] [DEBUG] debug-file - java daemon tryConnect success
[2026-05-08T18:01:51.891] [DEBUG] debug-file - watch worker: worker id should be larger than 0. Nothing will be sent to any worker thread.
[2026-05-08T18:01:51.894] [DEBUG] debug-file - Since there is no instance or instance is terminated, create a new worker pool.
[2026-05-08T18:01:51.895] [DEBUG] debug-file - Worker pool is initialized with config:  {
  minPoolNum: 2,
  maxPoolNum: undefined,
  maxCoreSize: undefined,
  cacheCapacity: undefined,
  cacheTtl: undefined
}
[2026-05-08T18:01:51.896] [DEBUG] debug-file - Create  resident worker with id: 0.
[2026-05-08T18:01:51.902] [DEBUG] debug-file - Create  resident worker with id: 1.
[2026-05-08T18:01:51.906] [DEBUG] debug-file - Workers' log level updated to INFO
[2026-05-08T18:01:51.923] [DEBUG] debug-file - Hvigor init with startParameters:{
  hvigorfileTypeCheck: false,
  parallelExecution: true,
  incrementalExecution: true,
  printStackTrace: false,
  daemon: true,
  analyze: 0,
  logLevel: Level { level: 20000, levelStr: 'INFO', colour: 'green' },
  optimizationStrategy: 'memory',
  hotCompile: undefined,
  hotReloadBuild: undefined,
  customizedParam: undefined
}
[2026-05-08T18:01:51.924] [DEBUG] debug-file - Since current hvigor version 6.23.5 differs from last hvigor version 
      6.22.3, delete file-cache.json and task-cache.json.
[2026-05-08T18:01:51.925] [DEBUG] debug-file - Cache service initialization finished in 2 ms 
[2026-05-08T18:01:51.942] [DEBUG] debug-file - hvigorfile, resolving /Users/jordanzt/Work/Projects/opencalc-harmonyos/hvigorfile.ts
[2026-05-08T18:01:54.410] [DEBUG] debug-file - hvigorfile, require result:  {}
[2026-05-08T18:01:54.411] [DEBUG] debug-file - hvigorfile, binding system plugins {}
[2026-05-08T18:01:54.412] [DEBUG] debug-file - Starting plugin build process
[2026-05-08T18:01:54.412] [DEBUG] debug-file - App plugin prepare start...
[2026-05-08T18:01:54.412] [DEBUG] debug-file - App plugin prepare end...
[2026-05-08T18:01:54.412] [DEBUG] debug-file - App plugin creating...
[2026-05-08T18:01:54.824] [DEBUG] debug-file - App plugin register hook start...
[2026-05-08T18:01:54.824] [DEBUG] debug-file - App plugin register hook end...
[2026-05-08T18:01:54.824] [DEBUG] debug-file - Plugin build process completed
[2026-05-08T18:01:54.827] [DEBUG] debug-file - Start initialize project's product build option map with build mode debug.
[2026-05-08T18:01:54.828] [DEBUG] debug-file - Picking option from product 'default' with build mode 'debug'.
[2026-05-08T18:01:54.828] [DEBUG] debug-file - Product 'default' build option initialized
[2026-05-08T18:01:54.829] [DEBUG] debug-file - End initialize project's product build option map with build mode 'debug'.
[2026-05-08T18:01:54.831] [DEBUG] debug-file - Obtain build option for product 'default'in this build.
[2026-05-08T18:01:54.833] [DEBUG] debug-file - No signingConfig found, initRemoteHspCache failed.
[2026-05-08T18:01:54.835] [DEBUG] debug-file - Local scan or download HarmonyOS sdk components toolchains,ets,js,native,previewer
[2026-05-08T18:01:54.842] [DEBUG] debug-file - Local scan or download hmscore sdk components toolchains,ets,native
[2026-05-08T18:01:54.847] [DEBUG] debug-file - Start recording SDK configuration permission data.
[2026-05-08T18:01:54.939] [DEBUG] debug-file - Sdk init in 106 ms 
[2026-05-08T18:01:54.951] [DEBUG] debug-file - Project task initialization takes 7 ms 
[2026-05-08T18:01:54.951] [DEBUG] debug-file - hvigorfile, resolve finished /Users/jordanzt/Work/Projects/opencalc-harmonyos/hvigorfile.ts
[2026-05-08T18:01:54.953] [DEBUG] debug-file - hvigorfile, resolving /Users/jordanzt/Work/Projects/opencalc-harmonyos/entry/hvigorfile.ts
[2026-05-08T18:01:54.965] [DEBUG] debug-file - hvigorfile, require result:  {}
[2026-05-08T18:01:54.965] [DEBUG] debug-file - hvigorfile, binding system plugins {}
[2026-05-08T18:01:54.966] [DEBUG] debug-file - Starting plugin build process
[2026-05-08T18:01:54.966] [DEBUG] debug-file - Hap plugin creating...
[2026-05-08T18:01:54.967] [DEBUG] debug-file - failed to load cangjie to dynamically generate schemas: Error: Cannot find module '@ohos/cangjie-build-support/index'
Require stack:
- /Applications/DevEco-Studio.app/Contents/tools/hvigor/hvigor-ohos-plugin/src/plugin/hooks/cangjie-register.js
- /Applications/DevEco-Studio.app/Contents/tools/hvigor/hvigor-ohos-plugin/src/plugin/strategy/stage-init-strategy.js
- /Applications/DevEco-Studio.app/Contents/tools/hvigor/hvigor-ohos-plugin/src/plugin/builder/abstract-plugin-builder.js
- /Applications/DevEco-Studio.app/Contents/tools/hvigor/hvigor-ohos-plugin/src/plugin/builder/app-plugin-builder.js
- /Applications/DevEco-Studio.app/Contents/tools/hvigor/hvigor-ohos-plugin/src/plugin/factory/plugin-factory.js
- /Applications/DevEco-Studio.app/Contents/tools/hvigor/hvigor-ohos-plugin/index.js
- /Users/jordanzt/Work/Projects/opencalc-harmonyos/hvigorfile.ts
- /Applications/DevEco-Studio.app/Contents/tools/hvigor/hvigor/src/base/internal/lifecycle/configuration.js
- /Applications/DevEco-Studio.app/Contents/tools/hvigor/hvigor/src/base/boot/index.js
- /Applications/DevEco-Studio.app/Contents/tools/hvigor/hvigor/src/base/daemon/cluster/worker-process-lifecycle.js
- /Applications/DevEco-Studio.app/Contents/tools/hvigor/hvigor/src/base/daemon/process/daemon-process-boot-script.js
[2026-05-08T18:01:54.982] [DEBUG] debug-file - Start initialize module-target build option map, moduleName=entry, buildMode=debug
[2026-05-08T18:01:54.982] [DEBUG] debug-file - Target 'default' config initialized
[2026-05-08T18:01:54.983] [DEBUG] debug-file - Module 'entry' target 'default' build option initialized
[2026-05-08T18:01:54.983] [DEBUG] debug-file - End initialize module-target build option map, moduleName=entry
[2026-05-08T18:01:54.984] [DEBUG] debug-file - Start initialize module-target build option map, moduleName=entry, buildMode=release
[2026-05-08T18:01:54.984] [DEBUG] debug-file - Target 'default' config initialized
[2026-05-08T18:01:54.984] [DEBUG] debug-file - Module 'entry' target 'default' build option initialized
[2026-05-08T18:01:54.984] [DEBUG] debug-file - End initialize module-target build option map, moduleName=entry
[2026-05-08T18:01:54.985] [DEBUG] debug-file - Start initialize module-target build option map, moduleName=entry, buildMode=debug
[2026-05-08T18:01:54.985] [DEBUG] debug-file - Target 'default' config initialized
[2026-05-08T18:01:54.985] [DEBUG] debug-file - Module 'entry' target 'default' build option initialized
[2026-05-08T18:01:54.985] [DEBUG] debug-file - End initialize module-target build option map, moduleName=entry
[2026-05-08T18:01:54.985] [DEBUG] debug-file - Obtain build option for module 'entry' target 'default'in this build.
[2026-05-08T18:01:54.995] [DEBUG] debug-file - Module entry task initialization takes 9 ms 
[2026-05-08T18:01:54.995] [DEBUG] debug-file - Hap plugin register hook start...
[2026-05-08T18:01:54.996] [DEBUG] debug-file - Hap plugin register hook end...
[2026-05-08T18:01:54.996] [DEBUG] debug-file - Plugin build process completed
[2026-05-08T18:01:54.996] [DEBUG] debug-file - hvigorfile, resolve finished /Users/jordanzt/Work/Projects/opencalc-harmonyos/entry/hvigorfile.ts
[2026-05-08T18:01:55.181] [DEBUG] debug-file - hvigorfile, resolve hvigorfile dependencies in 185 ms 
[2026-05-08T18:01:55.182] [DEBUG] debug-file - project has submodules:entry
[2026-05-08T18:01:55.188] [DEBUG] debug-file - start to load updatedOhPackageInfo to the disk
[2026-05-08T18:01:55.192] [DEBUG] debug-file - load to the disk finished
[2026-05-08T18:01:55.194] [DEBUG] debug-file - Start to initialize dependency information.
[2026-05-08T18:01:55.204] [DEBUG] debug-file - Module opencalc-harmonyos Collected Dependency: 
[2026-05-08T18:01:55.204] [DEBUG] debug-file - Module opencalc-harmonyos's total dependency: 0
[2026-05-08T18:01:55.207] [DEBUG] debug-file - Start to initialize dependency information.
[2026-05-08T18:01:55.213] [DEBUG] debug-file - Module entry Collected Dependency: 
[2026-05-08T18:01:55.213] [DEBUG] debug-file - Module entry's total dependency: 0
[2026-05-08T18:01:55.224] [DEBUG] debug-file - Configuration phase cost:3 s 299 ms 
[2026-05-08T18:01:55.228] [DEBUG] debug-file - Configuration task cost before running: 3 s 321 ms 
[2026-05-08T18:01:55.229] [DEBUG] debug-file - Executing task :entry:clean
[2026-05-08T18:01:55.230] [DEBUG] debug-file - clean: Worker pool is inactive.
[2026-05-08T18:01:55.232] [DEBUG] debug-file - entry : clean cost memory 0.08126068115234375
[2026-05-08T18:01:55.233] [DEBUG] debug-file - runTaskFromQueue task cost before running: 3 s 326 ms 
[2026-05-08T18:01:55.235] [INFO] debug-file - Finished :entry:clean... after 4 ms 
[2026-05-08T18:01:55.246] [DEBUG] debug-file - Executing task :entry:default@PreBuild
[2026-05-08T18:01:55.250] [DEBUG] debug-file - Task 'entry:default@PreBuild' cost while wrapping incremental declarations: 1 ms 
[2026-05-08T18:01:55.527] [DEBUG] debug-file - current product is not Atomic service.
[2026-05-08T18:01:55.528] [DEBUG] debug-file - Use tool [darwin: JAVA_HOME, CLASSPATH]
 [
  {
    JAVA_HOME: '/Applications/DevEco-Studio.app/Contents/jbr/Contents/Home'
  },
  { CLASSPATH: undefined }
]
[2026-05-08T18:01:55.530] [DEBUG] debug-file - Use tool [darwin: NODE_HOME]
 [ { NODE_HOME: undefined } ]
[2026-05-08T18:01:55.531] [DEBUG] debug-file - entry : default@PreBuild cost memory 3.5132904052734375
[2026-05-08T18:01:55.532] [DEBUG] debug-file - runTaskFromQueue task cost before running: 3 s 625 ms 
[2026-05-08T18:01:55.533] [INFO] debug-file - Finished :entry:default@PreBuild... after 286 ms 
[2026-05-08T18:01:55.535] [DEBUG] debug-file - Executing task :entry:default@CreateModuleInfo
[2026-05-08T18:01:55.535] [DEBUG] debug-file - Task 'entry:default@CreateModuleInfo' cost while wrapping incremental declarations: 1 ms 
[2026-05-08T18:01:55.536] [DEBUG] debug-file - entry : default@CreateModuleInfo cost memory 0.0409088134765625
[2026-05-08T18:01:55.536] [DEBUG] debug-file - runTaskFromQueue task cost before running: 3 s 629 ms 
[2026-05-08T18:01:55.536] [INFO] debug-file - Finished :entry:default@CreateModuleInfo... after 2 ms 
[2026-05-08T18:01:55.538] [DEBUG] debug-file - Executing task :entry:default@GenerateMetadata
[2026-05-08T18:01:55.539] [DEBUG] debug-file - Task 'entry:default@GenerateMetadata' cost while wrapping incremental declarations: 1 ms 
[2026-05-08T18:01:55.543] [DEBUG] debug-file - entry : default@GenerateMetadata cost memory 0.05884552001953125
[2026-05-08T18:01:55.544] [DEBUG] debug-file - runTaskFromQueue task cost before running: 3 s 637 ms 
[2026-05-08T18:01:55.544] [INFO] debug-file - Finished :entry:default@GenerateMetadata... after 6 ms 
[2026-05-08T18:01:55.546] [DEBUG] debug-file - Executing task :entry:default@ConfigureCmake
[2026-05-08T18:01:55.548] [DEBUG] debug-file - entry : default@ConfigureCmake cost memory 0.01458740234375
[2026-05-08T18:01:55.548] [DEBUG] debug-file - runTaskFromQueue task cost before running: 3 s 641 ms 
[2026-05-08T18:01:55.548] [INFO] debug-file - Finished :entry:default@ConfigureCmake... after 2 ms 
[2026-05-08T18:01:55.550] [DEBUG] debug-file - Executing task :entry:default@MergeProfile
[2026-05-08T18:01:55.551] [DEBUG] debug-file - Task 'entry:default@MergeProfile' cost while wrapping incremental declarations: 1 ms 
[2026-05-08T18:01:55.553] [DEBUG] debug-file - Change app api release type with 'Release'
[2026-05-08T18:01:55.553] [DEBUG] debug-file - Change app compile API version with '6.1.0.105'
[2026-05-08T18:01:55.554] [DEBUG] debug-file - Change app target API version with '50000012'
[2026-05-08T18:01:55.554] [DEBUG] debug-file - Change app minimum API version with '50000012'
[2026-05-08T18:01:55.554] [DEBUG] debug-file - Use cli appEnvironment
[2026-05-08T18:01:55.556] [DEBUG] debug-file - entry : default@MergeProfile cost memory 0.3863525390625
[2026-05-08T18:01:55.556] [DEBUG] debug-file - runTaskFromQueue task cost before running: 3 s 649 ms 
[2026-05-08T18:01:55.556] [INFO] debug-file - Finished :entry:default@MergeProfile... after 6 ms 
[2026-05-08T18:01:55.562] [DEBUG] debug-file - Executing task :entry:default@CreateBuildProfile
[2026-05-08T18:01:55.562] [DEBUG] debug-file - Task 'entry:default@CreateBuildProfile' cost while wrapping incremental declarations: 1 ms 
[2026-05-08T18:01:55.564] [DEBUG] debug-file - entry : default@CreateBuildProfile cost memory 0.0667724609375
[2026-05-08T18:01:55.564] [DEBUG] debug-file - runTaskFromQueue task cost before running: 3 s 657 ms 
[2026-05-08T18:01:55.564] [INFO] debug-file - Finished :entry:default@CreateBuildProfile... after 3 ms 
[2026-05-08T18:01:55.566] [DEBUG] debug-file - Executing task :entry:default@PreCheckSyscap
[2026-05-08T18:01:55.569] [DEBUG] debug-file - entry : default@PreCheckSyscap cost memory 0.0148162841796875
[2026-05-08T18:01:55.569] [DEBUG] debug-file - runTaskFromQueue task cost before running: 3 s 662 ms 
[2026-05-08T18:01:55.571] [INFO] debug-file - Finished :entry:default@PreCheckSyscap... after 3 ms 
[2026-05-08T18:01:55.575] [DEBUG] debug-file - Executing task :entry:default@GeneratePkgContextInfo
[2026-05-08T18:01:55.588] [DEBUG] debug-file - Task 'entry:default@GeneratePkgContextInfo' cost while wrapping incremental declarations: 1 ms 
[2026-05-08T18:01:55.589] [DEBUG] debug-file - entry : default@GeneratePkgContextInfo cost memory 0.2371978759765625
[2026-05-08T18:01:55.589] [DEBUG] debug-file - runTaskFromQueue task cost before running: 3 s 682 ms 
[2026-05-08T18:01:55.589] [INFO] debug-file - Finished :entry:default@GeneratePkgContextInfo... after 15 ms 
[2026-05-08T18:01:55.591] [DEBUG] debug-file - Executing task :entry:default@GeneratePkgSdkInfo
[2026-05-08T18:01:55.593] [DEBUG] debug-file - Task 'entry:default@GeneratePkgSdkInfo' cost while wrapping incremental declarations: 1 ms 
[2026-05-08T18:01:55.595] [DEBUG] debug-file - entry : default@GeneratePkgSdkInfo cost memory 0.11373138427734375
[2026-05-08T18:01:55.595] [DEBUG] debug-file - runTaskFromQueue task cost before running: 3 s 689 ms 
[2026-05-08T18:01:55.596] [INFO] debug-file - Finished :entry:default@GeneratePkgSdkInfo... after 5 ms 
[2026-05-08T18:01:55.601] [DEBUG] debug-file - Executing task :entry:default@ProcessIntegratedHsp
[2026-05-08T18:01:55.602] [DEBUG] debug-file - entry : default@ProcessIntegratedHsp cost memory 0.02982330322265625
[2026-05-08T18:01:55.602] [DEBUG] debug-file - runTaskFromQueue task cost before running: 3 s 695 ms 
[2026-05-08T18:01:55.603] [INFO] debug-file - Finished :entry:default@ProcessIntegratedHsp... after 2 ms 
[2026-05-08T18:01:55.607] [DEBUG] debug-file - Executing task :entry:default@BuildNativeWithCmake
[2026-05-08T18:01:55.608] [DEBUG] debug-file - entry : default@BuildNativeWithCmake cost memory 0.0152587890625
[2026-05-08T18:01:55.608] [DEBUG] debug-file - runTaskFromQueue task cost before running: 3 s 701 ms 
[2026-05-08T18:01:55.608] [INFO] debug-file - Finished :entry:default@BuildNativeWithCmake... after 1 ms 
[2026-05-08T18:01:55.610] [DEBUG] debug-file - Executing task :entry:default@MakePackInfo
[2026-05-08T18:01:55.612] [DEBUG] debug-file - Module Pack Info:  {
  summary: {
    app: { bundleName: 'c***r', bundleType: 'app', version: [Object] },
    modules: [ [Object] ]
  },
  packages: [
    {
      deviceType: [Array],
      moduleType: 'entry',
      deliveryWithInstall: true,
      name: 'entry-default'
    }
  ]
}
[2026-05-08T18:01:55.613] [DEBUG] debug-file - entry : default@MakePackInfo cost memory 0.5613479614257812
[2026-05-08T18:01:55.613] [DEBUG] debug-file - runTaskFromQueue task cost before running: 3 s 707 ms 
[2026-05-08T18:01:55.614] [INFO] debug-file - Finished :entry:default@MakePackInfo... after 4 ms 
[2026-05-08T18:01:55.615] [DEBUG] debug-file - Executing task :entry:default@SyscapTransform
[2026-05-08T18:01:55.615] [DEBUG] debug-file - File: '/Users/jordanzt/Work/Projects/opencalc-harmonyos/entry/src/main/syscap.json' from 'sysCapJsonPath' is not exists, just ignore.
[2026-05-08T18:01:55.616] [DEBUG] debug-file - Task 'entry:default@SyscapTransform' cost while wrapping incremental declarations: 1 ms 
[2026-05-08T18:01:55.618] [DEBUG] debug-file - entry : default@SyscapTransform cost memory 0.04969024658203125
[2026-05-08T18:01:55.618] [DEBUG] debug-file - runTaskFromQueue task cost before running: 3 s 711 ms 
[2026-05-08T18:01:55.619] [INFO] debug-file - Finished :entry:default@SyscapTransform... after 3 ms 
[2026-05-08T18:01:55.621] [DEBUG] debug-file - Executing task :entry:default@ProcessProfile
[2026-05-08T18:01:55.623] [DEBUG] debug-file - Task 'entry:default@ProcessProfile' cost while wrapping incremental declarations: 1 ms 
[2026-05-08T18:01:55.625] [DEBUG] debug-file - [
  '/Applications/DevEco-Studio.app/Contents/tools/node/bin/node',
  '/Applications/DevEco-Studio.app/Contents/sdk/default/openharmony/ets/build-tools/ets-loader/bin/ark/ts2abc.js',
  '--target-api-version',
  '12',
  '--target-api-sub-version',
  'beta1'
]
[2026-05-08T18:01:55.805] [DEBUG] debug-file - 12.0.2.0
[2026-05-08T18:01:55.808] [DEBUG] debug-file - No need to add fake ui ability because of not in preview process.
[2026-05-08T18:01:55.809] [DEBUG] debug-file - entry : default@ProcessProfile cost memory 0.26984405517578125
[2026-05-08T18:01:55.809] [DEBUG] debug-file - runTaskFromQueue task cost before running: 3 s 902 ms 
[2026-05-08T18:01:55.809] [INFO] debug-file - Finished :entry:default@ProcessProfile... after 189 ms 
[2026-05-08T18:01:55.812] [DEBUG] debug-file - Executing task :entry:default@ProcessRouterMap
[2026-05-08T18:01:55.817] [DEBUG] debug-file - entry : default@ProcessRouterMap cost memory 0.0684356689453125
[2026-05-08T18:01:55.818] [DEBUG] debug-file - runTaskFromQueue task cost before running: 3 s 911 ms 
[2026-05-08T18:01:55.818] [INFO] debug-file - Finished :entry:default@ProcessRouterMap... after 6 ms 
[2026-05-08T18:01:55.820] [DEBUG] debug-file - Executing task :entry:default@ProcessShareConfig
[2026-05-08T18:01:55.822] [DEBUG] debug-file - entry : default@ProcessShareConfig cost memory 0.05559539794921875
[2026-05-08T18:01:55.823] [DEBUG] debug-file - runTaskFromQueue task cost before running: 3 s 916 ms 
[2026-05-08T18:01:55.823] [INFO] debug-file - Finished :entry:default@ProcessShareConfig... after 3 ms 
[2026-05-08T18:01:55.824] [DEBUG] debug-file - Executing task :entry:default@ProcessStartupConfig
[2026-05-08T18:01:55.826] [DEBUG] debug-file - Task 'entry:default@ProcessStartupConfig' cost while wrapping incremental declarations: 1 ms 
[2026-05-08T18:01:55.828] [DEBUG] debug-file - entry : default@ProcessStartupConfig cost memory 0.05625152587890625
[2026-05-08T18:01:55.828] [DEBUG] debug-file - runTaskFromQueue task cost before running: 3 s 921 ms 
[2026-05-08T18:01:55.829] [INFO] debug-file - Finished :entry:default@ProcessStartupConfig... after 4 ms 
[2026-05-08T18:01:55.830] [DEBUG] debug-file - Executing task :entry:default@BuildNativeWithNinja
[2026-05-08T18:01:55.831] [DEBUG] debug-file - entry : default@BuildNativeWithNinja cost memory 0.0244598388671875
[2026-05-08T18:01:55.831] [DEBUG] debug-file - runTaskFromQueue task cost before running: 3 s 924 ms 
[2026-05-08T18:01:55.831] [INFO] debug-file - Finished :entry:default@BuildNativeWithNinja... after 2 ms 
[2026-05-08T18:01:55.833] [DEBUG] debug-file - restool module names: entry; moduleName=entry, taskName=default@ProcessResource
[2026-05-08T18:01:55.836] [DEBUG] debug-file - Executing task :entry:default@ProcessResource
[2026-05-08T18:01:55.837] [DEBUG] debug-file - Task 'entry:default@ProcessResource' cost while wrapping incremental declarations: 1 ms 
[2026-05-08T18:01:55.839] [DEBUG] debug-file - entry : default@ProcessResource cost memory 0.110443115234375
[2026-05-08T18:01:55.840] [DEBUG] debug-file - runTaskFromQueue task cost before running: 3 s 933 ms 
[2026-05-08T18:01:55.841] [INFO] debug-file - Finished :entry:default@ProcessResource... after 6 ms 
[2026-05-08T18:01:55.844] [DEBUG] debug-file - Executing task :entry:default@GenerateLoaderJson
[2026-05-08T18:01:55.845] [DEBUG] debug-file - Task 'entry:default@GenerateLoaderJson' cost while wrapping incremental declarations: 1 ms 
[2026-05-08T18:01:55.854] [DEBUG] debug-file - entry : default@GenerateLoaderJson cost memory 0.501983642578125
[2026-05-08T18:01:55.854] [DEBUG] debug-file - runTaskFromQueue task cost before running: 3 s 947 ms 
[2026-05-08T18:01:55.855] [INFO] debug-file - Finished :entry:default@GenerateLoaderJson... after 10 ms 
[2026-05-08T18:01:55.856] [DEBUG] debug-file - Executing task :entry:default@ProcessLibs
[2026-05-08T18:01:55.863] [DEBUG] debug-file - Worker dispatch failed, running processLibs on main thread.
[2026-05-08T18:01:55.864] [DEBUG] debug-file - entry : default@ProcessLibs cost memory 0.276336669921875
[2026-05-08T18:01:55.864] [DEBUG] debug-file - runTaskFromQueue task cost before running: 3 s 958 ms 
[2026-05-08T18:01:55.866] [INFO] debug-file - Finished :entry:default@ProcessLibs... after 9 ms 
[2026-05-08T18:01:55.868] [DEBUG] debug-file - restool module names: entry; moduleName=entry, taskName=default@CompileResource
[2026-05-08T18:01:55.869] [DEBUG] debug-file - Executing task :entry:default@CompileResource
[2026-05-08T18:01:56.235] [DEBUG] debug-file - Use tool [/Applications/DevEco-Studio.app/Contents/sdk/default/openharmony/toolchains/restool]
 [
  '/Applications/DevEco-Studio.app/Contents/sdk/default/openharmony/toolchains/restool',
  '-l',
  '/Users/jordanzt/Work/Projects/opencalc-harmonyos/entry/build/default/intermediates/res/default/resConfig.json'
]
[2026-05-08T18:01:56.236] [DEBUG] debug-file - current process  memoryUsage: {
  rss: 313040896,
  heapTotal: 179097600,
  heapUsed: 152915432,
  external: 3344047,
  arrayBuffers: 1449260
} os memoryUsage :7.975406646728516
[2026-05-08T18:01:56.379] [DEBUG] debug-file - Info: Pack: normal pack mode

[2026-05-08T18:01:56.631] [DEBUG] debug-file - Info: hardware concurrency count is : 4
Info: thread count is : 4
Info: thread pool is started

[2026-05-08T18:01:56.636] [DEBUG] debug-file - Info: GenericCompiler::CompileFiles

[2026-05-08T18:01:56.640] [DEBUG] debug-file - Info: GenericCompiler::CompileFiles

[2026-05-08T18:01:56.645] [DEBUG] debug-file - 05-08 18:01:56.644 25865 765211 E C01400/ImageTranscoderUtils: DecodeToRGBA IN
05-08 18:01:56.644 25865 765211 E C01400/ImageTranscoderUtils: ImageFilter IN /Users/jordanzt/Work/Projects/opencalc-harmonyos/entry/src/main/resources/base/media/app_icon.png

[2026-05-08T18:01:56.656] [DEBUG] debug-file - 05-08 18:01:56.655 25865 765211 E C01400/ImageTranscoder: TranscodeSLR Only zoom-out is supported.

[2026-05-08T18:01:56.657] [DEBUG] debug-file - Warning: ScaleImage failed, error message: INVALID_PARAMETERS, file path = /Users/jordanzt/Work/Projects/opencalc-harmonyos/entry/src/main/resources/base/media/app_icon.png

[2026-05-08T18:01:56.659] [DEBUG] debug-file - Info: restool resources compile success.

[2026-05-08T18:01:56.659] [DEBUG] debug-file - Info: thread pool is stopped

[2026-05-08T18:01:56.675] [DEBUG] debug-file - entry : default@CompileResource cost memory -28.189292907714844
[2026-05-08T18:01:56.676] [DEBUG] debug-file - runTaskFromQueue task cost before running: 4 s 769 ms 
[2026-05-08T18:01:56.677] [INFO] debug-file - Finished :entry:default@CompileResource... after 807 ms 
[2026-05-08T18:01:56.678] [DEBUG] debug-file - Executing task :entry:default@DoNativeStrip
[2026-05-08T18:01:56.678] [DEBUG] debug-file - File: '/Users/jordanzt/Work/Projects/opencalc-harmonyos/entry/build/default/intermediates/binxo/default' from 'doBinxoNativeLibs' is not exists, just ignore.
[2026-05-08T18:01:56.679] [DEBUG] debug-file - Task 'entry:default@DoNativeStrip' cost while wrapping incremental declarations: 1 ms 
[2026-05-08T18:01:56.681] [DEBUG] debug-file - entry : default@DoNativeStrip cost memory 0.05603790283203125
[2026-05-08T18:01:56.682] [DEBUG] debug-file - runTaskFromQueue task cost before running: 4 s 775 ms 
[2026-05-08T18:01:56.682] [INFO] debug-file - Finished :entry:default@DoNativeStrip... after 4 ms 
[2026-05-08T18:01:56.684] [DEBUG] debug-file - Executing task :entry:default@CompileArkTS
[2026-05-08T18:01:56.685] [DEBUG] debug-file - obfuscationOptions: undefined
[2026-05-08T18:01:56.686] [DEBUG] debug-file - Task 'entry:default@CompileArkTS' cost while wrapping incremental declarations: 1 ms 
[2026-05-08T18:01:56.703] [DEBUG] debug-file - build config:
[2026-05-08T18:01:56.703] [DEBUG] debug-file - {
  moduleType: 'entry',
  perf: 0,
  targetName: '.default',
  packageManagerType: 'ohpm',
  localPropertiesPath: '/Users/jordanzt/Work/Projects/opencalc-harmonyos/local.properties',
  isPreview: false,
  isOhosTest: false,
  isLocalTest: false,
  buildMode: 'Debug',
  hotReloadBuild: undefined,
  watchMode: 'false',
  aceProfilePath: '/Users/jordanzt/Work/Projects/opencalc-harmonyos/entry/build/default/intermediates/res/default/resources/base/profile',
  etsLoaderPath: '/Applications/DevEco-Studio.app/Contents/sdk/default/openharmony/ets/build-tools/ets-loader',
  modulePath: '/Users/jordanzt/Work/Projects/opencalc-harmonyos/entry',
  testFrameworkPar: {
    testMode: undefined,
    coveragePathFilter: undefined,
    coverageMode: undefined
  },
  needCoverageInsert: false,
  debugLine: false,
  projectTopDir: '/Users/jordanzt/Work/Projects/opencalc-harmonyos',
  compileSdkVersion: 23,
  compatibleSdkVersion: 12,
  originCompatibleSdkVersion: '5.0.0(12)',
  compatibleSdkVersionStage: 'beta1',
  bundleName: 'c***r',
  etsLoaderVersion: '6.1.0.105',
  etsLoaderReleaseType: 'Release',
  aotCompileMode: 'type',
  apPath: '/Users/jordanzt/Work/Projects/opencalc-harmonyos/entry/modules.ap',
  entryModuleName: 'entry',
  entryModuleVersion: '1.0.0',
  entryPackageName: 'entry',
  allModuleNameHash: '6671a194f23c271af8c958055775f1e8fca00d4e2e30f4305728b40b020624b2',
  externalApiPaths: [ '/Applications/DevEco-Studio.app/Contents/sdk/default/hms/ets' ],
  compilerTypes: [],
  isCrossplatform: false,
  hvigorPluginFile: undefined,
  compilePluginPath: undefined,
  buildGeneratedProfilePath: '/Users/jordanzt/Work/Projects/opencalc-harmonyos/entry/build/default/generated/profile/default',
  bundleType: 'app',
  arkTSVersion: undefined,
  apiVersion: 23,
  needCompleteSourcesMap: false,
  isFaMode: false,
  buildDir: '/Users/jordanzt/Work/Projects/opencalc-harmonyos/entry/build',
  deviceTypes: [ 'phone', 'tablet' ],
  pkgContextInfo: undefined,
  ohPackagePathMap: {},
  dependencyAliasMap: {},
  permission: { requestPermissions: [ [Object] ], definePermissions: undefined },
  useGetCurrentBundleName: false,
  projectArkOption: undefined,
  sourceMapDir: undefined,
  branchElimination: false,
  transformLib: undefined,
  tsImportSendable: false,
  resolveConflictMode: true,
  depName2RootPath: {},
  depName2DepInfo: {},
  depName2OhExports: {},
  rootPathSet: [ '/Users/jordanzt/Work/Projects/opencalc-harmonyos' ],
  useNativeResolver: true,
  shouldEmitJs: true,
  useTscResolve: false,
  singleFileEmit: false,
  userProjectConfig: {
    autoLazyImport: false,
    allowEmptyBundleName: false,
    reExportCheckMode: 'noCheck',
    executionMode: 'memory',
    usePathPlaceholder: false,
    writeRollupCache: true,
    isExpandImportEnabled: false,
    expandImportExclude: '',
    lazyImportExclude: '',
    lazyImportInclude: '',
    ignoreCrossplatformCheck: false,
    isHarDeduplicateEnabled: false,
    skipOhModulesLint: false,
    enableStrictCheckOHModule: false,
    disableSendableCheckRules: [],
    useDeclarationFileSignature: false,
    customizedOptions: undefined,
    integratedHsp: false,
    isPreloadSoEnabled: false
  },
  executionMode: 'memory',
  arkCompileCachePath: '/Users/jordanzt/Work/Projects/opencalc-harmonyos/entry/build/default/cache/default/default@CompileArkTS/esmodule',
  autoLazyFilter: undefined,
  isHarDeduplicateEnabled: false,
  intermediateHarDuplicateDirPath: '/Users/jordanzt/Work/Projects/opencalc-harmonyos/entry/build/default/intermediates/har_duplicate/default',
  autoLazyImport: false,
  allowEmptyBundleName: false,
  reExportCheckMode: 'noCheck',
  usePathPlaceholder: false,
  writeRollupCache: true,
  isExpandImportEnabled: false,
  expandImportExclude: '',
  lazyImportExclude: '',
  lazyImportInclude: '',
  ignoreCrossplatformCheck: false,
  skipOhModulesLint: false,
  enableStrictCheckOHModule: false,
  disableSendableCheckRules: [],
  useDeclarationFileSignature: false,
  customizedOptions: undefined,
  integratedHsp: false,
  isPreloadSoEnabled: false,
  strictMode: undefined,
  useNormalizedOHMUrl: false,
  caseSensitiveCheck: false,
  aceModuleJsonPath: '/Users/jordanzt/Work/Projects/opencalc-harmonyos/entry/build/default/intermediates/res/default/ark_module.json',
  appResource: '/Users/jordanzt/Work/Projects/opencalc-harmonyos/entry/build/default/intermediates/res/default/ResourceTable.txt',
  rawFileResource: '/Users/jordanzt/Work/Projects/opencalc-harmonyos/entry/build/default/intermediates/res/default/resources/rawfile',
  resourceTableHash: '15a61ac8d9e6adf561b61d3e27a374d205464ba7d77ce5a6c1be29eb60539798',
  runtimeOS: 'HarmonyOS',
  sdkInfo: 'false:23:6.1.0.105:Release',
  aceModuleRoot: '/Users/jordanzt/Work/Projects/opencalc-harmonyos/entry/src/main/ets',
  compileMode: 'esmodule',
  aceSuperVisualPath: '/Users/jordanzt/Work/Projects/opencalc-harmonyos/entry/src/main/supervisual',
  aceBuildJson: '/Users/jordanzt/Work/Projects/opencalc-harmonyos/entry/build/default/intermediates/loader/default/loader.json',
  cachePath: '/Users/jordanzt/Work/Projects/opencalc-harmonyos/entry/build/default/cache/default/default@CompileArkTS/esmodule/debug',
  aceModuleBuild: '/Users/jordanzt/Work/Projects/opencalc-harmonyos/entry/build/default/intermediates/loader_out/default/ets',
  supportChunks: true,
  declaredFilesPath: undefined,
  shouldCollectDirectImportees: false,
  isByteCodeHarOptimize: false,
  expandImportPath: undefined,
  resourceTableTs: '/Users/jordanzt/Work/Projects/opencalc-harmonyos/entry/build/default/generated/r/default/ResourceTable.ts',
  moduleMetaInfoFiles: [
    {
      filePath: '/Users/jordanzt/Work/Projects/opencalc-harmonyos/entry/build/default/generated/r/default/ResourceTable.ts',
      ohmurl: 'com.darkempire78.opencalculator/entry/build/generated/r/ResourceTable'
    }
  ],
  pkgNameToPkgBriefInfo: {
    entry: {
      pkgRoot: '/Users/jordanzt/Work/Projects/opencalc-harmonyos/entry',
      originalSourceRoots: undefined,
      sourceRoots: [Array],
      pkgName: 'entry'
    }
  },
  projectModel: {
    '/Users/jordanzt/Work/Projects/opencalc-harmonyos/entry/src/main': {
      moduleName: 'entry',
      modulePkgPath: '/Users/jordanzt/Work/Projects/opencalc-harmonyos/entry',
      belongProjectPath: '/Users/jordanzt/Work/Projects/opencalc-harmonyos'
    },
    '/Users/jordanzt/Work/Projects/opencalc-harmonyos/entry': {
      moduleName: 'entry',
      modulePkgPath: '/Users/jordanzt/Work/Projects/opencalc-harmonyos/entry',
      belongProjectPath: '/Users/jordanzt/Work/Projects/opencalc-harmonyos'
    },
    '/Users/jordanzt/Work/Projects/opencalc-harmonyos': {
      moduleName: 'opencalc-harmonyos',
      modulePkgPath: '/Users/jordanzt/Work/Projects/opencalc-harmonyos',
      belongProjectPath: '/Users/jordanzt/Work/Projects/opencalc-harmonyos'
    }
  },
  pkgJsonFileHash: '9598d6ed3debbacd1532769d4ef187be335bd6b4f7ea12b707b184fd0505ba47',
  allModulePaths: [ '/Users/jordanzt/Work/Projects/opencalc-harmonyos/entry' ],
  routerMap: {},
  obfuscationOptions: undefined,
  byteCodeHarToDependencyKeys: undefined,
  compileBlockPkg: [],
  mockParams: {
    decorator: '@MockSetup',
    packageName: '@ohos/hamock',
    etsSourceRootPath: 'src/main/ets',
    mockConfigPath: undefined,
    mockConfigKey2ModuleInfo: {},
    source2ModuleIdMap: {}
  },
  copyCodeResourceEnable: true,
  copyCodeResourceExcludes: [],
  copyCodeResourceIncludes: undefined,
  uiTransformOptimization: false,
  sdkPath: '/Applications/DevEco-Studio.app/Contents/sdk',
  needPreloadSoFileSet: {},
  preloadSoFilePath: '/Users/jordanzt/Work/Projects/opencalc-harmonyos/entry/build/default/intermediates/preload/default/preload.json',
  useSourceHash: false,
  localModuleParamMap: {},
  otherPaths: {
    'entry/*': [ '../*', '../../../build/default/generated/profile/default/*' ]
  },
  collectImportersConfig: undefined
}
[2026-05-08T18:01:56.704] [DEBUG] debug-file - Compile arkts with external api path: /Applications/DevEco-Studio.app/Contents/sdk/default/hms/ets
[2026-05-08T18:01:56.706] [DEBUG] debug-file - default@CompileArkTS work[0] is submitted.
[2026-05-08T18:01:56.706] [DEBUG] debug-file - default@CompileArkTS work[0] is pushed to ready queue.
[2026-05-08T18:01:56.707] [DEBUG] debug-file - A work dispatched to worker[3] failed because unable to get work from ready queue.
[2026-05-08T18:01:56.707] [DEBUG] debug-file - Create  resident worker with id: 2.
[2026-05-08T18:01:56.709] [DEBUG] debug-file - default@CompileArkTS work[0] has been dispatched to worker[2].
[2026-05-08T18:01:56.709] [DEBUG] debug-file - default@CompileArkTS work[0] is dispatched.
[2026-05-08T18:01:56.709] [DEBUG] debug-file - CopyResources startTime: 211920610551143
[2026-05-08T18:01:56.709] [DEBUG] debug-file - default@CompileArkTS work[1] is submitted.
[2026-05-08T18:01:56.710] [DEBUG] debug-file - default@CompileArkTS work[1] is pushed to ready queue.
[2026-05-08T18:01:56.710] [DEBUG] debug-file - A work dispatched to worker[3] failed because unable to get work from ready queue.
[2026-05-08T18:01:56.710] [DEBUG] debug-file - A work dispatched to worker[2] failed because of worker busy.
[2026-05-08T18:01:56.710] [DEBUG] debug-file - default@CompileArkTS work[1] has been dispatched to worker[1].
[2026-05-08T18:01:56.710] [DEBUG] debug-file - default@CompileArkTS work[1] is dispatched.
[2026-05-08T18:01:56.710] [DEBUG] debug-file - entry : default@CompileArkTS cost memory 1.141937255859375
[2026-05-08T18:01:56.712] [DEBUG] debug-file - Executing task :entry:default@BuildJS
[2026-05-08T18:01:56.712] [DEBUG] debug-file - Task 'entry:default@BuildJS' cost while wrapping incremental declarations: 1 ms 
[2026-05-08T18:01:56.713] [DEBUG] debug-file - entry : default@BuildJS cost memory 0.12136077880859375
[2026-05-08T18:01:56.714] [DEBUG] debug-file - runTaskFromQueue task cost before running: 4 s 807 ms 
[2026-05-08T18:01:56.714] [INFO] debug-file - Finished :entry:default@BuildJS... after 2 ms 
[2026-05-08T18:01:56.715] [DEBUG] debug-file - Executing task :entry:default@CacheNativeLibs
[2026-05-08T18:01:56.715] [DEBUG] debug-file - File: '/Users/jordanzt/Work/Projects/opencalc-harmonyos/entry/build/default/intermediates/binxo/default' from 'cacheBinxoNativeLibs' is not exists, just ignore.
[2026-05-08T18:01:56.715] [DEBUG] debug-file - Task 'entry:default@CacheNativeLibs' cost while wrapping incremental declarations: 1 ms 
[2026-05-08T18:01:56.716] [DEBUG] debug-file - default@CacheNativeLibs work[2] is submitted.
[2026-05-08T18:01:56.716] [DEBUG] debug-file - default@CacheNativeLibs work[2] is pushed to ready queue.
[2026-05-08T18:01:56.716] [DEBUG] debug-file - A work dispatched to worker[3] failed because unable to get work from ready queue.
[2026-05-08T18:01:56.716] [DEBUG] debug-file - A work dispatched to worker[2] failed because of worker busy.
[2026-05-08T18:01:56.716] [DEBUG] debug-file - A work dispatched to worker[1] failed because of worker busy.
[2026-05-08T18:01:56.716] [DEBUG] debug-file - default@CacheNativeLibs work[2] has been dispatched to worker[0].
[2026-05-08T18:01:56.716] [DEBUG] debug-file - default@CacheNativeLibs work[2] is dispatched.
[2026-05-08T18:01:56.717] [DEBUG] debug-file - entry : default@CacheNativeLibs cost memory 0.13751983642578125
[2026-05-08T18:01:56.822] [DEBUG] debug-file - worker[1] has one work done.
[2026-05-08T18:01:56.822] [DEBUG] debug-file - CopyResources is end, endTime: 211920723289881
[2026-05-08T18:01:56.822] [DEBUG] debug-file - default@CompileArkTS work[1] done.
[2026-05-08T18:01:56.823] [DEBUG] debug-file - A work dispatched to worker[1] failed because unable to get work from ready queue.
[2026-05-08T18:01:56.912] [DEBUG] debug-file - worker[0] has one work done.
[2026-05-08T18:01:56.913] [DEBUG] debug-file - default@CacheNativeLibs work[2] done.
[2026-05-08T18:01:56.913] [DEBUG] debug-file - A work dispatched to worker[0] failed because unable to get work from ready queue.
[2026-05-08T18:01:56.913] [INFO] debug-file - Finished :entry:default@CacheNativeLibs... after 5 ms 
[2026-05-08T18:02:12.895] [WARN] debug-file - [33mWARN: [33m[33mArkTS:WARN File: /Users/jordanzt/Work/Projects/opencalc-harmonyos/entry/src/main/ets/pages/Index.ets:7:5
 Function may throw exceptions. Special handling is required.
[39m[39m
[33mWARN: [33m[33mArkTS:WARN File: /Users/jordanzt/Work/Projects/opencalc-harmonyos/entry/src/main/ets/pages/Index.ets:7:12
 'replaceUrl' has been deprecated.
[39m[39m
[33mWARN: [33m[33mArkTS:WARN File: /Users/jordanzt/Work/Projects/opencalc-harmonyos/entry/src/main/ets/preferences/PreferencesStore.ets:33:24
 Function may throw exceptions. Special handling is required.
[39m[39m
[33mWARN: [33m[33mArkTS:WARN File: /Users/jordanzt/Work/Projects/opencalc-harmonyos/entry/src/main/ets/preferences/PreferencesStore.ets:41:18
 Function may throw exceptions. Special handling is required.
[39m[39m
[33mWARN: [33m[33mArkTS:WARN File: /Users/jordanzt/Work/Projects/opencalc-harmonyos/entry/src/main/ets/preferences/PreferencesStore.ets:47:11
 Function may throw exceptions. Special handling is required.
[39m[39m
[33mWARN: [33m[33mArkTS:WARN File: /Users/jordanzt/Work/Projects/opencalc-harmonyos/entry/src/main/ets/preferences/PreferencesStore.ets:48:11
 Function may throw exceptions. Special handling is required.
[39m[39m
[33mWARN: [33m[33mArkTS:WARN File: /Users/jordanzt/Work/Projects/opencalc-harmonyos/entry/src/main/ets/preferences/PreferencesStore.ets:54:18
 Function may throw exceptions. Special handling is required.
[39m[39m
[33mWARN: [33m[33mArkTS:WARN File: /Users/jordanzt/Work/Projects/opencalc-harmonyos/entry/src/main/ets/preferences/PreferencesStore.ets:60:11
 Function may throw exceptions. Special handling is required.
[39m[39m
[33mWARN: [33m[33mArkTS:WARN File: /Users/jordanzt/Work/Projects/opencalc-harmonyos/entry/src/main/ets/preferences/PreferencesStore.ets:61:11
 Function may throw exceptions. Special handling is required.
[39m[39m
[33mWARN: [33m[33mArkTS:WARN File: /Users/jordanzt/Work/Projects/opencalc-harmonyos/entry/src/main/ets/preferences/PreferencesStore.ets:69:18
 Function may throw exceptions. Special handling is required.
[39m[39m
[33mWARN: [33m[33mArkTS:WARN File: /Users/jordanzt/Work/Projects/opencalc-harmonyos/entry/src/main/ets/preferences/PreferencesStore.ets:75:11
 Function may throw exceptions. Special handling is required.
[39m[39m
[33mWARN: [33m[33mArkTS:WARN File: /Users/jordanzt/Work/Projects/opencalc-harmonyos/entry/src/main/ets/preferences/PreferencesStore.ets:76:11
 Function may throw exceptions. Special handling is required.
[39m[39m
[33mWARN: [33m[33mArkTS:WARN File: /Users/jordanzt/Work/Projects/opencalc-harmonyos/entry/src/main/ets/preferences/PreferencesStore.ets:84:18
 Function may throw exceptions. Special handling is required.
[39m[39m
[33mWARN: [33m[33mArkTS:WARN File: /Users/jordanzt/Work/Projects/opencalc-harmonyos/entry/src/main/ets/preferences/PreferencesStore.ets:90:11
 Function may throw exceptions. Special handling is required.
[39m[39m
[33mWARN: [33m[33mArkTS:WARN File: /Users/jordanzt/Work/Projects/opencalc-harmonyos/entry/src/main/ets/preferences/PreferencesStore.ets:91:11
 Function may throw exceptions. Special handling is required.
[39m[39m
[33mWARN: [33m[33mArkTS:WARN File: /Users/jordanzt/Work/Projects/opencalc-harmonyos/entry/src/main/ets/preferences/PreferencesStore.ets:99:18
 Function may throw exceptions. Special handling is required.
[39m[39m
[33mWARN: [33m[33mArkTS:WARN File: /Users/jordanzt/Work/Projects/opencalc-harmonyos/entry/src/main/ets/preferences/PreferencesStore.ets:105:11
 Function may throw exceptions. Special handling is required.
[39m[39m
[33mWARN: [33m[33mArkTS:WARN File: /Users/jordanzt/Work/Projects/opencalc-harmonyos/entry/src/main/ets/preferences/PreferencesStore.ets:106:11
 Function may throw exceptions. Special handling is required.
[39m[39m
[33mWARN: [33m[33mArkTS:WARN File: /Users/jordanzt/Work/Projects/opencalc-harmonyos/entry/src/main/ets/preferences/PreferencesStore.ets:115:32
 Function may throw exceptions. Special handling is required.
[39m[39m
[33mWARN: [33m[33mArkTS:WARN File: /Users/jordanzt/Work/Projects/opencalc-harmonyos/entry/src/main/ets/preferences/PreferencesStore.ets:131:11
 Function may throw exceptions. Special handling is required.
[39m[39m
[33mWARN: [33m[33mArkTS:WARN File: /Users/jordanzt/Work/Projects/opencalc-harmonyos/entry/src/main/ets/preferences/PreferencesStore.ets:132:11
 Function may throw exceptions. Special handling is required.
[39m[39m
[33mWARN: [33m[33mArkTS:WARN File: /Users/jordanzt/Work/Projects/opencalc-harmonyos/entry/src/main/ets/preferences/PreferencesStore.ets:140:18
 Function may throw exceptions. Special handling is required.
[39m[39m
[33mWARN: [33m[33mArkTS:WARN File: /Users/jordanzt/Work/Projects/opencalc-harmonyos/entry/src/main/ets/preferences/PreferencesStore.ets:146:11
 Function may throw exceptions. Special handling is required.
[39m[39m
[33mWARN: [33m[33mArkTS:WARN File: /Users/jordanzt/Work/Projects/opencalc-harmonyos/entry/src/main/ets/preferences/PreferencesStore.ets:147:11
 Function may throw exceptions. Special handling is required.
[39m[39m
[33mWARN: [33m[33mArkTS:WARN File: /Users/jordanzt/Work/Projects/opencalc-harmonyos/entry/src/main/ets/preferences/PreferencesStore.ets:155:18
 Function may throw exceptions. Special handling is required.
[39m[39m
[33mWARN: [33m[33mArkTS:WARN File: /Users/jordanzt/Work/Projects/opencalc-harmonyos/entry/src/main/ets/preferences/PreferencesStore.ets:161:11
 Function may throw exceptions. Special handling is required.
[39m[39m
[33mWARN: [33m[33mArkTS:WARN File: /Users/jordanzt/Work/Projects/opencalc-harmonyos/entry/src/main/ets/preferences/PreferencesStore.ets:162:11
 Function may throw exceptions. Special handling is required.
[39m[39m
[33mWARN: [33m[33mArkTS:WARN File: /Users/jordanzt/Work/Projects/opencalc-harmonyos/entry/src/main/ets/preferences/PreferencesStore.ets:170:18
 Function may throw exceptions. Special handling is required.
[39m[39m
[33mWARN: [33m[33mArkTS:WARN File: /Users/jordanzt/Work/Projects/opencalc-harmonyos/entry/src/main/ets/preferences/PreferencesStore.ets:176:11
 Function may throw exceptions. Special handling is required.
[39m[39m
[33mWARN: [33m[33mArkTS:WARN File: /Users/jordanzt/Work/Projects/opencalc-harmonyos/entry/src/main/ets/preferences/PreferencesStore.ets:177:11
 Function may throw exceptions. Special handling is required.
[39m[39m
[33mWARN: [33m[33mArkTS:WARN File: /Users/jordanzt/Work/Projects/opencalc-harmonyos/entry/src/main/ets/preferences/PreferencesStore.ets:185:18
 Function may throw exceptions. Special handling is required.
[39m[39m
[33mWARN: [33m[33mArkTS:WARN File: /Users/jordanzt/Work/Projects/opencalc-harmonyos/entry/src/main/ets/preferences/PreferencesStore.ets:191:11
 Function may throw exceptions. Special handling is required.
[39m[39m
[33mWARN: [33m[33mArkTS:WARN File: /Users/jordanzt/Work/Projects/opencalc-harmonyos/entry/src/main/ets/preferences/PreferencesStore.ets:192:11
 Function may throw exceptions. Special handling is required.
[39m[39m
[33mWARN: [33m[33mArkTS:WARN File: /Users/jordanzt/Work/Projects/opencalc-harmonyos/entry/src/main/ets/preferences/PreferencesStore.ets:198:18
 Function may throw exceptions. Special handling is required.
[39m[39m
[33mWARN: [33m[33mArkTS:WARN File: /Users/jordanzt/Work/Projects/opencalc-harmonyos/entry/src/main/ets/preferences/PreferencesStore.ets:204:11
 Function may throw exceptions. Special handling is required.
[39m[39m
[33mWARN: [33m[33mArkTS:WARN File: /Users/jordanzt/Work/Projects/opencalc-harmonyos/entry/src/main/ets/preferences/PreferencesStore.ets:205:11
 Function may throw exceptions. Special handling is required.
[39m[39m
[33mWARN: [33m[33mArkTS:WARN File: /Users/jordanzt/Work/Projects/opencalc-harmonyos/entry/src/main/ets/pages/CalculatorPage.ets:47:42
 'getContext' has been deprecated.
[39m[39m
[33mWARN: [33m[33mArkTS:WARN File: /Users/jordanzt/Work/Projects/opencalc-harmonyos/entry/src/main/ets/pages/CalculatorPage.ets:140:5
 Function may throw exceptions. Special handling is required.
[39m[39m
[33mWARN: [33m[33mArkTS:WARN File: /Users/jordanzt/Work/Projects/opencalc-harmonyos/entry/src/main/ets/pages/CalculatorPage.ets:141:5
 Function may throw exceptions. Special handling is required.
[39m[39m
[33mWARN: [33m[33mArkTS:WARN File: /Users/jordanzt/Work/Projects/opencalc-harmonyos/entry/src/main/ets/pages/CalculatorPage.ets:141:18
 'showToast' has been deprecated.
[39m[39m
[33mWARN: [33mArkTS:WARN File: /Users/jordanzt/Work/Projects/opencalc-harmonyos/entry/src/main/ets/pages/CalculatorPage.ets:16:1
 It's not a recommended way to export struct with '@Entry' decorator, which may cause ACE Engine error in component preview mode.[39m[39m

[2026-05-08T18:02:12.897] [DEBUG] debug-file - Ark compile task finished.finished time is 211936797705184
[2026-05-08T18:02:12.897] [DEBUG] debug-file - worker[2] has one work done.
[2026-05-08T18:02:12.900] [DEBUG] debug-file - default@CompileArkTS work[0] done.
[2026-05-08T18:02:12.901] [INFO] debug-file - Finished :entry:default@CompileArkTS... after 13 s 88 ms 
[2026-05-08T18:02:12.903] [DEBUG] debug-file - Executing task :entry:default@GeneratePkgModuleJson
[2026-05-08T18:02:12.903] [DEBUG] debug-file - File: '/Users/jordanzt/Work/Projects/opencalc-harmonyos/entry/build/default/intermediates/preload/default/preload.json' from 'preloadSoJsonPath' is not exists, just ignore.
[2026-05-08T18:02:12.904] [DEBUG] debug-file - Error occurs while handling @Input 'shouldDeduplicateHar': The "data" argument must be of type string or an instance of Buffer, TypedArray, or DataView. Received undefined
[2026-05-08T18:02:12.904] [DEBUG] debug-file - Task 'entry:default@GeneratePkgModuleJson' cost while wrapping incremental declarations: 2 ms 
[2026-05-08T18:02:12.907] [DEBUG] debug-file - entry : default@GeneratePkgModuleJson cost memory 0.14720916748046875
[2026-05-08T18:02:12.907] [DEBUG] debug-file - runTaskFromQueue task cost before running: 20 s 1000 ms 
[2026-05-08T18:02:12.908] [INFO] debug-file - Finished :entry:default@GeneratePkgModuleJson... after 5 ms 
[2026-05-08T18:02:12.910] [DEBUG] debug-file - Executing task :entry:default@ProcessCompiledResources
[2026-05-08T18:02:12.910] [DEBUG] debug-file - File: '/Users/jordanzt/Work/Projects/opencalc-harmonyos/entry/build/default/intermediates/preload/default/preload.json' from 'preloadSoJsonPath' is not exists, just ignore.
[2026-05-08T18:02:12.910] [DEBUG] debug-file - Task 'entry:default@ProcessCompiledResources' cost while wrapping incremental declarations: 1 ms 
[2026-05-08T18:02:12.911] [DEBUG] debug-file - entry : default@ProcessCompiledResources cost memory 0.056671142578125
[2026-05-08T18:02:12.911] [DEBUG] debug-file - runTaskFromQueue task cost before running: 21 s 4 ms 
[2026-05-08T18:02:12.912] [INFO] debug-file - Finished :entry:default@ProcessCompiledResources... after 2 ms 
[2026-05-08T18:02:12.915] [DEBUG] debug-file - Executing task :entry:default@PackageHap
[2026-05-08T18:02:12.920] [DEBUG] debug-file - Use tool [/Applications/DevEco-Studio.app/Contents/sdk/default/openharmony/toolchains/lib/app_packing_tool.jar]
 [
  'java',
  '-Dfile.encoding=utf-8',
  '-jar',
  '/Applications/DevEco-Studio.app/Contents/sdk/default/openharmony/toolchains/lib/app_packing_tool.jar',
  '--mode',
  'hap',
  '--force',
  'true',
  '--lib-path',
  '/Users/jordanzt/Work/Projects/opencalc-harmonyos/entry/build/default/intermediates/stripped_native_libs/default',
  '--json-path',
  '/Users/jordanzt/Work/Projects/opencalc-harmonyos/entry/build/default/intermediates/package/default/module.json',
  '--resources-path',
  '/Users/jordanzt/Work/Projects/opencalc-harmonyos/entry/build/default/intermediates/res/default/resources',
  '--index-path',
  '/Users/jordanzt/Work/Projects/opencalc-harmonyos/entry/build/default/intermediates/res/default/resources.index',
  '--pack-info-path',
  '/Users/jordanzt/Work/Projects/opencalc-harmonyos/entry/build/default/outputs/default/pack.info',
  '--out-path',
  '/Users/jordanzt/Work/Projects/opencalc-harmonyos/entry/build/default/outputs/default/entry-default-unsigned.hap',
  '--ets-path',
  '/Users/jordanzt/Work/Projects/opencalc-harmonyos/entry/build/default/intermediates/loader_out/default/ets',
  '--pkg-sdk-info-path',
  '/Users/jordanzt/Work/Projects/opencalc-harmonyos/entry/build/default/intermediates/loader/default/pkgSdkInfo.json'
]
[2026-05-08T18:02:12.923] [DEBUG] debug-file - default@PackageHap work[3] is submitted.
[2026-05-08T18:02:12.923] [DEBUG] debug-file - default@PackageHap work[3] is pushed to ready queue.
[2026-05-08T18:02:12.923] [DEBUG] debug-file - default@PackageHap work[3] is not dispatched.
[2026-05-08T18:02:12.926] [DEBUG] debug-file - entry : default@PackageHap cost memory -0.568267822265625
[2026-05-08T18:02:13.002] [DEBUG] debug-file - default@PackageHap work[3] has been dispatched to worker[2].
[2026-05-08T18:02:13.007] [DEBUG] debug-file - current process  memoryUsage: {
  rss: 579280896,
  heapTotal: 328007680,
  heapUsed: 296647984,
  external: 5288678,
  arrayBuffers: 1436157
} os memoryUsage :7.951469421386719
[2026-05-08T18:02:13.024] [DEBUG] debug-file - A work dispatched to worker[3] failed because unable to get work from ready queue.
[2026-05-08T18:02:13.024] [DEBUG] debug-file - A work dispatched to worker[2] failed because of worker busy.
[2026-05-08T18:02:13.024] [DEBUG] debug-file - A work dispatched to worker[1] failed because unable to get work from ready queue.
[2026-05-08T18:02:13.025] [DEBUG] debug-file - A work dispatched to worker[0] failed because unable to get work from ready queue.
[2026-05-08T18:02:14.428] [DEBUG] debug-file - worker[2] has one work done.
[2026-05-08T18:02:14.428] [DEBUG] debug-file - default@PackageHap work[3] done.
[2026-05-08T18:02:14.428] [DEBUG] debug-file - A work dispatched to worker[2] failed because unable to get work from ready queue.
[2026-05-08T18:02:14.429] [INFO] debug-file - Finished :entry:default@PackageHap... after 1 s 434 ms 
[2026-05-08T18:02:14.430] [DEBUG] debug-file - Executing task :entry:default@PackingCheck
[2026-05-08T18:02:14.442] [DEBUG] debug-file - entry : default@PackingCheck cost memory 0.3947296142578125
[2026-05-08T18:02:14.443] [DEBUG] debug-file - runTaskFromQueue task cost before running: 22 s 535 ms 
[2026-05-08T18:02:14.443] [INFO] debug-file - Finished :entry:default@PackingCheck... after 13 ms 
[2026-05-08T18:02:14.446] [DEBUG] debug-file - Executing task :entry:default@SignHap
[2026-05-08T18:02:14.447] [WARN] debug-file - No signingConfig found for product default
[2026-05-08T18:02:14.449] [DEBUG] debug-file - entry : default@SignHap cost memory 0.05750274658203125
[2026-05-08T18:02:14.450] [DEBUG] debug-file - runTaskFromQueue task cost before running: 22 s 542 ms 
[2026-05-08T18:02:14.450] [INFO] debug-file - Finished :entry:default@SignHap... after 4 ms 
[2026-05-08T18:02:14.455] [DEBUG] debug-file - Executing task :entry:default@CollectDebugSymbol
[2026-05-08T18:02:14.456] [DEBUG] debug-file - entry : default@CollectDebugSymbol cost memory 0.091156005859375
[2026-05-08T18:02:14.456] [DEBUG] debug-file - runTaskFromQueue task cost before running: 22 s 549 ms 
[2026-05-08T18:02:14.456] [INFO] debug-file - Finished :entry:default@CollectDebugSymbol... after 2 ms 
[2026-05-08T18:02:14.457] [DEBUG] debug-file - Executing task :entry:assembleHap
[2026-05-08T18:02:14.457] [DEBUG] debug-file - entry : assembleHap cost memory 0.0148468017578125
[2026-05-08T18:02:14.457] [DEBUG] debug-file - runTaskFromQueue task cost before running: 22 s 550 ms 
[2026-05-08T18:02:14.457] [INFO] debug-file - Finished :entry:assembleHap... after 1 ms 
[2026-05-08T18:02:14.461] [INFO] debug-file - BUILD SUCCESSFUL in 22 s 554 ms 
[2026-05-08T18:02:14.463] [DEBUG] debug-file - Update task entry:default@PreBuild input file:/Users/jordanzt/Work/Projects/opencalc-harmonyos/AppScope/app.json5 cache by regenerate.
[2026-05-08T18:02:14.463] [DEBUG] debug-file - Update task entry:default@PreBuild input file:/Users/jordanzt/Work/Projects/opencalc-harmonyos/entry/src/main/module.json5 cache by regenerate.
[2026-05-08T18:02:14.464] [DEBUG] debug-file - Update task entry:default@PreBuild input file:/Users/jordanzt/Work/Projects/opencalc-harmonyos/build-profile.json5 cache by regenerate.
[2026-05-08T18:02:14.464] [DEBUG] debug-file - Update task entry:default@PreBuild input file:/Users/jordanzt/Work/Projects/opencalc-harmonyos/entry/build-profile.json5 cache by regenerate.
[2026-05-08T18:02:14.464] [DEBUG] debug-file - Update task entry:default@PreBuild input file:/Users/jordanzt/Work/Projects/opencalc-harmonyos/entry/src/main/resources/base/profile/main_pages.json cache by regenerate.
[2026-05-08T18:02:14.464] [DEBUG] debug-file - Update task entry:default@PreBuild input file:/Users/jordanzt/Work/Projects/opencalc-harmonyos/hvigor/hvigor-config.json5 cache by regenerate.
[2026-05-08T18:02:14.464] [DEBUG] debug-file - Update task entry:default@PreBuild input file:/Users/jordanzt/Work/Projects/opencalc-harmonyos/entry/oh-package.json5 cache by regenerate.
[2026-05-08T18:02:14.465] [DEBUG] debug-file - Update task entry:default@PreBuild input file:/Users/jordanzt/Work/Projects/opencalc-harmonyos/oh-package.json5 cache by regenerate.
[2026-05-08T18:02:14.465] [DEBUG] debug-file - Incremental task entry:default@PreBuild post-execution cost:3 ms .
[2026-05-08T18:02:14.465] [DEBUG] debug-file - Update task entry:default@CreateModuleInfo output file:/Users/jordanzt/Work/Projects/opencalc-harmonyos/entry/build/default/generated/profile/default/ModuleInfo.ts cache.
[2026-05-08T18:02:14.465] [DEBUG] debug-file - Incremental task entry:default@CreateModuleInfo post-execution cost:1 ms .
[2026-05-08T18:02:14.466] [DEBUG] debug-file - Update task entry:default@GenerateMetadata input file:/Users/jordanzt/Work/Projects/opencalc-harmonyos/entry/src/main/module.json5 cache by regenerate.
[2026-05-08T18:02:14.466] [DEBUG] debug-file - Update task entry:default@GenerateMetadata output file:/Users/jordanzt/Work/Projects/opencalc-harmonyos/entry/build/default/intermediates/hap_metadata/default/output_metadata.json cache.
[2026-05-08T18:02:14.466] [DEBUG] debug-file - Incremental task entry:default@GenerateMetadata post-execution cost:1 ms .
[2026-05-08T18:02:14.466] [DEBUG] debug-file - Update task entry:default@MergeProfile input file:/Users/jordanzt/Work/Projects/opencalc-harmonyos/AppScope/app.json5 cache by regenerate.
[2026-05-08T18:02:14.466] [DEBUG] debug-file - Update task entry:default@MergeProfile input file:/Users/jordanzt/Work/Projects/opencalc-harmonyos/build-profile.json5 cache by regenerate.
[2026-05-08T18:02:14.467] [DEBUG] debug-file - Update task entry:default@MergeProfile input file:/Users/jordanzt/Work/Projects/opencalc-harmonyos/entry/src/main/module.json5 cache by regenerate.
[2026-05-08T18:02:14.467] [DEBUG] debug-file - Update task entry:default@MergeProfile output file:/Users/jordanzt/Work/Projects/opencalc-harmonyos/entry/build/default/intermediates/merge_profile/default/module.json cache.
[2026-05-08T18:02:14.467] [DEBUG] debug-file - Incremental task entry:default@MergeProfile post-execution cost:2 ms .
[2026-05-08T18:02:14.467] [DEBUG] debug-file - Update task entry:default@CreateBuildProfile input file:/Users/jordanzt/Work/Projects/opencalc-harmonyos/AppScope/app.json5 cache by regenerate.
[2026-05-08T18:02:14.467] [DEBUG] debug-file - Update task entry:default@CreateBuildProfile input file:/Users/jordanzt/Work/Projects/opencalc-harmonyos/build-profile.json5 cache by regenerate.
[2026-05-08T18:02:14.468] [DEBUG] debug-file - Update task entry:default@CreateBuildProfile output file:/Users/jordanzt/Work/Projects/opencalc-harmonyos/entry/build/default/generated/profile/default/BuildProfile.ets cache.
[2026-05-08T18:02:14.468] [DEBUG] debug-file - Incremental task entry:default@CreateBuildProfile post-execution cost:1 ms .
[2026-05-08T18:02:14.468] [DEBUG] debug-file - Update task entry:default@GeneratePkgContextInfo output file:/Users/jordanzt/Work/Projects/opencalc-harmonyos/entry/build/default/intermediates/loader/default/pkgContextInfo.json cache.
[2026-05-08T18:02:14.468] [DEBUG] debug-file - Incremental task entry:default@GeneratePkgContextInfo post-execution cost:1 ms .
[2026-05-08T18:02:14.468] [DEBUG] debug-file - Update task entry:default@GeneratePkgSdkInfo output file:/Users/jordanzt/Work/Projects/opencalc-harmonyos/entry/build/default/intermediates/loader/default/pkgSdkInfo.json cache.
[2026-05-08T18:02:14.468] [DEBUG] debug-file - Incremental task entry:default@GeneratePkgSdkInfo post-execution cost:1 ms .
[2026-05-08T18:02:14.469] [DEBUG] debug-file - Update task entry:default@ProcessIntegratedHsp output file:/Users/jordanzt/Work/Projects/opencalc-harmonyos/build/cache/default/integrated_hsp/integratedHspCache.json cache.
[2026-05-08T18:02:14.469] [DEBUG] debug-file - Incremental task entry:default@ProcessIntegratedHsp post-execution cost:1 ms .
[2026-05-08T18:02:14.469] [DEBUG] debug-file - Update task entry:default@MakePackInfo input file:/Users/jordanzt/Work/Projects/opencalc-harmonyos/AppScope/app.json5 cache by regenerate.
[2026-05-08T18:02:14.469] [DEBUG] debug-file - Update task entry:default@MakePackInfo input file:/Users/jordanzt/Work/Projects/opencalc-harmonyos/entry/src/main/module.json5 cache by regenerate.
[2026-05-08T18:02:14.469] [DEBUG] debug-file - Update task entry:default@MakePackInfo input file:/Users/jordanzt/Work/Projects/opencalc-harmonyos/build-profile.json5 cache by regenerate.
[2026-05-08T18:02:14.470] [DEBUG] debug-file - Update task entry:default@MakePackInfo output file:/Users/jordanzt/Work/Projects/opencalc-harmonyos/entry/build/default/outputs/default/pack.info cache.
[2026-05-08T18:02:14.471] [DEBUG] debug-file - Incremental task entry:default@MakePackInfo post-execution cost:2 ms .
[2026-05-08T18:02:14.471] [DEBUG] debug-file - Update task entry:default@SyscapTransform input file:/Applications/DevEco-Studio.app/Contents/sdk/default/openharmony/toolchains/syscap_tool cache by regenerate.
[2026-05-08T18:02:14.471] [DEBUG] debug-file - Update task entry:default@SyscapTransform input file:/Applications/DevEco-Studio.app/Contents/sdk/default/openharmony/ets/api/device-define cache by regenerate.
[2026-05-08T18:02:14.473] [DEBUG] debug-file - Update task entry:default@SyscapTransform output file:/Users/jordanzt/Work/Projects/opencalc-harmonyos/entry/build/default/intermediates/syscap/default/rpcid.sc cache.
[2026-05-08T18:02:14.473] [DEBUG] debug-file - Incremental task entry:default@SyscapTransform post-execution cost:3 ms .
[2026-05-08T18:02:14.473] [DEBUG] debug-file - Update task entry:default@ProcessProfile input file:/Users/jordanzt/Work/Projects/opencalc-harmonyos/entry/build/default/intermediates/merge_profile/default/module.json cache by regenerate.
[2026-05-08T18:02:14.474] [DEBUG] debug-file - Update task entry:default@ProcessProfile output file:/Users/jordanzt/Work/Projects/opencalc-harmonyos/entry/build/default/intermediates/process_profile/default/module.json cache.
[2026-05-08T18:02:14.474] [DEBUG] debug-file - Incremental task entry:default@ProcessProfile post-execution cost:1 ms .
[2026-05-08T18:02:14.474] [DEBUG] debug-file - Update task entry:default@ProcessRouterMap input file:/Users/jordanzt/Work/Projects/opencalc-harmonyos/entry/oh-package.json5 cache by regenerate.
[2026-05-08T18:02:14.474] [DEBUG] debug-file - Update task entry:default@ProcessRouterMap input file:/Users/jordanzt/Work/Projects/opencalc-harmonyos/oh-package.json5 cache by regenerate.
[2026-05-08T18:02:14.474] [DEBUG] debug-file - Update task entry:default@ProcessRouterMap input file:/Users/jordanzt/Work/Projects/opencalc-harmonyos/entry/src/main/module.json5 cache by regenerate.
[2026-05-08T18:02:14.475] [DEBUG] debug-file - Update task entry:default@ProcessRouterMap output file:/Users/jordanzt/Work/Projects/opencalc-harmonyos/entry/build/default/intermediates/router_map/default/temp-router-map.json cache.
[2026-05-08T18:02:14.475] [DEBUG] debug-file - Update task entry:default@ProcessRouterMap output file:/Users/jordanzt/Work/Projects/opencalc-harmonyos/entry/build/default/intermediates/router_map/default/loader-router-map.json cache.
[2026-05-08T18:02:14.475] [DEBUG] debug-file - Incremental task entry:default@ProcessRouterMap post-execution cost:2 ms .
[2026-05-08T18:02:14.475] [DEBUG] debug-file - Update task entry:default@ProcessShareConfig input file:/Users/jordanzt/Work/Projects/opencalc-harmonyos/entry/oh-package.json5 cache by regenerate.
[2026-05-08T18:02:14.475] [DEBUG] debug-file - Update task entry:default@ProcessShareConfig input file:/Users/jordanzt/Work/Projects/opencalc-harmonyos/oh-package.json5 cache by regenerate.
[2026-05-08T18:02:14.475] [DEBUG] debug-file - Update task entry:default@ProcessShareConfig input file:/Users/jordanzt/Work/Projects/opencalc-harmonyos/entry/src/main/module.json5 cache by regenerate.
[2026-05-08T18:02:14.476] [DEBUG] debug-file - Update task entry:default@ProcessShareConfig output file:/Users/jordanzt/Work/Projects/opencalc-harmonyos/entry/build/default/intermediates/share_config/default/temp-share-config.json cache.
[2026-05-08T18:02:14.476] [DEBUG] debug-file - Incremental task entry:default@ProcessShareConfig post-execution cost:2 ms .
[2026-05-08T18:02:14.477] [DEBUG] debug-file - Update task entry:default@ProcessStartupConfig output file:/Users/jordanzt/Work/Projects/opencalc-harmonyos/entry/build/default/intermediates/startup/default/startup_config.json cache.
[2026-05-08T18:02:14.477] [DEBUG] debug-file - Incremental task entry:default@ProcessStartupConfig post-execution cost:1 ms .
[2026-05-08T18:02:14.477] [DEBUG] debug-file - Update task entry:default@ProcessResource output file:/Users/jordanzt/Work/Projects/opencalc-harmonyos/entry/build/default/intermediates/res/default/resConfig.json cache.
[2026-05-08T18:02:14.477] [DEBUG] debug-file - Update task entry:default@ProcessResource output file:/Users/jordanzt/Work/Projects/opencalc-harmonyos/entry/build/default/intermediates/res/default/opt-compression.json cache.
[2026-05-08T18:02:14.478] [DEBUG] debug-file - Incremental task entry:default@ProcessResource post-execution cost:1 ms .
[2026-05-08T18:02:14.479] [DEBUG] debug-file - Update task entry:default@GenerateLoaderJson input file:/Users/jordanzt/Work/Projects/opencalc-harmonyos/entry/build/default/intermediates/router_map/default/temp-router-map.json cache by regenerate.
[2026-05-08T18:02:14.479] [DEBUG] debug-file - Update task entry:default@GenerateLoaderJson output file:/Users/jordanzt/Work/Projects/opencalc-harmonyos/entry/build/default/intermediates/loader/default/loader.json cache.
[2026-05-08T18:02:14.479] [DEBUG] debug-file - Incremental task entry:default@GenerateLoaderJson post-execution cost:2 ms .
[2026-05-08T18:02:14.479] [DEBUG] debug-file - Update task entry:default@ProcessLibs input file:/Users/jordanzt/Work/Projects/opencalc-harmonyos/build-profile.json5 cache by regenerate.
[2026-05-08T18:02:14.480] [DEBUG] debug-file - Update task entry:default@ProcessLibs input file:/Users/jordanzt/Work/Projects/opencalc-harmonyos/entry/build-profile.json5 cache by regenerate.
[2026-05-08T18:02:14.480] [DEBUG] debug-file - Update task entry:default@ProcessLibs output file:/Users/jordanzt/Work/Projects/opencalc-harmonyos/entry/build/default/intermediates/libs/default cache.
[2026-05-08T18:02:14.480] [DEBUG] debug-file - Incremental task entry:default@ProcessLibs post-execution cost:1 ms .
[2026-05-08T18:02:14.481] [DEBUG] debug-file - Update task entry:default@CompileResource input file:/Users/jordanzt/Work/Projects/opencalc-harmonyos/entry/src/main/resources cache by regenerate.
[2026-05-08T18:02:14.482] [DEBUG] debug-file - Update task entry:default@CompileResource input file:/Users/jordanzt/Work/Projects/opencalc-harmonyos/entry/build/default/intermediates/process_profile/default/module.json cache by regenerate.
[2026-05-08T18:02:14.482] [DEBUG] debug-file - Update task entry:default@CompileResource input file:/Users/jordanzt/Work/Projects/opencalc-harmonyos/entry/build/default/intermediates/res/default/resConfig.json cache by regenerate.
[2026-05-08T18:02:14.483] [DEBUG] debug-file - Update task entry:default@CompileResource output file:/Users/jordanzt/Work/Projects/opencalc-harmonyos/entry/build/default/intermediates/res/default cache.
[2026-05-08T18:02:14.485] [DEBUG] debug-file - Update task entry:default@CompileResource output file:/Users/jordanzt/Work/Projects/opencalc-harmonyos/entry/build/default/generated/r/default/ResourceTable.h cache.
[2026-05-08T18:02:14.485] [DEBUG] debug-file - Update task entry:default@CompileResource output file:/Users/jordanzt/Work/Projects/opencalc-harmonyos/entry/build/default/generated/r/default/ResourceTable.ts cache.
[2026-05-08T18:02:14.486] [DEBUG] debug-file - Update task entry:default@CompileResource output file:/Users/jordanzt/Work/Projects/opencalc-harmonyos/entry/build/default/generated/r/default cache.
[2026-05-08T18:02:14.486] [DEBUG] debug-file - Incremental task entry:default@CompileResource post-execution cost:6 ms .
[2026-05-08T18:02:14.486] [DEBUG] debug-file - Update task entry:default@DoNativeStrip input file:/Users/jordanzt/Work/Projects/opencalc-harmonyos/entry/build/default/intermediates/libs/default cache by regenerate.
[2026-05-08T18:02:14.486] [DEBUG] debug-file - Update task entry:default@DoNativeStrip output file:/Users/jordanzt/Work/Projects/opencalc-harmonyos/entry/build/default/intermediates/stripped_native_libs/default cache.
[2026-05-08T18:02:14.486] [DEBUG] debug-file - Incremental task entry:default@DoNativeStrip post-execution cost:1 ms .
[2026-05-08T18:02:14.487] [DEBUG] debug-file - Update task entry:default@CompileArkTS input file:/Users/jordanzt/Work/Projects/opencalc-harmonyos/entry/build/default/intermediates/loader/default cache by regenerate.
[2026-05-08T18:02:14.488] [DEBUG] debug-file - Update task entry:default@CompileArkTS input file:/Users/jordanzt/Work/Projects/opencalc-harmonyos/entry/build/default/intermediates/res/default/ResourceTable.txt cache by regenerate.
[2026-05-08T18:02:14.488] [DEBUG] debug-file - Update task entry:default@CompileArkTS input file:/Users/jordanzt/Work/Projects/opencalc-harmonyos/entry/build/default/intermediates/res/default/ark_module.json cache by regenerate.
[2026-05-08T18:02:14.488] [DEBUG] debug-file - Update task entry:default@CompileArkTS input file:/Users/jordanzt/Work/Projects/opencalc-harmonyos/entry/build/default/intermediates/res/default/resources/base/profile cache by regenerate.
[2026-05-08T18:02:14.489] [DEBUG] debug-file - Update task entry:default@CompileArkTS input file:/Users/jordanzt/Work/Projects/opencalc-harmonyos/entry/src/main/ets cache by regenerate.
[2026-05-08T18:02:14.490] [DEBUG] debug-file - Update task entry:default@CompileArkTS input file:/Users/jordanzt/Work/Projects/opencalc-harmonyos/entry/build/default/generated/profile/default/BuildProfile.ets cache by regenerate.
[2026-05-08T18:02:14.490] [DEBUG] debug-file - Update task entry:default@CompileArkTS output file:/Users/jordanzt/Work/Projects/opencalc-harmonyos/entry/build/default/intermediates/loader_out/default/ets cache.
[2026-05-08T18:02:14.490] [DEBUG] debug-file - Incremental task entry:default@CompileArkTS post-execution cost:4 ms .
[2026-05-08T18:02:14.491] [DEBUG] debug-file - Update task entry:default@BuildJS input file:/Users/jordanzt/Work/Projects/opencalc-harmonyos/entry/build/default/intermediates/loader/default cache by regenerate.
[2026-05-08T18:02:14.491] [DEBUG] debug-file - Update task entry:default@BuildJS input file:/Users/jordanzt/Work/Projects/opencalc-harmonyos/entry/build/default/intermediates/res/default/ResourceTable.txt cache by regenerate.
[2026-05-08T18:02:14.492] [DEBUG] debug-file - Update task entry:default@BuildJS input file:/Users/jordanzt/Work/Projects/opencalc-harmonyos/entry/build/default/intermediates/res/default/ark_module.json cache by regenerate.
[2026-05-08T18:02:14.492] [DEBUG] debug-file - Update task entry:default@BuildJS input file:/Users/jordanzt/Work/Projects/opencalc-harmonyos/entry/build/default/intermediates/res/default/resources/base/profile cache by regenerate.
[2026-05-08T18:02:14.492] [DEBUG] debug-file - Update task entry:default@BuildJS output file:/Users/jordanzt/Work/Projects/opencalc-harmonyos/entry/build/default/intermediates/loader_out/default/js cache.
[2026-05-08T18:02:14.492] [DEBUG] debug-file - Incremental task entry:default@BuildJS post-execution cost:2 ms .
[2026-05-08T18:02:14.492] [DEBUG] debug-file - Update task entry:default@CacheNativeLibs input file:/Users/jordanzt/Work/Projects/opencalc-harmonyos/entry/build/default/intermediates/stripped_native_libs/default cache by regenerate.
[2026-05-08T18:02:14.493] [DEBUG] debug-file - Update task entry:default@CacheNativeLibs input file:/Users/jordanzt/Work/Projects/opencalc-harmonyos/entry/build/default/intermediates/libs/default cache by regenerate.
[2026-05-08T18:02:14.493] [DEBUG] debug-file - Update task entry:default@CacheNativeLibs output file:/Users/jordanzt/Work/Projects/opencalc-harmonyos/entry/build/default/intermediates/patch/default/base_native_libs.json cache.
[2026-05-08T18:02:14.493] [DEBUG] debug-file - Update task entry:default@CacheNativeLibs output file:/Users/jordanzt/Work/Projects/opencalc-harmonyos/entry/build/default/intermediates/patch/default/binxo_native_libs.json cache.
[2026-05-08T18:02:14.493] [DEBUG] debug-file - Incremental task entry:default@CacheNativeLibs post-execution cost:1 ms .
[2026-05-08T18:02:14.493] [DEBUG] debug-file - Update task entry:default@GeneratePkgModuleJson input file:/Users/jordanzt/Work/Projects/opencalc-harmonyos/entry/build/default/intermediates/res/default/module.json cache by regenerate.
[2026-05-08T18:02:14.493] [DEBUG] debug-file - Update task entry:default@GeneratePkgModuleJson output file:/Users/jordanzt/Work/Projects/opencalc-harmonyos/entry/build/default/intermediates/package/default/module.json cache.
[2026-05-08T18:02:14.493] [DEBUG] debug-file - Incremental task entry:default@GeneratePkgModuleJson post-execution cost:1 ms .
[2026-05-08T18:02:14.493] [DEBUG] debug-file - Incremental task entry:default@ProcessCompiledResources post-execution cost:1 ms .
[2026-05-08T18:02:14.494] [DEBUG] debug-file - Update task entry:default@PackageHap input file:/Users/jordanzt/Work/Projects/opencalc-harmonyos/entry/build/default/intermediates/stripped_native_libs/default cache by regenerate.
[2026-05-08T18:02:14.494] [DEBUG] debug-file - Update task entry:default@PackageHap input file:/Users/jordanzt/Work/Projects/opencalc-harmonyos/entry/build/default/intermediates/res/default/module.json cache by regenerate.
[2026-05-08T18:02:14.495] [DEBUG] debug-file - Update task entry:default@PackageHap input file:/Users/jordanzt/Work/Projects/opencalc-harmonyos/entry/build/default/intermediates/res/default/resources cache by regenerate.
[2026-05-08T18:02:14.496] [DEBUG] debug-file - Update task entry:default@PackageHap input file:/Users/jordanzt/Work/Projects/opencalc-harmonyos/entry/build/default/intermediates/res/default/resources.index cache by regenerate.
[2026-05-08T18:02:14.496] [DEBUG] debug-file - Update task entry:default@PackageHap input file:/Users/jordanzt/Work/Projects/opencalc-harmonyos/entry/build/default/outputs/default/pack.info cache by regenerate.
[2026-05-08T18:02:14.496] [DEBUG] debug-file - Update task entry:default@PackageHap input file:/Users/jordanzt/Work/Projects/opencalc-harmonyos/entry/build/default/intermediates/loader_out/default/ets cache by regenerate.
[2026-05-08T18:02:14.496] [DEBUG] debug-file - Update task entry:default@PackageHap input file:/Users/jordanzt/Work/Projects/opencalc-harmonyos/entry/build/default/intermediates/loader/default/pkgSdkInfo.json cache by regenerate.
[2026-05-08T18:02:14.497] [DEBUG] debug-file - Update task entry:default@PackageHap input file:/Users/jordanzt/Work/Projects/opencalc-harmonyos/entry/build/default/intermediates/loader_out/default/ets/sourceMaps.map cache by regenerate.
[2026-05-08T18:02:14.497] [DEBUG] debug-file - Update task entry:default@PackageHap input file:/Users/jordanzt/Work/Projects/opencalc-harmonyos/entry/build/default/generated/profile/default/BuildProfile.ets cache by regenerate.
[2026-05-08T18:02:14.498] [DEBUG] debug-file - Update task entry:default@PackageHap output file:/Users/jordanzt/Work/Projects/opencalc-harmonyos/entry/build/default/outputs/default/entry-default-unsigned.hap cache.
[2026-05-08T18:02:14.498] [DEBUG] debug-file - Update task entry:default@PackageHap output file:/Users/jordanzt/Work/Projects/opencalc-harmonyos/entry/build/default/intermediates/source_map/default/sourceMaps.map cache.
[2026-05-08T18:02:14.499] [DEBUG] debug-file - Update task entry:default@PackageHap output file:/Users/jordanzt/Work/Projects/opencalc-harmonyos/entry/build/default/outputs/default/mapping/sourceMaps.map cache.
[2026-05-08T18:02:14.499] [DEBUG] debug-file - Incremental task entry:default@PackageHap post-execution cost:6 ms .
[2026-05-08T18:02:14.499] [DEBUG] debug-file - Update task entry:default@SignHap input file:/Users/jordanzt/Work/Projects/opencalc-harmonyos/entry/build/default/outputs/default/entry-default-unsigned.hap cache by regenerate.
[2026-05-08T18:02:14.499] [DEBUG] debug-file - Update task entry:default@SignHap output file:/Users/jordanzt/Work/Projects/opencalc-harmonyos/entry/build/default/outputs/default/entry-default-signed.hap cache.
[2026-05-08T18:02:14.499] [DEBUG] debug-file - Incremental task entry:default@SignHap post-execution cost:1 ms .
[2026-05-08T18:02:14.501] [DEBUG] debug-file - Update task entry:default@CollectDebugSymbol input file:/Users/jordanzt/Work/Projects/opencalc-harmonyos/entry/build/default/intermediates/loader_out/default/ets/sourceMaps.map cache by regenerate.
[2026-05-08T18:02:14.501] [DEBUG] debug-file - Update task entry:default@CollectDebugSymbol input file:/Users/jordanzt/Work/Projects/opencalc-harmonyos/entry/build/default/intermediates/libs/default cache by regenerate.
[2026-05-08T18:02:14.501] [DEBUG] debug-file - Update task entry:default@CollectDebugSymbol output file:/Users/jordanzt/Work/Projects/opencalc-harmonyos/entry/build/default/outputs/default/symbol cache.
[2026-05-08T18:02:14.501] [DEBUG] debug-file - Incremental task entry:default@CollectDebugSymbol post-execution cost:1 ms .
[2026-05-08T18:02:14.535] [DEBUG] debug-file - Cleanup worker 1.
[2026-05-08T18:02:14.535] [DEBUG] debug-file - Worker 1 has been cleaned up.
[2026-05-08T18:02:14.535] [DEBUG] debug-file - Current idle worker size: 2.
[2026-05-08T18:02:14.535] [DEBUG] debug-file - Current resident worker size: 3.
[2026-05-08T18:02:14.535] [DEBUG] debug-file - Cleanup worker 0.
[2026-05-08T18:02:14.535] [DEBUG] debug-file - Worker 0 has been cleaned up.
[2026-05-08T18:02:14.535] [DEBUG] debug-file - Current idle worker size: 1.
[2026-05-08T18:02:14.535] [DEBUG] debug-file - Current resident worker size: 3.
[2026-05-08T18:02:14.537] [DEBUG] debug-file - hvigor build process will be closed.
[2026-05-08T18:02:14.543] [DEBUG] debug-file - session manager: send message to worker process.
[2026-05-08T18:02:14.547] [DEBUG] debug-file - session manager: send message to worker process.
[2026-05-08T18:02:14.547] [DEBUG] debug-file - watch worker: worker id should be larger than 0. Nothing will be sent to any worker thread.
[2026-05-08T18:02:14.550] [DEBUG] debug-file - watch worker: worker id should be larger than 0. Nothing will be sent to any worker thread.
[2026-05-08T18:02:14.562] [DEBUG] debug-file - worker[1] exits with exit code 1.
[2026-05-08T18:02:14.566] [DEBUG] debug-file - worker[0] exits with exit code 1.
[2026-05-08T18:10:29.217] [DEBUG] debug-file - env: nodejsVersion=v18.20.1
[2026-05-08T18:10:29.263] [DEBUG] debug-file - env: daemon=true
[2026-05-08T18:10:29.221] [DEBUG] debug-file - env: hvigor-config.json5 content = { modelVersion: '6.0.2', dependencies: {} }
[2026-05-08T18:10:29.917] [DEBUG] debug-file - session manager: set active socket. socketId=4TPbgumTWjV0Se5QAAAD
[2026-05-08T18:10:29.921] [DEBUG] debug-file - watch worker: worker id should be larger than 0. Nothing will be sent to any worker thread.
[2026-05-08T18:10:29.924] [DEBUG] debug-file - Workers' log level updated to INFO
[2026-05-08T18:10:29.931] [DEBUG] debug-file - Hvigor init with startParameters:{
  hvigorfileTypeCheck: false,
  parallelExecution: true,
  incrementalExecution: true,
  printStackTrace: false,
  daemon: true,
  analyze: 0,
  logLevel: Level { level: 20000, levelStr: 'INFO', colour: 'green' },
  optimizationStrategy: 'memory',
  hotCompile: undefined,
  hotReloadBuild: undefined,
  customizedParam: undefined
}
[2026-05-08T18:10:29.940] [DEBUG] debug-file - Cache service initialization finished in 9 ms 
[2026-05-08T18:10:29.944] [DEBUG] debug-file - hvigorfile, resolving /Users/jordanzt/Work/Projects/opencalc-harmonyos/hvigorfile.ts
[2026-05-08T18:10:30.047] [DEBUG] debug-file - hvigorfile, require result:  {}
[2026-05-08T18:10:30.047] [DEBUG] debug-file - hvigorfile, binding system plugins {}
[2026-05-08T18:10:30.051] [DEBUG] debug-file - Starting plugin build process
[2026-05-08T18:10:30.051] [DEBUG] debug-file - App plugin prepare start...
[2026-05-08T18:10:30.051] [DEBUG] debug-file - App plugin prepare end...
[2026-05-08T18:10:30.051] [DEBUG] debug-file - App plugin creating...
[2026-05-08T18:10:30.075] [DEBUG] debug-file - App plugin register hook start...
[2026-05-08T18:10:30.076] [DEBUG] debug-file - App plugin register hook end...
[2026-05-08T18:10:30.076] [DEBUG] debug-file - Plugin build process completed
[2026-05-08T18:10:30.077] [DEBUG] debug-file - Start initialize project's product build option map with build mode debug.
[2026-05-08T18:10:30.077] [DEBUG] debug-file - Picking option from product 'default' with build mode 'debug'.
[2026-05-08T18:10:30.079] [DEBUG] debug-file - Product 'default' build option initialized
[2026-05-08T18:10:30.079] [DEBUG] debug-file - End initialize project's product build option map with build mode 'debug'.
[2026-05-08T18:10:30.081] [DEBUG] debug-file - Obtain build option for product 'default'in this build.
[2026-05-08T18:10:30.083] [DEBUG] debug-file - No signingConfig found, initRemoteHspCache failed.
[2026-05-08T18:10:30.091] [DEBUG] debug-file - Start recording SDK configuration permission data.
[2026-05-08T18:10:30.155] [DEBUG] debug-file - Sdk init in 70 ms 
[2026-05-08T18:10:30.162] [DEBUG] debug-file - Project task initialization takes 7 ms 
[2026-05-08T18:10:30.162] [DEBUG] debug-file - hvigorfile, resolve finished /Users/jordanzt/Work/Projects/opencalc-harmonyos/hvigorfile.ts
[2026-05-08T18:10:30.162] [DEBUG] debug-file - hvigorfile, resolving /Users/jordanzt/Work/Projects/opencalc-harmonyos/entry/hvigorfile.ts
[2026-05-08T18:10:30.166] [DEBUG] debug-file - hvigorfile, require result:  {}
[2026-05-08T18:10:30.166] [DEBUG] debug-file - hvigorfile, binding system plugins {}
[2026-05-08T18:10:30.166] [DEBUG] debug-file - Starting plugin build process
[2026-05-08T18:10:30.167] [DEBUG] debug-file - Hap plugin creating...
[2026-05-08T18:10:30.167] [DEBUG] debug-file - failed to load cangjie to dynamically generate schemas: Error: Cannot find module '@ohos/cangjie-build-support/index'
Require stack:
- /Applications/DevEco-Studio.app/Contents/tools/hvigor/hvigor-ohos-plugin/src/plugin/hooks/cangjie-register.js
- /Applications/DevEco-Studio.app/Contents/tools/hvigor/hvigor-ohos-plugin/src/plugin/strategy/stage-init-strategy.js
- /Applications/DevEco-Studio.app/Contents/tools/hvigor/hvigor-ohos-plugin/src/plugin/builder/abstract-plugin-builder.js
- /Applications/DevEco-Studio.app/Contents/tools/hvigor/hvigor-ohos-plugin/src/plugin/builder/app-plugin-builder.js
- /Applications/DevEco-Studio.app/Contents/tools/hvigor/hvigor-ohos-plugin/src/plugin/factory/plugin-factory.js
- /Applications/DevEco-Studio.app/Contents/tools/hvigor/hvigor-ohos-plugin/index.js
- /Users/jordanzt/Work/Projects/opencalc-harmonyos/hvigorfile.ts
- /Applications/DevEco-Studio.app/Contents/tools/hvigor/hvigor/src/base/internal/lifecycle/configuration.js
- /Applications/DevEco-Studio.app/Contents/tools/hvigor/hvigor/src/base/boot/index.js
- /Applications/DevEco-Studio.app/Contents/tools/hvigor/hvigor/src/base/daemon/cluster/worker-process-lifecycle.js
- /Applications/DevEco-Studio.app/Contents/tools/hvigor/hvigor/src/base/daemon/process/daemon-process-boot-script.js
[2026-05-08T18:10:30.179] [DEBUG] debug-file - Start initialize module-target build option map, moduleName=entry, buildMode=debug
[2026-05-08T18:10:30.179] [DEBUG] debug-file - Target 'default' config initialized
[2026-05-08T18:10:30.179] [DEBUG] debug-file - Module 'entry' target 'default' build option initialized
[2026-05-08T18:10:30.180] [DEBUG] debug-file - End initialize module-target build option map, moduleName=entry
[2026-05-08T18:10:30.180] [DEBUG] debug-file - Start initialize module-target build option map, moduleName=entry, buildMode=release
[2026-05-08T18:10:30.180] [DEBUG] debug-file - Target 'default' config initialized
[2026-05-08T18:10:30.180] [DEBUG] debug-file - Module 'entry' target 'default' build option initialized
[2026-05-08T18:10:30.180] [DEBUG] debug-file - End initialize module-target build option map, moduleName=entry
[2026-05-08T18:10:30.180] [DEBUG] debug-file - Start initialize module-target build option map, moduleName=entry, buildMode=debug
[2026-05-08T18:10:30.180] [DEBUG] debug-file - Target 'default' config initialized
[2026-05-08T18:10:30.180] [DEBUG] debug-file - Module 'entry' target 'default' build option initialized
[2026-05-08T18:10:30.180] [DEBUG] debug-file - End initialize module-target build option map, moduleName=entry
[2026-05-08T18:10:30.181] [DEBUG] debug-file - Obtain build option for module 'entry' target 'default'in this build.
[2026-05-08T18:10:30.190] [DEBUG] debug-file - Module entry task initialization takes 8 ms 
[2026-05-08T18:10:30.193] [DEBUG] debug-file - Hap plugin register hook start...
[2026-05-08T18:10:30.193] [DEBUG] debug-file - Hap plugin register hook end...
[2026-05-08T18:10:30.193] [DEBUG] debug-file - Plugin build process completed
[2026-05-08T18:10:30.195] [DEBUG] debug-file - hvigorfile, resolve finished /Users/jordanzt/Work/Projects/opencalc-harmonyos/entry/hvigorfile.ts
[2026-05-08T18:10:30.340] [DEBUG] debug-file - hvigorfile, resolve hvigorfile dependencies in 144 ms 
[2026-05-08T18:10:30.341] [DEBUG] debug-file - project has submodules:entry
[2026-05-08T18:10:30.343] [DEBUG] debug-file - start to load updatedOhPackageInfo to the disk
[2026-05-08T18:10:30.347] [DEBUG] debug-file - load to the disk finished
[2026-05-08T18:10:30.348] [DEBUG] debug-file - Start to initialize dependency information.
[2026-05-08T18:10:30.351] [DEBUG] debug-file - Module opencalc-harmonyos Collected Dependency: 
[2026-05-08T18:10:30.351] [DEBUG] debug-file - Module opencalc-harmonyos's total dependency: 0
[2026-05-08T18:10:30.353] [DEBUG] debug-file - Start to initialize dependency information.
[2026-05-08T18:10:30.354] [DEBUG] debug-file - Module entry Collected Dependency: 
[2026-05-08T18:10:30.354] [DEBUG] debug-file - Module entry's total dependency: 0
[2026-05-08T18:10:30.358] [DEBUG] debug-file - Configuration phase cost:417 ms 
[2026-05-08T18:10:30.360] [DEBUG] debug-file - Configuration task cost before running: 436 ms 
[2026-05-08T18:10:30.363] [DEBUG] debug-file - Executing task :entry:default@PreBuild
[2026-05-08T18:10:30.365] [DEBUG] debug-file - Task 'entry:default@PreBuild' cost while wrapping incremental declarations: 1 ms 
[2026-05-08T18:10:30.370] [DEBUG] debug-file - Incremental task entry:default@PreBuild pre-execution cost: 5 ms .
[2026-05-08T18:10:30.370] [DEBUG] debug-file - entry : default@PreBuild cost memory 0.22332000732421875
[2026-05-08T18:10:30.371] [INFO] debug-file - UP-TO-DATE :entry:default@PreBuild...  
[2026-05-08T18:10:30.372] [DEBUG] debug-file - Executing task :entry:default@CreateModuleInfo
[2026-05-08T18:10:30.372] [DEBUG] debug-file - Task 'entry:default@CreateModuleInfo' cost while wrapping incremental declarations: 1 ms 
[2026-05-08T18:10:30.373] [DEBUG] debug-file - entry : default@CreateModuleInfo cost memory 0.04007720947265625
[2026-05-08T18:10:30.373] [DEBUG] debug-file - runTaskFromQueue task cost before running: 449 ms 
[2026-05-08T18:10:30.373] [INFO] debug-file - Finished :entry:default@CreateModuleInfo... after 1 ms 
[2026-05-08T18:10:30.374] [DEBUG] debug-file - Executing task :entry:default@GenerateMetadata
[2026-05-08T18:10:30.374] [DEBUG] debug-file - Task 'entry:default@GenerateMetadata' cost while wrapping incremental declarations: 1 ms 
[2026-05-08T18:10:30.375] [DEBUG] debug-file - Incremental task entry:default@GenerateMetadata pre-execution cost: 1 ms .
[2026-05-08T18:10:30.375] [DEBUG] debug-file - entry : default@GenerateMetadata cost memory 0.07369232177734375
[2026-05-08T18:10:30.376] [INFO] debug-file - UP-TO-DATE :entry:default@GenerateMetadata...  
[2026-05-08T18:10:30.377] [DEBUG] debug-file - Executing task :entry:default@ConfigureCmake
[2026-05-08T18:10:30.377] [DEBUG] debug-file - entry : default@ConfigureCmake cost memory 0.0146026611328125
[2026-05-08T18:10:30.377] [DEBUG] debug-file - runTaskFromQueue task cost before running: 453 ms 
[2026-05-08T18:10:30.377] [INFO] debug-file - Finished :entry:default@ConfigureCmake... after 1 ms 
[2026-05-08T18:10:30.379] [DEBUG] debug-file - Executing task :entry:default@MergeProfile
[2026-05-08T18:10:30.379] [DEBUG] debug-file - Task 'entry:default@MergeProfile' cost while wrapping incremental declarations: 1 ms 
[2026-05-08T18:10:30.381] [DEBUG] debug-file - Incremental task entry:default@MergeProfile pre-execution cost: 2 ms .
[2026-05-08T18:10:30.381] [DEBUG] debug-file - entry : default@MergeProfile cost memory 0.34896087646484375
[2026-05-08T18:10:30.382] [INFO] debug-file - UP-TO-DATE :entry:default@MergeProfile...  
[2026-05-08T18:10:30.384] [DEBUG] debug-file - Executing task :entry:default@CreateBuildProfile
[2026-05-08T18:10:30.385] [DEBUG] debug-file - Task 'entry:default@CreateBuildProfile' cost while wrapping incremental declarations: 1 ms 
[2026-05-08T18:10:30.386] [DEBUG] debug-file - Incremental task entry:default@CreateBuildProfile pre-execution cost: 1 ms .
[2026-05-08T18:10:30.386] [DEBUG] debug-file - entry : default@CreateBuildProfile cost memory 0.090850830078125
[2026-05-08T18:10:30.386] [INFO] debug-file - UP-TO-DATE :entry:default@CreateBuildProfile...  
[2026-05-08T18:10:30.387] [DEBUG] debug-file - Executing task :entry:default@PreCheckSyscap
[2026-05-08T18:10:30.388] [DEBUG] debug-file - entry : default@PreCheckSyscap cost memory 0.01474761962890625
[2026-05-08T18:10:30.388] [DEBUG] debug-file - runTaskFromQueue task cost before running: 464 ms 
[2026-05-08T18:10:30.388] [INFO] debug-file - Finished :entry:default@PreCheckSyscap... after 1 ms 
[2026-05-08T18:10:30.390] [DEBUG] debug-file - Executing task :entry:default@GeneratePkgContextInfo
[2026-05-08T18:10:30.395] [DEBUG] debug-file - Task 'entry:default@GeneratePkgContextInfo' cost while wrapping incremental declarations: 1 ms 
[2026-05-08T18:10:30.396] [DEBUG] debug-file - entry : default@GeneratePkgContextInfo cost memory 0.157745361328125
[2026-05-08T18:10:30.396] [DEBUG] debug-file - runTaskFromQueue task cost before running: 472 ms 
[2026-05-08T18:10:30.396] [INFO] debug-file - Finished :entry:default@GeneratePkgContextInfo... after 6 ms 
[2026-05-08T18:10:30.397] [DEBUG] debug-file - Executing task :entry:default@GeneratePkgSdkInfo
[2026-05-08T18:10:30.399] [DEBUG] debug-file - Task 'entry:default@GeneratePkgSdkInfo' cost while wrapping incremental declarations: 1 ms 
[2026-05-08T18:10:30.399] [DEBUG] debug-file - Incremental task entry:default@GeneratePkgSdkInfo pre-execution cost: 1 ms .
[2026-05-08T18:10:30.400] [DEBUG] debug-file - entry : default@GeneratePkgSdkInfo cost memory 0.11932373046875
[2026-05-08T18:10:30.400] [INFO] debug-file - UP-TO-DATE :entry:default@GeneratePkgSdkInfo...  
[2026-05-08T18:10:30.403] [DEBUG] debug-file - Executing task :entry:default@ProcessIntegratedHsp
[2026-05-08T18:10:30.404] [DEBUG] debug-file - entry:default@ProcessIntegratedHsp is not up-to-date, since the output file '/Users/jordanzt/Work/Projects/opencalc-harmonyos/build/cache/default/integrated_hsp/integratedHspCache.json' does not exist.
[2026-05-08T18:10:30.404] [DEBUG] debug-file - Incremental task entry:default@ProcessIntegratedHsp pre-execution cost: 1 ms .
[2026-05-08T18:10:30.404] [DEBUG] debug-file - entry : default@ProcessIntegratedHsp cost memory 0.0569610595703125
[2026-05-08T18:10:30.404] [DEBUG] debug-file - runTaskFromQueue task cost before running: 480 ms 
[2026-05-08T18:10:30.404] [INFO] debug-file - Finished :entry:default@ProcessIntegratedHsp... after 1 ms 
[2026-05-08T18:10:30.406] [DEBUG] debug-file - Executing task :entry:default@BuildNativeWithCmake
[2026-05-08T18:10:30.406] [DEBUG] debug-file - entry : default@BuildNativeWithCmake cost memory 0.0145263671875
[2026-05-08T18:10:30.406] [DEBUG] debug-file - runTaskFromQueue task cost before running: 482 ms 
[2026-05-08T18:10:30.406] [INFO] debug-file - Finished :entry:default@BuildNativeWithCmake... after 1 ms 
[2026-05-08T18:10:30.407] [DEBUG] debug-file - Executing task :entry:default@MakePackInfo
[2026-05-08T18:10:30.409] [DEBUG] debug-file - Incremental task entry:default@MakePackInfo pre-execution cost: 1 ms .
[2026-05-08T18:10:30.409] [DEBUG] debug-file - entry : default@MakePackInfo cost memory 0.0906982421875
[2026-05-08T18:10:30.410] [INFO] debug-file - UP-TO-DATE :entry:default@MakePackInfo...  
[2026-05-08T18:10:30.411] [DEBUG] debug-file - Executing task :entry:default@SyscapTransform
[2026-05-08T18:10:30.411] [DEBUG] debug-file - File: '/Users/jordanzt/Work/Projects/opencalc-harmonyos/entry/src/main/syscap.json' from 'sysCapJsonPath' is not exists, just ignore.
[2026-05-08T18:10:30.412] [DEBUG] debug-file - Task 'entry:default@SyscapTransform' cost while wrapping incremental declarations: 1 ms 
[2026-05-08T18:10:30.416] [DEBUG] debug-file - entry:default@SyscapTransform is not up-to-date, since the output file '/Users/jordanzt/Work/Projects/opencalc-harmonyos/entry/build/default/intermediates/syscap/default/rpcid.sc' does not exist.
[2026-05-08T18:10:30.416] [DEBUG] debug-file - Incremental task entry:default@SyscapTransform pre-execution cost: 5 ms .
[2026-05-08T18:10:30.417] [DEBUG] debug-file - entry : default@SyscapTransform cost memory 0.10942840576171875
[2026-05-08T18:10:30.417] [DEBUG] debug-file - runTaskFromQueue task cost before running: 493 ms 
[2026-05-08T18:10:30.484] [INFO] debug-file - Finished :entry:default@SyscapTransform... after 6 ms 
[2026-05-08T18:10:30.487] [DEBUG] debug-file - Executing task :entry:default@ProcessProfile
[2026-05-08T18:10:30.503] [DEBUG] debug-file - Task 'entry:default@ProcessProfile' cost while wrapping incremental declarations: 1 ms 
[2026-05-08T18:10:30.504] [DEBUG] debug-file - Incremental task entry:default@ProcessProfile pre-execution cost: 1 ms .
[2026-05-08T18:10:30.504] [DEBUG] debug-file - entry : default@ProcessProfile cost memory -5.6937713623046875
[2026-05-08T18:10:30.505] [INFO] debug-file - UP-TO-DATE :entry:default@ProcessProfile...  
[2026-05-08T18:10:30.506] [DEBUG] debug-file - Executing task :entry:default@ProcessRouterMap
[2026-05-08T18:10:30.516] [DEBUG] debug-file - Incremental task entry:default@ProcessRouterMap pre-execution cost: 5 ms .
[2026-05-08T18:10:30.516] [DEBUG] debug-file - entry : default@ProcessRouterMap cost memory 0.108673095703125
[2026-05-08T18:10:30.516] [INFO] debug-file - UP-TO-DATE :entry:default@ProcessRouterMap...  
[2026-05-08T18:10:30.518] [DEBUG] debug-file - Executing task :entry:default@ProcessShareConfig
[2026-05-08T18:10:30.520] [DEBUG] debug-file - Incremental task entry:default@ProcessShareConfig pre-execution cost: 2 ms .
[2026-05-08T18:10:30.520] [DEBUG] debug-file - entry : default@ProcessShareConfig cost memory 0.0729827880859375
[2026-05-08T18:10:30.521] [INFO] debug-file - UP-TO-DATE :entry:default@ProcessShareConfig...  
[2026-05-08T18:10:30.522] [DEBUG] debug-file - Executing task :entry:default@ProcessStartupConfig
[2026-05-08T18:10:30.523] [DEBUG] debug-file - Task 'entry:default@ProcessStartupConfig' cost while wrapping incremental declarations: 1 ms 
[2026-05-08T18:10:30.523] [DEBUG] debug-file - entry:default@ProcessStartupConfig is not up-to-date, since the output file '/Users/jordanzt/Work/Projects/opencalc-harmonyos/entry/build/default/intermediates/startup/default/startup_config.json' does not exist.
[2026-05-08T18:10:30.523] [DEBUG] debug-file - Incremental task entry:default@ProcessStartupConfig pre-execution cost: 1 ms .
[2026-05-08T18:10:30.524] [DEBUG] debug-file - entry : default@ProcessStartupConfig cost memory 0.08686065673828125
[2026-05-08T18:10:30.524] [DEBUG] debug-file - runTaskFromQueue task cost before running: 600 ms 
[2026-05-08T18:10:30.524] [INFO] debug-file - Finished :entry:default@ProcessStartupConfig... after 2 ms 
[2026-05-08T18:10:30.525] [DEBUG] debug-file - Executing task :entry:default@BuildNativeWithNinja
[2026-05-08T18:10:30.526] [DEBUG] debug-file - entry : default@BuildNativeWithNinja cost memory 0.01996612548828125
[2026-05-08T18:10:30.526] [DEBUG] debug-file - runTaskFromQueue task cost before running: 602 ms 
[2026-05-08T18:10:30.526] [INFO] debug-file - Finished :entry:default@BuildNativeWithNinja... after 1 ms 
[2026-05-08T18:10:30.528] [DEBUG] debug-file - restool module names: entry; moduleName=entry, taskName=default@ProcessResource
[2026-05-08T18:10:30.531] [DEBUG] debug-file - Executing task :entry:default@ProcessResource
[2026-05-08T18:10:30.531] [DEBUG] debug-file - Task 'entry:default@ProcessResource' cost while wrapping incremental declarations: 1 ms 
[2026-05-08T18:10:30.532] [DEBUG] debug-file - Incremental task entry:default@ProcessResource pre-execution cost: 1 ms .
[2026-05-08T18:10:30.533] [DEBUG] debug-file - entry : default@ProcessResource cost memory 0.123779296875
[2026-05-08T18:10:30.534] [INFO] debug-file - UP-TO-DATE :entry:default@ProcessResource...  
[2026-05-08T18:10:30.536] [DEBUG] debug-file - Executing task :entry:default@GenerateLoaderJson
[2026-05-08T18:10:30.536] [DEBUG] debug-file - Task 'entry:default@GenerateLoaderJson' cost while wrapping incremental declarations: 1 ms 
[2026-05-08T18:10:30.540] [DEBUG] debug-file - Incremental task entry:default@GenerateLoaderJson pre-execution cost: 2 ms .
[2026-05-08T18:10:30.540] [DEBUG] debug-file - entry : default@GenerateLoaderJson cost memory 0.26686859130859375
[2026-05-08T18:10:30.543] [INFO] debug-file - UP-TO-DATE :entry:default@GenerateLoaderJson...  
[2026-05-08T18:10:30.545] [DEBUG] debug-file - Executing task :entry:default@ProcessLibs
[2026-05-08T18:10:30.547] [DEBUG] debug-file - Incremental task entry:default@ProcessLibs pre-execution cost: 1 ms .
[2026-05-08T18:10:30.547] [DEBUG] debug-file - entry : default@ProcessLibs cost memory 0.0804290771484375
[2026-05-08T18:10:30.548] [INFO] debug-file - UP-TO-DATE :entry:default@ProcessLibs...  
[2026-05-08T18:10:30.549] [DEBUG] debug-file - restool module names: entry; moduleName=entry, taskName=default@CompileResource
[2026-05-08T18:10:30.550] [DEBUG] debug-file - Executing task :entry:default@CompileResource
[2026-05-08T18:10:30.556] [DEBUG] debug-file - Incremental task entry:default@CompileResource pre-execution cost: 5 ms .
[2026-05-08T18:10:30.556] [DEBUG] debug-file - entry : default@CompileResource cost memory 0.2860107421875
[2026-05-08T18:10:30.557] [INFO] debug-file - UP-TO-DATE :entry:default@CompileResource...  
[2026-05-08T18:10:30.558] [DEBUG] debug-file - Executing task :entry:default@DoNativeStrip
[2026-05-08T18:10:30.558] [DEBUG] debug-file - File: '/Users/jordanzt/Work/Projects/opencalc-harmonyos/entry/build/default/intermediates/binxo/default' from 'doBinxoNativeLibs' is not exists, just ignore.
[2026-05-08T18:10:30.558] [DEBUG] debug-file - Task 'entry:default@DoNativeStrip' cost while wrapping incremental declarations: 1 ms 
[2026-05-08T18:10:30.559] [DEBUG] debug-file - Incremental task entry:default@DoNativeStrip pre-execution cost: 1 ms .
[2026-05-08T18:10:30.559] [DEBUG] debug-file - entry : default@DoNativeStrip cost memory 0.07926177978515625
[2026-05-08T18:10:30.559] [INFO] debug-file - UP-TO-DATE :entry:default@DoNativeStrip...  
[2026-05-08T18:10:30.561] [DEBUG] debug-file - Executing task :entry:default@CompileArkTS
[2026-05-08T18:10:30.561] [DEBUG] debug-file - obfuscationOptions: undefined
[2026-05-08T18:10:30.562] [DEBUG] debug-file - Task 'entry:default@CompileArkTS' cost while wrapping incremental declarations: 1 ms 
[2026-05-08T18:10:30.566] [DEBUG] debug-file - entry:default@CompileArkTS is not up-to-date, since the input file '/Users/jordanzt/Work/Projects/opencalc-harmonyos/entry/src/main/ets' has been changed.
[2026-05-08T18:10:30.566] [DEBUG] debug-file - Incremental task entry:default@CompileArkTS pre-execution cost: 4 ms .
[2026-05-08T18:10:30.578] [DEBUG] debug-file - build config:
[2026-05-08T18:10:30.578] [DEBUG] debug-file - {
  moduleType: 'entry',
  perf: 0,
  targetName: '.default',
  packageManagerType: 'ohpm',
  localPropertiesPath: '/Users/jordanzt/Work/Projects/opencalc-harmonyos/local.properties',
  isPreview: false,
  isOhosTest: false,
  isLocalTest: false,
  buildMode: 'Debug',
  hotReloadBuild: undefined,
  watchMode: 'false',
  aceProfilePath: '/Users/jordanzt/Work/Projects/opencalc-harmonyos/entry/build/default/intermediates/res/default/resources/base/profile',
  etsLoaderPath: '/Applications/DevEco-Studio.app/Contents/sdk/default/openharmony/ets/build-tools/ets-loader',
  modulePath: '/Users/jordanzt/Work/Projects/opencalc-harmonyos/entry',
  testFrameworkPar: {
    testMode: undefined,
    coveragePathFilter: undefined,
    coverageMode: undefined
  },
  needCoverageInsert: false,
  debugLine: false,
  projectTopDir: '/Users/jordanzt/Work/Projects/opencalc-harmonyos',
  compileSdkVersion: 23,
  compatibleSdkVersion: 12,
  originCompatibleSdkVersion: '5.0.0(12)',
  compatibleSdkVersionStage: 'beta1',
  bundleName: 'c***r',
  etsLoaderVersion: '6.1.0.105',
  etsLoaderReleaseType: 'Release',
  aotCompileMode: 'type',
  apPath: '/Users/jordanzt/Work/Projects/opencalc-harmonyos/entry/modules.ap',
  entryModuleName: 'entry',
  entryModuleVersion: '1.0.0',
  entryPackageName: 'entry',
  allModuleNameHash: '6671a194f23c271af8c958055775f1e8fca00d4e2e30f4305728b40b020624b2',
  externalApiPaths: [ '/Applications/DevEco-Studio.app/Contents/sdk/default/hms/ets' ],
  compilerTypes: [],
  isCrossplatform: false,
  hvigorPluginFile: undefined,
  compilePluginPath: undefined,
  buildGeneratedProfilePath: '/Users/jordanzt/Work/Projects/opencalc-harmonyos/entry/build/default/generated/profile/default',
  bundleType: 'app',
  arkTSVersion: undefined,
  apiVersion: 23,
  needCompleteSourcesMap: false,
  isFaMode: false,
  buildDir: '/Users/jordanzt/Work/Projects/opencalc-harmonyos/entry/build',
  deviceTypes: [ 'phone', 'tablet' ],
  pkgContextInfo: undefined,
  ohPackagePathMap: {},
  dependencyAliasMap: {},
  permission: { requestPermissions: [ [Object] ], definePermissions: undefined },
  useGetCurrentBundleName: false,
  projectArkOption: undefined,
  sourceMapDir: undefined,
  branchElimination: false,
  transformLib: undefined,
  tsImportSendable: false,
  resolveConflictMode: true,
  depName2RootPath: {},
  depName2DepInfo: {},
  depName2OhExports: {},
  rootPathSet: [ '/Users/jordanzt/Work/Projects/opencalc-harmonyos' ],
  useNativeResolver: true,
  shouldEmitJs: true,
  useTscResolve: false,
  singleFileEmit: false,
  userProjectConfig: {
    autoLazyImport: false,
    allowEmptyBundleName: false,
    reExportCheckMode: 'noCheck',
    executionMode: 'memory',
    usePathPlaceholder: false,
    writeRollupCache: true,
    isExpandImportEnabled: false,
    expandImportExclude: '',
    lazyImportExclude: '',
    lazyImportInclude: '',
    ignoreCrossplatformCheck: false,
    isHarDeduplicateEnabled: false,
    skipOhModulesLint: false,
    enableStrictCheckOHModule: false,
    disableSendableCheckRules: [],
    useDeclarationFileSignature: false,
    customizedOptions: undefined,
    integratedHsp: false,
    isPreloadSoEnabled: false
  },
  executionMode: 'memory',
  arkCompileCachePath: '/Users/jordanzt/Work/Projects/opencalc-harmonyos/entry/build/default/cache/default/default@CompileArkTS/esmodule',
  autoLazyFilter: undefined,
  isHarDeduplicateEnabled: false,
  intermediateHarDuplicateDirPath: '/Users/jordanzt/Work/Projects/opencalc-harmonyos/entry/build/default/intermediates/har_duplicate/default',
  autoLazyImport: false,
  allowEmptyBundleName: false,
  reExportCheckMode: 'noCheck',
  usePathPlaceholder: false,
  writeRollupCache: true,
  isExpandImportEnabled: false,
  expandImportExclude: '',
  lazyImportExclude: '',
  lazyImportInclude: '',
  ignoreCrossplatformCheck: false,
  skipOhModulesLint: false,
  enableStrictCheckOHModule: false,
  disableSendableCheckRules: [],
  useDeclarationFileSignature: false,
  customizedOptions: undefined,
  integratedHsp: false,
  isPreloadSoEnabled: false,
  strictMode: undefined,
  useNormalizedOHMUrl: false,
  caseSensitiveCheck: false,
  aceModuleJsonPath: '/Users/jordanzt/Work/Projects/opencalc-harmonyos/entry/build/default/intermediates/res/default/ark_module.json',
  appResource: '/Users/jordanzt/Work/Projects/opencalc-harmonyos/entry/build/default/intermediates/res/default/ResourceTable.txt',
  rawFileResource: '/Users/jordanzt/Work/Projects/opencalc-harmonyos/entry/build/default/intermediates/res/default/resources/rawfile',
  resourceTableHash: '15a61ac8d9e6adf561b61d3e27a374d205464ba7d77ce5a6c1be29eb60539798',
  runtimeOS: 'HarmonyOS',
  sdkInfo: 'false:23:6.1.0.105:Release',
  aceModuleRoot: '/Users/jordanzt/Work/Projects/opencalc-harmonyos/entry/src/main/ets',
  compileMode: 'esmodule',
  aceSuperVisualPath: '/Users/jordanzt/Work/Projects/opencalc-harmonyos/entry/src/main/supervisual',
  aceBuildJson: '/Users/jordanzt/Work/Projects/opencalc-harmonyos/entry/build/default/intermediates/loader/default/loader.json',
  cachePath: '/Users/jordanzt/Work/Projects/opencalc-harmonyos/entry/build/default/cache/default/default@CompileArkTS/esmodule/debug',
  aceModuleBuild: '/Users/jordanzt/Work/Projects/opencalc-harmonyos/entry/build/default/intermediates/loader_out/default/ets',
  supportChunks: true,
  declaredFilesPath: undefined,
  shouldCollectDirectImportees: false,
  isByteCodeHarOptimize: false,
  expandImportPath: undefined,
  resourceTableTs: '/Users/jordanzt/Work/Projects/opencalc-harmonyos/entry/build/default/generated/r/default/ResourceTable.ts',
  moduleMetaInfoFiles: [
    {
      filePath: '/Users/jordanzt/Work/Projects/opencalc-harmonyos/entry/build/default/generated/r/default/ResourceTable.ts',
      ohmurl: 'com.darkempire78.opencalculator/entry/build/generated/r/ResourceTable'
    }
  ],
  pkgNameToPkgBriefInfo: {
    entry: {
      pkgRoot: '/Users/jordanzt/Work/Projects/opencalc-harmonyos/entry',
      originalSourceRoots: undefined,
      sourceRoots: [Array],
      pkgName: 'entry'
    }
  },
  projectModel: {
    '/Users/jordanzt/Work/Projects/opencalc-harmonyos/entry/src/main': {
      moduleName: 'entry',
      modulePkgPath: '/Users/jordanzt/Work/Projects/opencalc-harmonyos/entry',
      belongProjectPath: '/Users/jordanzt/Work/Projects/opencalc-harmonyos'
    },
    '/Users/jordanzt/Work/Projects/opencalc-harmonyos/entry': {
      moduleName: 'entry',
      modulePkgPath: '/Users/jordanzt/Work/Projects/opencalc-harmonyos/entry',
      belongProjectPath: '/Users/jordanzt/Work/Projects/opencalc-harmonyos'
    },
    '/Users/jordanzt/Work/Projects/opencalc-harmonyos': {
      moduleName: 'opencalc-harmonyos',
      modulePkgPath: '/Users/jordanzt/Work/Projects/opencalc-harmonyos',
      belongProjectPath: '/Users/jordanzt/Work/Projects/opencalc-harmonyos'
    }
  },
  pkgJsonFileHash: '9598d6ed3debbacd1532769d4ef187be335bd6b4f7ea12b707b184fd0505ba47',
  allModulePaths: [ '/Users/jordanzt/Work/Projects/opencalc-harmonyos/entry' ],
  routerMap: {},
  obfuscationOptions: undefined,
  byteCodeHarToDependencyKeys: undefined,
  compileBlockPkg: [],
  mockParams: {
    decorator: '@MockSetup',
    packageName: '@ohos/hamock',
    etsSourceRootPath: 'src/main/ets',
    mockConfigPath: undefined,
    mockConfigKey2ModuleInfo: {},
    source2ModuleIdMap: {}
  },
  copyCodeResourceEnable: true,
  copyCodeResourceExcludes: [],
  copyCodeResourceIncludes: undefined,
  uiTransformOptimization: false,
  sdkPath: '/Applications/DevEco-Studio.app/Contents/sdk',
  needPreloadSoFileSet: {},
  preloadSoFilePath: '/Users/jordanzt/Work/Projects/opencalc-harmonyos/entry/build/default/intermediates/preload/default/preload.json',
  useSourceHash: false,
  localModuleParamMap: {},
  otherPaths: {
    'entry/*': [ '../*', '../../../build/default/generated/profile/default/*' ]
  },
  collectImportersConfig: undefined
}
[2026-05-08T18:10:30.579] [DEBUG] debug-file - Compile arkts with external api path: /Applications/DevEco-Studio.app/Contents/sdk/default/hms/ets
[2026-05-08T18:10:30.579] [DEBUG] debug-file - default@CompileArkTS work[4] is submitted.
[2026-05-08T18:10:30.579] [DEBUG] debug-file - default@CompileArkTS work[4] is pushed to ready queue.
[2026-05-08T18:10:30.579] [DEBUG] debug-file - A work dispatched to worker[3] failed because unable to get work from ready queue.
[2026-05-08T18:10:30.580] [DEBUG] debug-file - default@CompileArkTS work[4] has been dispatched to worker[2].
[2026-05-08T18:10:30.580] [DEBUG] debug-file - default@CompileArkTS work[4] is dispatched.
[2026-05-08T18:10:30.580] [DEBUG] debug-file - CopyResources startTime: 212434469326823
[2026-05-08T18:10:30.580] [DEBUG] debug-file - default@CompileArkTS work[5] is submitted.
[2026-05-08T18:10:30.580] [DEBUG] debug-file - default@CompileArkTS work[5] is pushed to ready queue.
[2026-05-08T18:10:30.580] [DEBUG] debug-file - A work dispatched to worker[3] failed because unable to get work from ready queue.
[2026-05-08T18:10:30.580] [DEBUG] debug-file - A work dispatched to worker[2] failed because of worker busy.
[2026-05-08T18:10:30.580] [DEBUG] debug-file - Create  resident worker with id: 1.
[2026-05-08T18:10:30.583] [DEBUG] debug-file - default@CompileArkTS work[5] has been dispatched to worker[1].
[2026-05-08T18:10:30.584] [DEBUG] debug-file - default@CompileArkTS work[5] is dispatched.
[2026-05-08T18:10:30.584] [DEBUG] debug-file - entry : default@CompileArkTS cost memory 1.262939453125
[2026-05-08T18:10:30.585] [DEBUG] debug-file - Executing task :entry:default@BuildJS
[2026-05-08T18:10:30.585] [DEBUG] debug-file - Task 'entry:default@BuildJS' cost while wrapping incremental declarations: 1 ms 
[2026-05-08T18:10:30.587] [DEBUG] debug-file - entry : default@BuildJS cost memory 0.11974334716796875
[2026-05-08T18:10:30.587] [DEBUG] debug-file - runTaskFromQueue task cost before running: 663 ms 
[2026-05-08T18:10:30.587] [INFO] debug-file - Finished :entry:default@BuildJS... after 2 ms 
[2026-05-08T18:10:30.590] [DEBUG] debug-file - Executing task :entry:default@CacheNativeLibs
[2026-05-08T18:10:30.591] [DEBUG] debug-file - File: '/Users/jordanzt/Work/Projects/opencalc-harmonyos/entry/build/default/intermediates/binxo/default' from 'cacheBinxoNativeLibs' is not exists, just ignore.
[2026-05-08T18:10:30.591] [DEBUG] debug-file - Task 'entry:default@CacheNativeLibs' cost while wrapping incremental declarations: 1 ms 
[2026-05-08T18:10:30.592] [DEBUG] debug-file - Incremental task entry:default@CacheNativeLibs pre-execution cost: 1 ms .
[2026-05-08T18:10:30.592] [DEBUG] debug-file - entry : default@CacheNativeLibs cost memory 0.09234619140625
[2026-05-08T18:10:30.592] [INFO] debug-file - UP-TO-DATE :entry:default@CacheNativeLibs...  
[2026-05-08T18:10:32.543] [DEBUG] debug-file - worker[1] has one work done.
[2026-05-08T18:10:32.543] [DEBUG] debug-file - CopyResources is end, endTime: 212436432426588
[2026-05-08T18:10:32.543] [DEBUG] debug-file - default@CompileArkTS work[5] done.
[2026-05-08T18:10:32.543] [DEBUG] debug-file - A work dispatched to worker[1] failed because unable to get work from ready queue.
[2026-05-08T18:10:34.030] [WARN] debug-file - [33mWARN: [33m[33mArkTS:WARN File: /Users/jordanzt/Work/Projects/opencalc-harmonyos/entry/src/main/ets/pages/Index.ets:7:5
 Function may throw exceptions. Special handling is required.
[39m[39m
[33mWARN: [33m[33mArkTS:WARN File: /Users/jordanzt/Work/Projects/opencalc-harmonyos/entry/src/main/ets/pages/Index.ets:7:12
 'replaceUrl' has been deprecated.
[39m[39m
[33mWARN: [33m[33mArkTS:WARN File: /Users/jordanzt/Work/Projects/opencalc-harmonyos/entry/src/main/ets/preferences/PreferencesStore.ets:33:24
 Function may throw exceptions. Special handling is required.
[39m[39m
[33mWARN: [33m[33mArkTS:WARN File: /Users/jordanzt/Work/Projects/opencalc-harmonyos/entry/src/main/ets/preferences/PreferencesStore.ets:41:18
 Function may throw exceptions. Special handling is required.
[39m[39m
[33mWARN: [33m[33mArkTS:WARN File: /Users/jordanzt/Work/Projects/opencalc-harmonyos/entry/src/main/ets/preferences/PreferencesStore.ets:47:11
 Function may throw exceptions. Special handling is required.
[39m[39m
[33mWARN: [33m[33mArkTS:WARN File: /Users/jordanzt/Work/Projects/opencalc-harmonyos/entry/src/main/ets/preferences/PreferencesStore.ets:48:11
 Function may throw exceptions. Special handling is required.
[39m[39m
[33mWARN: [33m[33mArkTS:WARN File: /Users/jordanzt/Work/Projects/opencalc-harmonyos/entry/src/main/ets/preferences/PreferencesStore.ets:54:18
 Function may throw exceptions. Special handling is required.
[39m[39m
[33mWARN: [33m[33mArkTS:WARN File: /Users/jordanzt/Work/Projects/opencalc-harmonyos/entry/src/main/ets/preferences/PreferencesStore.ets:60:11
 Function may throw exceptions. Special handling is required.
[39m[39m
[33mWARN: [33m[33mArkTS:WARN File: /Users/jordanzt/Work/Projects/opencalc-harmonyos/entry/src/main/ets/preferences/PreferencesStore.ets:61:11
 Function may throw exceptions. Special handling is required.
[39m[39m
[33mWARN: [33m[33mArkTS:WARN File: /Users/jordanzt/Work/Projects/opencalc-harmonyos/entry/src/main/ets/preferences/PreferencesStore.ets:69:18
 Function may throw exceptions. Special handling is required.
[39m[39m
[33mWARN: [33m[33mArkTS:WARN File: /Users/jordanzt/Work/Projects/opencalc-harmonyos/entry/src/main/ets/preferences/PreferencesStore.ets:75:11
 Function may throw exceptions. Special handling is required.
[39m[39m
[33mWARN: [33m[33mArkTS:WARN File: /Users/jordanzt/Work/Projects/opencalc-harmonyos/entry/src/main/ets/preferences/PreferencesStore.ets:76:11
 Function may throw exceptions. Special handling is required.
[39m[39m
[33mWARN: [33m[33mArkTS:WARN File: /Users/jordanzt/Work/Projects/opencalc-harmonyos/entry/src/main/ets/preferences/PreferencesStore.ets:84:18
 Function may throw exceptions. Special handling is required.
[39m[39m
[33mWARN: [33m[33mArkTS:WARN File: /Users/jordanzt/Work/Projects/opencalc-harmonyos/entry/src/main/ets/preferences/PreferencesStore.ets:90:11
 Function may throw exceptions. Special handling is required.
[39m[39m
[33mWARN: [33m[33mArkTS:WARN File: /Users/jordanzt/Work/Projects/opencalc-harmonyos/entry/src/main/ets/preferences/PreferencesStore.ets:91:11
 Function may throw exceptions. Special handling is required.
[39m[39m
[33mWARN: [33m[33mArkTS:WARN File: /Users/jordanzt/Work/Projects/opencalc-harmonyos/entry/src/main/ets/preferences/PreferencesStore.ets:99:18
 Function may throw exceptions. Special handling is required.
[39m[39m
[33mWARN: [33m[33mArkTS:WARN File: /Users/jordanzt/Work/Projects/opencalc-harmonyos/entry/src/main/ets/preferences/PreferencesStore.ets:105:11
 Function may throw exceptions. Special handling is required.
[39m[39m
[33mWARN: [33m[33mArkTS:WARN File: /Users/jordanzt/Work/Projects/opencalc-harmonyos/entry/src/main/ets/preferences/PreferencesStore.ets:106:11
 Function may throw exceptions. Special handling is required.
[39m[39m
[33mWARN: [33m[33mArkTS:WARN File: /Users/jordanzt/Work/Projects/opencalc-harmonyos/entry/src/main/ets/preferences/PreferencesStore.ets:115:32
 Function may throw exceptions. Special handling is required.
[39m[39m
[33mWARN: [33m[33mArkTS:WARN File: /Users/jordanzt/Work/Projects/opencalc-harmonyos/entry/src/main/ets/preferences/PreferencesStore.ets:131:11
 Function may throw exceptions. Special handling is required.
[39m[39m
[33mWARN: [33m[33mArkTS:WARN File: /Users/jordanzt/Work/Projects/opencalc-harmonyos/entry/src/main/ets/preferences/PreferencesStore.ets:132:11
 Function may throw exceptions. Special handling is required.
[39m[39m
[33mWARN: [33m[33mArkTS:WARN File: /Users/jordanzt/Work/Projects/opencalc-harmonyos/entry/src/main/ets/preferences/PreferencesStore.ets:140:18
 Function may throw exceptions. Special handling is required.
[39m[39m
[33mWARN: [33m[33mArkTS:WARN File: /Users/jordanzt/Work/Projects/opencalc-harmonyos/entry/src/main/ets/preferences/PreferencesStore.ets:146:11
 Function may throw exceptions. Special handling is required.
[39m[39m
[33mWARN: [33m[33mArkTS:WARN File: /Users/jordanzt/Work/Projects/opencalc-harmonyos/entry/src/main/ets/preferences/PreferencesStore.ets:147:11
 Function may throw exceptions. Special handling is required.
[39m[39m
[33mWARN: [33m[33mArkTS:WARN File: /Users/jordanzt/Work/Projects/opencalc-harmonyos/entry/src/main/ets/preferences/PreferencesStore.ets:155:18
 Function may throw exceptions. Special handling is required.
[39m[39m
[33mWARN: [33m[33mArkTS:WARN File: /Users/jordanzt/Work/Projects/opencalc-harmonyos/entry/src/main/ets/preferences/PreferencesStore.ets:161:11
 Function may throw exceptions. Special handling is required.
[39m[39m
[33mWARN: [33m[33mArkTS:WARN File: /Users/jordanzt/Work/Projects/opencalc-harmonyos/entry/src/main/ets/preferences/PreferencesStore.ets:162:11
 Function may throw exceptions. Special handling is required.
[39m[39m
[33mWARN: [33m[33mArkTS:WARN File: /Users/jordanzt/Work/Projects/opencalc-harmonyos/entry/src/main/ets/preferences/PreferencesStore.ets:170:18
 Function may throw exceptions. Special handling is required.
[39m[39m
[33mWARN: [33m[33mArkTS:WARN File: /Users/jordanzt/Work/Projects/opencalc-harmonyos/entry/src/main/ets/preferences/PreferencesStore.ets:176:11
 Function may throw exceptions. Special handling is required.
[39m[39m
[33mWARN: [33m[33mArkTS:WARN File: /Users/jordanzt/Work/Projects/opencalc-harmonyos/entry/src/main/ets/preferences/PreferencesStore.ets:177:11
 Function may throw exceptions. Special handling is required.
[39m[39m
[33mWARN: [33m[33mArkTS:WARN File: /Users/jordanzt/Work/Projects/opencalc-harmonyos/entry/src/main/ets/preferences/PreferencesStore.ets:185:18
 Function may throw exceptions. Special handling is required.
[39m[39m
[33mWARN: [33m[33mArkTS:WARN File: /Users/jordanzt/Work/Projects/opencalc-harmonyos/entry/src/main/ets/preferences/PreferencesStore.ets:191:11
 Function may throw exceptions. Special handling is required.
[39m[39m
[33mWARN: [33m[33mArkTS:WARN File: /Users/jordanzt/Work/Projects/opencalc-harmonyos/entry/src/main/ets/preferences/PreferencesStore.ets:192:11
 Function may throw exceptions. Special handling is required.
[39m[39m
[33mWARN: [33m[33mArkTS:WARN File: /Users/jordanzt/Work/Projects/opencalc-harmonyos/entry/src/main/ets/preferences/PreferencesStore.ets:198:18
 Function may throw exceptions. Special handling is required.
[39m[39m
[33mWARN: [33m[33mArkTS:WARN File: /Users/jordanzt/Work/Projects/opencalc-harmonyos/entry/src/main/ets/preferences/PreferencesStore.ets:204:11
 Function may throw exceptions. Special handling is required.
[39m[39m
[33mWARN: [33m[33mArkTS:WARN File: /Users/jordanzt/Work/Projects/opencalc-harmonyos/entry/src/main/ets/preferences/PreferencesStore.ets:205:11
 Function may throw exceptions. Special handling is required.
[39m[39m
[33mWARN: [33m[33mArkTS:WARN File: /Users/jordanzt/Work/Projects/opencalc-harmonyos/entry/src/main/ets/pages/CalculatorPage.ets:40:42
 'getContext' has been deprecated.
[39m[39m
[33mWARN: [33m[33mArkTS:WARN File: /Users/jordanzt/Work/Projects/opencalc-harmonyos/entry/src/main/ets/pages/CalculatorPage.ets:103:5
 Function may throw exceptions. Special handling is required.
[39m[39m
[33mWARN: [33m[33mArkTS:WARN File: /Users/jordanzt/Work/Projects/opencalc-harmonyos/entry/src/main/ets/pages/CalculatorPage.ets:104:5
 Function may throw exceptions. Special handling is required.
[39m[39m
[33mWARN: [33m[33mArkTS:WARN File: /Users/jordanzt/Work/Projects/opencalc-harmonyos/entry/src/main/ets/pages/CalculatorPage.ets:104:18
 'showToast' has been deprecated.
[39m[39m
[33mWARN: [33mArkTS:WARN File: /Users/jordanzt/Work/Projects/opencalc-harmonyos/entry/src/main/ets/pages/CalculatorPage.ets:13:1
 It's not a recommended way to export struct with '@Entry' decorator, which may cause ACE Engine error in component preview mode.[39m[39m

[2026-05-08T18:10:34.031] [DEBUG] debug-file - Ark compile task finished.finished time is 212437920164808
[2026-05-08T18:10:34.032] [DEBUG] debug-file - worker[2] has one work done.
[2026-05-08T18:10:34.033] [DEBUG] debug-file - default@CompileArkTS work[4] done.
[2026-05-08T18:10:34.034] [DEBUG] debug-file - A work dispatched to worker[2] failed because unable to get work from ready queue.
[2026-05-08T18:10:34.034] [INFO] debug-file - Finished :entry:default@CompileArkTS... after 3 s 470 ms 
[2026-05-08T18:10:34.035] [DEBUG] debug-file - Executing task :entry:default@GeneratePkgModuleJson
[2026-05-08T18:10:34.035] [DEBUG] debug-file - File: '/Users/jordanzt/Work/Projects/opencalc-harmonyos/entry/build/default/intermediates/preload/default/preload.json' from 'preloadSoJsonPath' is not exists, just ignore.
[2026-05-08T18:10:34.035] [DEBUG] debug-file - Error occurs while handling @Input 'shouldDeduplicateHar': The "data" argument must be of type string or an instance of Buffer, TypedArray, or DataView. Received undefined
[2026-05-08T18:10:34.036] [DEBUG] debug-file - Task 'entry:default@GeneratePkgModuleJson' cost while wrapping incremental declarations: 1 ms 
[2026-05-08T18:10:34.036] [DEBUG] debug-file - Incremental task entry:default@GeneratePkgModuleJson pre-execution cost: 1 ms .
[2026-05-08T18:10:34.036] [DEBUG] debug-file - entry : default@GeneratePkgModuleJson cost memory 0.08733367919921875
[2026-05-08T18:10:34.037] [INFO] debug-file - UP-TO-DATE :entry:default@GeneratePkgModuleJson...  
[2026-05-08T18:10:34.037] [DEBUG] debug-file - Executing task :entry:default@ProcessCompiledResources
[2026-05-08T18:10:34.038] [DEBUG] debug-file - File: '/Users/jordanzt/Work/Projects/opencalc-harmonyos/entry/build/default/intermediates/preload/default/preload.json' from 'preloadSoJsonPath' is not exists, just ignore.
[2026-05-08T18:10:34.038] [DEBUG] debug-file - Task 'entry:default@ProcessCompiledResources' cost while wrapping incremental declarations: 1 ms 
[2026-05-08T18:10:34.038] [DEBUG] debug-file - entry : default@ProcessCompiledResources cost memory 0.05682373046875
[2026-05-08T18:10:34.038] [DEBUG] debug-file - runTaskFromQueue task cost before running: 4 s 114 ms 
[2026-05-08T18:10:34.038] [INFO] debug-file - Finished :entry:default@ProcessCompiledResources... after 1 ms 
[2026-05-08T18:10:34.040] [DEBUG] debug-file - Executing task :entry:default@PackageHap
[2026-05-08T18:10:34.044] [DEBUG] debug-file - entry:default@PackageHap is not up-to-date, since the input file '/Users/jordanzt/Work/Projects/opencalc-harmonyos/entry/build/default/intermediates/loader_out/default/ets' has been changed.
[2026-05-08T18:10:34.044] [DEBUG] debug-file - Incremental task entry:default@PackageHap pre-execution cost: 4 ms .
[2026-05-08T18:10:34.045] [DEBUG] debug-file - Use tool [/Applications/DevEco-Studio.app/Contents/sdk/default/openharmony/toolchains/lib/app_packing_tool.jar]
 [
  'java',
  '-Dfile.encoding=utf-8',
  '-jar',
  '/Applications/DevEco-Studio.app/Contents/sdk/default/openharmony/toolchains/lib/app_packing_tool.jar',
  '--mode',
  'hap',
  '--force',
  'true',
  '--lib-path',
  '/Users/jordanzt/Work/Projects/opencalc-harmonyos/entry/build/default/intermediates/stripped_native_libs/default',
  '--json-path',
  '/Users/jordanzt/Work/Projects/opencalc-harmonyos/entry/build/default/intermediates/package/default/module.json',
  '--resources-path',
  '/Users/jordanzt/Work/Projects/opencalc-harmonyos/entry/build/default/intermediates/res/default/resources',
  '--index-path',
  '/Users/jordanzt/Work/Projects/opencalc-harmonyos/entry/build/default/intermediates/res/default/resources.index',
  '--pack-info-path',
  '/Users/jordanzt/Work/Projects/opencalc-harmonyos/entry/build/default/outputs/default/pack.info',
  '--out-path',
  '/Users/jordanzt/Work/Projects/opencalc-harmonyos/entry/build/default/outputs/default/entry-default-unsigned.hap',
  '--ets-path',
  '/Users/jordanzt/Work/Projects/opencalc-harmonyos/entry/build/default/intermediates/loader_out/default/ets',
  '--pkg-sdk-info-path',
  '/Users/jordanzt/Work/Projects/opencalc-harmonyos/entry/build/default/intermediates/loader/default/pkgSdkInfo.json'
]
[2026-05-08T18:10:34.046] [DEBUG] debug-file - default@PackageHap work[6] is submitted.
[2026-05-08T18:10:34.046] [DEBUG] debug-file - default@PackageHap work[6] is pushed to ready queue.
[2026-05-08T18:10:34.046] [DEBUG] debug-file - A work dispatched to worker[3] failed because unable to get work from ready queue.
[2026-05-08T18:10:34.046] [DEBUG] debug-file - default@PackageHap work[6] has been dispatched to worker[2].
[2026-05-08T18:10:34.046] [DEBUG] debug-file - default@PackageHap work[6] is dispatched.
[2026-05-08T18:10:34.053] [DEBUG] debug-file - entry : default@PackageHap cost memory 0.38039398193359375
[2026-05-08T18:10:34.051] [DEBUG] debug-file - current process  memoryUsage: {
  rss: 644157440,
  heapTotal: 330739712,
  heapUsed: 293672432,
  external: 4728050,
  arrayBuffers: 875529
} os memoryUsage :7.841453552246094
[2026-05-08T18:10:35.629] [DEBUG] debug-file - worker[2] has one work done.
[2026-05-08T18:10:35.629] [DEBUG] debug-file - default@PackageHap work[6] done.
[2026-05-08T18:10:35.630] [INFO] debug-file - Finished :entry:default@PackageHap... after 1 s 589 ms 
[2026-05-08T18:10:35.632] [DEBUG] debug-file - Executing task :entry:default@PackingCheck
[2026-05-08T18:10:35.638] [DEBUG] debug-file - entry : default@PackingCheck cost memory 0.32470703125
[2026-05-08T18:10:35.639] [DEBUG] debug-file - runTaskFromQueue task cost before running: 5 s 715 ms 
[2026-05-08T18:10:35.639] [INFO] debug-file - Finished :entry:default@PackingCheck... after 7 ms 
[2026-05-08T18:10:35.641] [DEBUG] debug-file - Executing task :entry:default@SignHap
[2026-05-08T18:10:35.642] [WARN] debug-file - No signingConfig found for product default
[2026-05-08T18:10:35.642] [DEBUG] debug-file - entry:default@SignHap is not up-to-date, since the input file '/Users/jordanzt/Work/Projects/opencalc-harmonyos/entry/build/default/outputs/default/entry-default-unsigned.hap' has been changed.
[2026-05-08T18:10:35.642] [DEBUG] debug-file - Incremental task entry:default@SignHap pre-execution cost: 1 ms .
[2026-05-08T18:10:35.643] [DEBUG] debug-file - entry : default@SignHap cost memory 0.074920654296875
[2026-05-08T18:10:35.643] [DEBUG] debug-file - runTaskFromQueue task cost before running: 5 s 719 ms 
[2026-05-08T18:10:35.643] [INFO] debug-file - Finished :entry:default@SignHap... after 2 ms 
[2026-05-08T18:10:35.645] [DEBUG] debug-file - Executing task :entry:default@CollectDebugSymbol
[2026-05-08T18:10:35.646] [DEBUG] debug-file - entry : default@CollectDebugSymbol cost memory 0.08697509765625
[2026-05-08T18:10:35.646] [DEBUG] debug-file - runTaskFromQueue task cost before running: 5 s 722 ms 
[2026-05-08T18:10:35.648] [INFO] debug-file - Finished :entry:default@CollectDebugSymbol... after 2 ms 
[2026-05-08T18:10:35.648] [DEBUG] debug-file - Executing task :entry:assembleHap
[2026-05-08T18:10:35.648] [DEBUG] debug-file - entry : assembleHap cost memory 0.01618194580078125
[2026-05-08T18:10:35.648] [DEBUG] debug-file - runTaskFromQueue task cost before running: 5 s 724 ms 
[2026-05-08T18:10:35.649] [INFO] debug-file - Finished :entry:assembleHap... after 1 ms 
[2026-05-08T18:10:35.649] [INFO] debug-file - BUILD SUCCESSFUL in 5 s 725 ms 
[2026-05-08T18:10:35.650] [DEBUG] debug-file - There is no need to refresh cache, since the incremental task entry:default@PreBuild is up-to-date.
[2026-05-08T18:10:35.650] [DEBUG] debug-file - Update task entry:default@CreateModuleInfo output file:/Users/jordanzt/Work/Projects/opencalc-harmonyos/entry/build/default/generated/profile/default/ModuleInfo.ts cache.
[2026-05-08T18:10:35.653] [DEBUG] debug-file - Incremental task entry:default@CreateModuleInfo post-execution cost:3 ms .
[2026-05-08T18:10:35.653] [DEBUG] debug-file - There is no need to refresh cache, since the incremental task entry:default@GenerateMetadata is up-to-date.
[2026-05-08T18:10:35.653] [DEBUG] debug-file - There is no need to refresh cache, since the incremental task entry:default@MergeProfile is up-to-date.
[2026-05-08T18:10:35.653] [DEBUG] debug-file - There is no need to refresh cache, since the incremental task entry:default@CreateBuildProfile is up-to-date.
[2026-05-08T18:10:35.653] [DEBUG] debug-file - Update task entry:default@GeneratePkgContextInfo output file:/Users/jordanzt/Work/Projects/opencalc-harmonyos/entry/build/default/intermediates/loader/default/pkgContextInfo.json cache.
[2026-05-08T18:10:35.653] [DEBUG] debug-file - Incremental task entry:default@GeneratePkgContextInfo post-execution cost:1 ms .
[2026-05-08T18:10:35.653] [DEBUG] debug-file - There is no need to refresh cache, since the incremental task entry:default@GeneratePkgSdkInfo is up-to-date.
[2026-05-08T18:10:35.653] [DEBUG] debug-file - Update task entry:default@ProcessIntegratedHsp output file:/Users/jordanzt/Work/Projects/opencalc-harmonyos/build/cache/default/integrated_hsp/integratedHspCache.json cache.
[2026-05-08T18:10:35.654] [DEBUG] debug-file - Incremental task entry:default@ProcessIntegratedHsp post-execution cost:1 ms .
[2026-05-08T18:10:35.654] [DEBUG] debug-file - There is no need to refresh cache, since the incremental task entry:default@MakePackInfo is up-to-date.
[2026-05-08T18:10:35.654] [DEBUG] debug-file - Update task entry:default@SyscapTransform input file:/Applications/DevEco-Studio.app/Contents/sdk/default/openharmony/toolchains/syscap_tool cache by regenerate.
[2026-05-08T18:10:35.654] [DEBUG] debug-file - Update task entry:default@SyscapTransform input file:/Applications/DevEco-Studio.app/Contents/sdk/default/openharmony/ets/api/device-define cache by regenerate.
[2026-05-08T18:10:35.655] [DEBUG] debug-file - Update task entry:default@SyscapTransform output file:/Users/jordanzt/Work/Projects/opencalc-harmonyos/entry/build/default/intermediates/syscap/default/rpcid.sc cache.
[2026-05-08T18:10:35.655] [DEBUG] debug-file - Incremental task entry:default@SyscapTransform post-execution cost:2 ms .
[2026-05-08T18:10:35.655] [DEBUG] debug-file - There is no need to refresh cache, since the incremental task entry:default@ProcessProfile is up-to-date.
[2026-05-08T18:10:35.655] [DEBUG] debug-file - There is no need to refresh cache, since the incremental task entry:default@ProcessRouterMap is up-to-date.
[2026-05-08T18:10:35.655] [DEBUG] debug-file - There is no need to refresh cache, since the incremental task entry:default@ProcessShareConfig is up-to-date.
[2026-05-08T18:10:35.656] [DEBUG] debug-file - Update task entry:default@ProcessStartupConfig output file:/Users/jordanzt/Work/Projects/opencalc-harmonyos/entry/build/default/intermediates/startup/default/startup_config.json cache.
[2026-05-08T18:10:35.657] [DEBUG] debug-file - Incremental task entry:default@ProcessStartupConfig post-execution cost:2 ms .
[2026-05-08T18:10:35.657] [DEBUG] debug-file - There is no need to refresh cache, since the incremental task entry:default@ProcessResource is up-to-date.
[2026-05-08T18:10:35.657] [DEBUG] debug-file - There is no need to refresh cache, since the incremental task entry:default@GenerateLoaderJson is up-to-date.
[2026-05-08T18:10:35.657] [DEBUG] debug-file - There is no need to refresh cache, since the incremental task entry:default@ProcessLibs is up-to-date.
[2026-05-08T18:10:35.657] [DEBUG] debug-file - There is no need to refresh cache, since the incremental task entry:default@CompileResource is up-to-date.
[2026-05-08T18:10:35.657] [DEBUG] debug-file - There is no need to refresh cache, since the incremental task entry:default@DoNativeStrip is up-to-date.
[2026-05-08T18:10:35.658] [DEBUG] debug-file - Update task entry:default@CompileArkTS input file:/Users/jordanzt/Work/Projects/opencalc-harmonyos/entry/build/default/intermediates/loader/default cache by regenerate.
[2026-05-08T18:10:35.658] [DEBUG] debug-file - Update task entry:default@CompileArkTS input file:/Users/jordanzt/Work/Projects/opencalc-harmonyos/entry/build/default/intermediates/res/default/ResourceTable.txt cache by regenerate.
[2026-05-08T18:10:35.658] [DEBUG] debug-file - Update task entry:default@CompileArkTS input file:/Users/jordanzt/Work/Projects/opencalc-harmonyos/entry/build/default/intermediates/res/default/ark_module.json cache by regenerate.
[2026-05-08T18:10:35.658] [DEBUG] debug-file - Update task entry:default@CompileArkTS input file:/Users/jordanzt/Work/Projects/opencalc-harmonyos/entry/build/default/intermediates/res/default/resources/base/profile cache by regenerate.
[2026-05-08T18:10:35.659] [DEBUG] debug-file - Update task entry:default@CompileArkTS input file:/Users/jordanzt/Work/Projects/opencalc-harmonyos/entry/src/main/ets cache from map.
[2026-05-08T18:10:35.659] [DEBUG] debug-file - Update task entry:default@CompileArkTS input file:/Users/jordanzt/Work/Projects/opencalc-harmonyos/entry/build/default/generated/profile/default/BuildProfile.ets cache by regenerate.
[2026-05-08T18:10:35.659] [DEBUG] debug-file - Update task entry:default@CompileArkTS output file:/Users/jordanzt/Work/Projects/opencalc-harmonyos/entry/build/default/intermediates/loader_out/default/ets cache.
[2026-05-08T18:10:35.659] [DEBUG] debug-file - Incremental task entry:default@CompileArkTS post-execution cost:3 ms .
[2026-05-08T18:10:35.660] [DEBUG] debug-file - Update task entry:default@BuildJS input file:/Users/jordanzt/Work/Projects/opencalc-harmonyos/entry/build/default/intermediates/loader/default cache by regenerate.
[2026-05-08T18:10:35.660] [DEBUG] debug-file - Update task entry:default@BuildJS input file:/Users/jordanzt/Work/Projects/opencalc-harmonyos/entry/build/default/intermediates/res/default/ResourceTable.txt cache by regenerate.
[2026-05-08T18:10:35.660] [DEBUG] debug-file - Update task entry:default@BuildJS input file:/Users/jordanzt/Work/Projects/opencalc-harmonyos/entry/build/default/intermediates/res/default/ark_module.json cache by regenerate.
[2026-05-08T18:10:35.660] [DEBUG] debug-file - Update task entry:default@BuildJS input file:/Users/jordanzt/Work/Projects/opencalc-harmonyos/entry/build/default/intermediates/res/default/resources/base/profile cache by regenerate.
[2026-05-08T18:10:35.661] [DEBUG] debug-file - Update task entry:default@BuildJS output file:/Users/jordanzt/Work/Projects/opencalc-harmonyos/entry/build/default/intermediates/loader_out/default/js cache.
[2026-05-08T18:10:35.661] [DEBUG] debug-file - Incremental task entry:default@BuildJS post-execution cost:2 ms .
[2026-05-08T18:10:35.661] [DEBUG] debug-file - There is no need to refresh cache, since the incremental task entry:default@CacheNativeLibs is up-to-date.
[2026-05-08T18:10:35.661] [DEBUG] debug-file - There is no need to refresh cache, since the incremental task entry:default@GeneratePkgModuleJson is up-to-date.
[2026-05-08T18:10:35.661] [DEBUG] debug-file - Incremental task entry:default@ProcessCompiledResources post-execution cost:1 ms .
[2026-05-08T18:10:35.662] [DEBUG] debug-file - Update task entry:default@PackageHap input file:/Users/jordanzt/Work/Projects/opencalc-harmonyos/entry/build/default/intermediates/stripped_native_libs/default cache by regenerate.
[2026-05-08T18:10:35.662] [DEBUG] debug-file - Update task entry:default@PackageHap input file:/Users/jordanzt/Work/Projects/opencalc-harmonyos/entry/build/default/intermediates/res/default/module.json cache by regenerate.
[2026-05-08T18:10:35.663] [DEBUG] debug-file - Update task entry:default@PackageHap input file:/Users/jordanzt/Work/Projects/opencalc-harmonyos/entry/build/default/intermediates/res/default/resources cache by regenerate.
[2026-05-08T18:10:35.664] [DEBUG] debug-file - Update task entry:default@PackageHap input file:/Users/jordanzt/Work/Projects/opencalc-harmonyos/entry/build/default/intermediates/res/default/resources.index cache by regenerate.
[2026-05-08T18:10:35.666] [DEBUG] debug-file - Update task entry:default@PackageHap input file:/Users/jordanzt/Work/Projects/opencalc-harmonyos/entry/build/default/outputs/default/pack.info cache by regenerate.
[2026-05-08T18:10:35.667] [DEBUG] debug-file - Update task entry:default@PackageHap input file:/Users/jordanzt/Work/Projects/opencalc-harmonyos/entry/build/default/intermediates/loader_out/default/ets cache from map.
[2026-05-08T18:10:35.667] [DEBUG] debug-file - Update task entry:default@PackageHap input file:/Users/jordanzt/Work/Projects/opencalc-harmonyos/entry/build/default/intermediates/loader/default/pkgSdkInfo.json cache by regenerate.
[2026-05-08T18:10:35.667] [DEBUG] debug-file - Update task entry:default@PackageHap input file:/Users/jordanzt/Work/Projects/opencalc-harmonyos/entry/build/default/intermediates/loader_out/default/ets/sourceMaps.map cache by regenerate.
[2026-05-08T18:10:35.667] [DEBUG] debug-file - Update task entry:default@PackageHap input file:/Users/jordanzt/Work/Projects/opencalc-harmonyos/entry/build/default/generated/profile/default/BuildProfile.ets cache by regenerate.
[2026-05-08T18:10:35.668] [DEBUG] debug-file - Update task entry:default@PackageHap output file:/Users/jordanzt/Work/Projects/opencalc-harmonyos/entry/build/default/outputs/default/entry-default-unsigned.hap cache.
[2026-05-08T18:10:35.668] [DEBUG] debug-file - Update task entry:default@PackageHap output file:/Users/jordanzt/Work/Projects/opencalc-harmonyos/entry/build/default/intermediates/source_map/default/sourceMaps.map cache.
[2026-05-08T18:10:35.670] [DEBUG] debug-file - Update task entry:default@PackageHap output file:/Users/jordanzt/Work/Projects/opencalc-harmonyos/entry/build/default/outputs/default/mapping/sourceMaps.map cache.
[2026-05-08T18:10:35.670] [DEBUG] debug-file - Incremental task entry:default@PackageHap post-execution cost:10 ms .
[2026-05-08T18:10:35.672] [DEBUG] debug-file - Update task entry:default@SignHap input file:/Users/jordanzt/Work/Projects/opencalc-harmonyos/entry/build/default/outputs/default/entry-default-unsigned.hap cache from map.
[2026-05-08T18:10:35.673] [DEBUG] debug-file - Update task entry:default@SignHap output file:/Users/jordanzt/Work/Projects/opencalc-harmonyos/entry/build/default/outputs/default/entry-default-signed.hap cache.
[2026-05-08T18:10:35.674] [DEBUG] debug-file - Incremental task entry:default@SignHap post-execution cost:3 ms .
[2026-05-08T18:10:35.675] [DEBUG] debug-file - Update task entry:default@CollectDebugSymbol input file:/Users/jordanzt/Work/Projects/opencalc-harmonyos/entry/build/default/intermediates/loader_out/default/ets/sourceMaps.map cache by regenerate.
[2026-05-08T18:10:35.676] [DEBUG] debug-file - Update task entry:default@CollectDebugSymbol input file:/Users/jordanzt/Work/Projects/opencalc-harmonyos/entry/build/default/intermediates/libs/default cache by regenerate.
[2026-05-08T18:10:35.676] [DEBUG] debug-file - Update task entry:default@CollectDebugSymbol output file:/Users/jordanzt/Work/Projects/opencalc-harmonyos/entry/build/default/outputs/default/symbol cache.
[2026-05-08T18:10:35.677] [DEBUG] debug-file - Incremental task entry:default@CollectDebugSymbol post-execution cost:3 ms .
[2026-05-08T18:10:35.696] [DEBUG] debug-file - Cleanup worker 1.
[2026-05-08T18:10:35.696] [DEBUG] debug-file - Worker 1 has been cleaned up.
[2026-05-08T18:10:35.697] [DEBUG] debug-file - Current idle worker size: 1.
[2026-05-08T18:10:35.697] [DEBUG] debug-file - Current resident worker size: 2.
[2026-05-08T18:10:35.697] [DEBUG] debug-file - hvigor build process will be closed.
[2026-05-08T18:10:35.711] [DEBUG] debug-file - session manager: send message to worker process.
[2026-05-08T18:10:35.711] [DEBUG] debug-file - session manager: send message to worker process.
[2026-05-08T18:10:35.714] [DEBUG] debug-file - worker[1] exits with exit code 1.
[2026-05-08T18:10:35.716] [DEBUG] debug-file - watch worker: worker id should be larger than 0. Nothing will be sent to any worker thread.
[2026-05-08T18:10:35.716] [DEBUG] debug-file - watch worker: worker id should be larger than 0. Nothing will be sent to any worker thread.
[2026-05-08T19:37:55.171] [DEBUG] debug-file - env: nodejsVersion=v18.20.1
[2026-05-08T19:37:55.209] [DEBUG] debug-file - env: daemon=true
[2026-05-08T19:37:55.173] [DEBUG] debug-file - env: hvigor-config.json5 content = { modelVersion: '6.0.2', dependencies: {} }
[2026-05-08T19:37:55.728] [DEBUG] debug-file - session manager: set active socket. socketId=zY-sChDD_kshpfxvAAAF
[2026-05-08T19:37:55.732] [DEBUG] debug-file - watch worker: worker id should be larger than 0. Nothing will be sent to any worker thread.
[2026-05-08T19:37:55.734] [DEBUG] debug-file - Workers' log level updated to INFO
[2026-05-08T19:37:55.738] [DEBUG] debug-file - Hvigor init with startParameters:{
  hvigorfileTypeCheck: false,
  parallelExecution: true,
  incrementalExecution: true,
  printStackTrace: false,
  daemon: true,
  analyze: 0,
  logLevel: Level { level: 20000, levelStr: 'INFO', colour: 'green' },
  optimizationStrategy: 'memory',
  hotCompile: undefined,
  hotReloadBuild: undefined,
  customizedParam: undefined
}
[2026-05-08T19:37:55.741] [DEBUG] debug-file - Cache service initialization finished in 4 ms 
[2026-05-08T19:37:55.742] [DEBUG] debug-file - hvigorfile, resolving /Users/jordanzt/Work/Projects/opencalc-harmonyos/hvigorfile.ts
[2026-05-08T19:37:55.750] [DEBUG] debug-file - hvigorfile, require result:  {}
[2026-05-08T19:37:55.750] [DEBUG] debug-file - hvigorfile, binding system plugins {}
[2026-05-08T19:37:55.751] [DEBUG] debug-file - Starting plugin build process
[2026-05-08T19:37:55.751] [DEBUG] debug-file - App plugin prepare start...
[2026-05-08T19:37:55.751] [DEBUG] debug-file - App plugin prepare end...
[2026-05-08T19:37:55.751] [DEBUG] debug-file - App plugin creating...
[2026-05-08T19:37:55.757] [DEBUG] debug-file - App plugin register hook start...
[2026-05-08T19:37:55.757] [DEBUG] debug-file - App plugin register hook end...
[2026-05-08T19:37:55.757] [DEBUG] debug-file - Plugin build process completed
[2026-05-08T19:37:55.758] [DEBUG] debug-file - Start initialize project's product build option map with build mode debug.
[2026-05-08T19:37:55.758] [DEBUG] debug-file - Picking option from product 'default' with build mode 'debug'.
[2026-05-08T19:37:55.758] [DEBUG] debug-file - Product 'default' build option initialized
[2026-05-08T19:37:55.758] [DEBUG] debug-file - End initialize project's product build option map with build mode 'debug'.
[2026-05-08T19:37:55.759] [DEBUG] debug-file - Obtain build option for product 'default'in this build.
[2026-05-08T19:37:55.760] [DEBUG] debug-file - No signingConfig found, initRemoteHspCache failed.
[2026-05-08T19:37:55.764] [DEBUG] debug-file - Start recording SDK configuration permission data.
[2026-05-08T19:37:55.804] [DEBUG] debug-file - Sdk init in 44 ms 
[2026-05-08T19:37:55.807] [DEBUG] debug-file - Project task initialization takes 3 ms 
[2026-05-08T19:37:55.807] [DEBUG] debug-file - hvigorfile, resolve finished /Users/jordanzt/Work/Projects/opencalc-harmonyos/hvigorfile.ts
[2026-05-08T19:37:55.807] [DEBUG] debug-file - hvigorfile, resolving /Users/jordanzt/Work/Projects/opencalc-harmonyos/entry/hvigorfile.ts
[2026-05-08T19:37:55.812] [DEBUG] debug-file - hvigorfile, require result:  {}
[2026-05-08T19:37:55.812] [DEBUG] debug-file - hvigorfile, binding system plugins {}
[2026-05-08T19:37:55.812] [DEBUG] debug-file - Starting plugin build process
[2026-05-08T19:37:55.812] [DEBUG] debug-file - Hap plugin creating...
[2026-05-08T19:37:55.813] [DEBUG] debug-file - failed to load cangjie to dynamically generate schemas: Error: Cannot find module '@ohos/cangjie-build-support/index'
Require stack:
- /Applications/DevEco-Studio.app/Contents/tools/hvigor/hvigor-ohos-plugin/src/plugin/hooks/cangjie-register.js
- /Applications/DevEco-Studio.app/Contents/tools/hvigor/hvigor-ohos-plugin/src/plugin/strategy/stage-init-strategy.js
- /Applications/DevEco-Studio.app/Contents/tools/hvigor/hvigor-ohos-plugin/src/plugin/builder/abstract-plugin-builder.js
- /Applications/DevEco-Studio.app/Contents/tools/hvigor/hvigor-ohos-plugin/src/plugin/builder/app-plugin-builder.js
- /Applications/DevEco-Studio.app/Contents/tools/hvigor/hvigor-ohos-plugin/src/plugin/factory/plugin-factory.js
- /Applications/DevEco-Studio.app/Contents/tools/hvigor/hvigor-ohos-plugin/index.js
- /Users/jordanzt/Work/Projects/opencalc-harmonyos/hvigorfile.ts
- /Applications/DevEco-Studio.app/Contents/tools/hvigor/hvigor/src/base/internal/lifecycle/configuration.js
- /Applications/DevEco-Studio.app/Contents/tools/hvigor/hvigor/src/base/boot/index.js
- /Applications/DevEco-Studio.app/Contents/tools/hvigor/hvigor/src/base/daemon/cluster/worker-process-lifecycle.js
- /Applications/DevEco-Studio.app/Contents/tools/hvigor/hvigor/src/base/daemon/process/daemon-process-boot-script.js
[2026-05-08T19:37:55.814] [DEBUG] debug-file - Start initialize module-target build option map, moduleName=entry, buildMode=debug
[2026-05-08T19:37:55.814] [DEBUG] debug-file - Target 'default' config initialized
[2026-05-08T19:37:55.815] [DEBUG] debug-file - Module 'entry' target 'default' build option initialized
[2026-05-08T19:37:55.815] [DEBUG] debug-file - End initialize module-target build option map, moduleName=entry
[2026-05-08T19:37:55.815] [DEBUG] debug-file - Start initialize module-target build option map, moduleName=entry, buildMode=release
[2026-05-08T19:37:55.815] [DEBUG] debug-file - Target 'default' config initialized
[2026-05-08T19:37:55.815] [DEBUG] debug-file - Module 'entry' target 'default' build option initialized
[2026-05-08T19:37:55.815] [DEBUG] debug-file - End initialize module-target build option map, moduleName=entry
[2026-05-08T19:37:55.815] [DEBUG] debug-file - Start initialize module-target build option map, moduleName=entry, buildMode=debug
[2026-05-08T19:37:55.815] [DEBUG] debug-file - Target 'default' config initialized
[2026-05-08T19:37:55.815] [DEBUG] debug-file - Module 'entry' target 'default' build option initialized
[2026-05-08T19:37:55.815] [DEBUG] debug-file - End initialize module-target build option map, moduleName=entry
[2026-05-08T19:37:55.815] [DEBUG] debug-file - Obtain build option for module 'entry' target 'default'in this build.
[2026-05-08T19:37:55.818] [DEBUG] debug-file - Module entry task initialization takes 2 ms 
[2026-05-08T19:37:55.818] [DEBUG] debug-file - Hap plugin register hook start...
[2026-05-08T19:37:55.818] [DEBUG] debug-file - Hap plugin register hook end...
[2026-05-08T19:37:55.818] [DEBUG] debug-file - Plugin build process completed
[2026-05-08T19:37:55.818] [DEBUG] debug-file - hvigorfile, resolve finished /Users/jordanzt/Work/Projects/opencalc-harmonyos/entry/hvigorfile.ts
[2026-05-08T19:37:55.914] [DEBUG] debug-file - hvigorfile, resolve hvigorfile dependencies in 96 ms 
[2026-05-08T19:37:55.914] [DEBUG] debug-file - project has submodules:entry
[2026-05-08T19:37:55.915] [DEBUG] debug-file - start to load updatedOhPackageInfo to the disk
[2026-05-08T19:37:55.917] [DEBUG] debug-file - load to the disk finished
[2026-05-08T19:37:55.918] [DEBUG] debug-file - Start to initialize dependency information.
[2026-05-08T19:37:55.920] [DEBUG] debug-file - Module opencalc-harmonyos Collected Dependency: 
[2026-05-08T19:37:55.920] [DEBUG] debug-file - Module opencalc-harmonyos's total dependency: 0
[2026-05-08T19:37:55.920] [DEBUG] debug-file - Start to initialize dependency information.
[2026-05-08T19:37:55.921] [DEBUG] debug-file - Module entry Collected Dependency: 
[2026-05-08T19:37:55.921] [DEBUG] debug-file - Module entry's total dependency: 0
[2026-05-08T19:37:55.922] [DEBUG] debug-file - Configuration phase cost:181 ms 
[2026-05-08T19:37:55.923] [DEBUG] debug-file - Configuration task cost before running: 190 ms 
[2026-05-08T19:37:55.925] [DEBUG] debug-file - Executing task :entry:default@PreBuild
[2026-05-08T19:37:55.926] [DEBUG] debug-file - Task 'entry:default@PreBuild' cost while wrapping incremental declarations: 1 ms 
[2026-05-08T19:37:55.928] [DEBUG] debug-file - Incremental task entry:default@PreBuild pre-execution cost: 2 ms .
[2026-05-08T19:37:55.928] [DEBUG] debug-file - entry : default@PreBuild cost memory 0.2235107421875
[2026-05-08T19:37:55.929] [INFO] debug-file - UP-TO-DATE :entry:default@PreBuild...  
[2026-05-08T19:37:55.930] [DEBUG] debug-file - Executing task :entry:default@CreateModuleInfo
[2026-05-08T19:37:55.930] [DEBUG] debug-file - Task 'entry:default@CreateModuleInfo' cost while wrapping incremental declarations: 1 ms 
[2026-05-08T19:37:55.930] [DEBUG] debug-file - entry : default@CreateModuleInfo cost memory 0.03987884521484375
[2026-05-08T19:37:55.930] [DEBUG] debug-file - runTaskFromQueue task cost before running: 197 ms 
[2026-05-08T19:37:55.930] [INFO] debug-file - Finished :entry:default@CreateModuleInfo... after 1 ms 
[2026-05-08T19:37:55.931] [DEBUG] debug-file - Executing task :entry:default@GenerateMetadata
[2026-05-08T19:37:55.931] [DEBUG] debug-file - Task 'entry:default@GenerateMetadata' cost while wrapping incremental declarations: 1 ms 
[2026-05-08T19:37:55.932] [DEBUG] debug-file - Incremental task entry:default@GenerateMetadata pre-execution cost: 1 ms .
[2026-05-08T19:37:55.932] [DEBUG] debug-file - entry : default@GenerateMetadata cost memory 0.07350921630859375
[2026-05-08T19:37:55.932] [INFO] debug-file - UP-TO-DATE :entry:default@GenerateMetadata...  
[2026-05-08T19:37:55.933] [DEBUG] debug-file - Executing task :entry:default@ConfigureCmake
[2026-05-08T19:37:55.933] [DEBUG] debug-file - entry : default@ConfigureCmake cost memory 0.0145263671875
[2026-05-08T19:37:55.933] [DEBUG] debug-file - runTaskFromQueue task cost before running: 200 ms 
[2026-05-08T19:37:55.933] [INFO] debug-file - Finished :entry:default@ConfigureCmake... after 1 ms 
[2026-05-08T19:37:55.934] [DEBUG] debug-file - Executing task :entry:default@MergeProfile
[2026-05-08T19:37:55.934] [DEBUG] debug-file - Task 'entry:default@MergeProfile' cost while wrapping incremental declarations: 1 ms 
[2026-05-08T19:37:55.935] [DEBUG] debug-file - Incremental task entry:default@MergeProfile pre-execution cost: 1 ms .
[2026-05-08T19:37:55.935] [DEBUG] debug-file - entry : default@MergeProfile cost memory 0.107757568359375
[2026-05-08T19:37:55.936] [INFO] debug-file - UP-TO-DATE :entry:default@MergeProfile...  
[2026-05-08T19:37:55.937] [DEBUG] debug-file - Executing task :entry:default@CreateBuildProfile
[2026-05-08T19:37:55.937] [DEBUG] debug-file - Task 'entry:default@CreateBuildProfile' cost while wrapping incremental declarations: 1 ms 
[2026-05-08T19:37:55.938] [DEBUG] debug-file - Incremental task entry:default@CreateBuildProfile pre-execution cost: 1 ms .
[2026-05-08T19:37:55.938] [DEBUG] debug-file - entry : default@CreateBuildProfile cost memory 0.09049224853515625
[2026-05-08T19:37:55.938] [INFO] debug-file - UP-TO-DATE :entry:default@CreateBuildProfile...  
[2026-05-08T19:37:55.939] [DEBUG] debug-file - Executing task :entry:default@PreCheckSyscap
[2026-05-08T19:37:55.939] [DEBUG] debug-file - entry : default@PreCheckSyscap cost memory 0.01474761962890625
[2026-05-08T19:37:55.939] [DEBUG] debug-file - runTaskFromQueue task cost before running: 205 ms 
[2026-05-08T19:37:55.939] [INFO] debug-file - Finished :entry:default@PreCheckSyscap... after 1 ms 
[2026-05-08T19:37:55.940] [DEBUG] debug-file - Executing task :entry:default@GeneratePkgContextInfo
[2026-05-08T19:37:55.941] [DEBUG] debug-file - Task 'entry:default@GeneratePkgContextInfo' cost while wrapping incremental declarations: 1 ms 
[2026-05-08T19:37:55.942] [DEBUG] debug-file - entry : default@GeneratePkgContextInfo cost memory 0.1538238525390625
[2026-05-08T19:37:55.942] [DEBUG] debug-file - runTaskFromQueue task cost before running: 208 ms 
[2026-05-08T19:37:55.942] [INFO] debug-file - Finished :entry:default@GeneratePkgContextInfo... after 2 ms 
[2026-05-08T19:37:55.943] [DEBUG] debug-file - Executing task :entry:default@GeneratePkgSdkInfo
[2026-05-08T19:37:55.943] [DEBUG] debug-file - Task 'entry:default@GeneratePkgSdkInfo' cost while wrapping incremental declarations: 1 ms 
[2026-05-08T19:37:55.944] [DEBUG] debug-file - Incremental task entry:default@GeneratePkgSdkInfo pre-execution cost: 1 ms .
[2026-05-08T19:37:55.944] [DEBUG] debug-file - entry : default@GeneratePkgSdkInfo cost memory 0.11896514892578125
[2026-05-08T19:37:55.944] [INFO] debug-file - UP-TO-DATE :entry:default@GeneratePkgSdkInfo...  
[2026-05-08T19:37:55.946] [DEBUG] debug-file - Executing task :entry:default@ProcessIntegratedHsp
[2026-05-08T19:37:55.946] [DEBUG] debug-file - entry:default@ProcessIntegratedHsp is not up-to-date, since the output file '/Users/jordanzt/Work/Projects/opencalc-harmonyos/build/cache/default/integrated_hsp/integratedHspCache.json' does not exist.
[2026-05-08T19:37:55.946] [DEBUG] debug-file - Incremental task entry:default@ProcessIntegratedHsp pre-execution cost: 1 ms .
[2026-05-08T19:37:55.947] [DEBUG] debug-file - entry : default@ProcessIntegratedHsp cost memory 0.05680084228515625
[2026-05-08T19:37:55.947] [DEBUG] debug-file - runTaskFromQueue task cost before running: 213 ms 
[2026-05-08T19:37:55.947] [INFO] debug-file - Finished :entry:default@ProcessIntegratedHsp... after 1 ms 
[2026-05-08T19:37:55.948] [DEBUG] debug-file - Executing task :entry:default@BuildNativeWithCmake
[2026-05-08T19:37:55.948] [DEBUG] debug-file - entry : default@BuildNativeWithCmake cost memory 0.0145263671875
[2026-05-08T19:37:55.948] [DEBUG] debug-file - runTaskFromQueue task cost before running: 215 ms 
[2026-05-08T19:37:55.948] [INFO] debug-file - Finished :entry:default@BuildNativeWithCmake... after 1 ms 
[2026-05-08T19:37:55.949] [DEBUG] debug-file - Executing task :entry:default@MakePackInfo
[2026-05-08T19:37:55.950] [DEBUG] debug-file - Incremental task entry:default@MakePackInfo pre-execution cost: 1 ms .
[2026-05-08T19:37:55.950] [DEBUG] debug-file - entry : default@MakePackInfo cost memory 0.090484619140625
[2026-05-08T19:37:55.950] [INFO] debug-file - UP-TO-DATE :entry:default@MakePackInfo...  
[2026-05-08T19:37:55.951] [DEBUG] debug-file - Executing task :entry:default@SyscapTransform
[2026-05-08T19:37:55.951] [DEBUG] debug-file - File: '/Users/jordanzt/Work/Projects/opencalc-harmonyos/entry/src/main/syscap.json' from 'sysCapJsonPath' is not exists, just ignore.
[2026-05-08T19:37:55.951] [DEBUG] debug-file - Task 'entry:default@SyscapTransform' cost while wrapping incremental declarations: 1 ms 
[2026-05-08T19:37:55.954] [DEBUG] debug-file - entry:default@SyscapTransform is not up-to-date, since the output file '/Users/jordanzt/Work/Projects/opencalc-harmonyos/entry/build/default/intermediates/syscap/default/rpcid.sc' does not exist.
[2026-05-08T19:37:55.954] [DEBUG] debug-file - Incremental task entry:default@SyscapTransform pre-execution cost: 3 ms .
[2026-05-08T19:37:55.954] [DEBUG] debug-file - entry : default@SyscapTransform cost memory 0.18170166015625
[2026-05-08T19:37:55.954] [DEBUG] debug-file - runTaskFromQueue task cost before running: 221 ms 
[2026-05-08T19:37:55.955] [INFO] debug-file - Finished :entry:default@SyscapTransform... after 4 ms 
[2026-05-08T19:37:55.956] [DEBUG] debug-file - Executing task :entry:default@ProcessProfile
[2026-05-08T19:37:55.957] [DEBUG] debug-file - Task 'entry:default@ProcessProfile' cost while wrapping incremental declarations: 1 ms 
[2026-05-08T19:37:55.957] [DEBUG] debug-file - Incremental task entry:default@ProcessProfile pre-execution cost: 1 ms .
[2026-05-08T19:37:55.958] [DEBUG] debug-file - entry : default@ProcessProfile cost memory 0.1096343994140625
[2026-05-08T19:37:55.958] [INFO] debug-file - UP-TO-DATE :entry:default@ProcessProfile...  
[2026-05-08T19:37:55.959] [DEBUG] debug-file - Executing task :entry:default@ProcessRouterMap
[2026-05-08T19:37:55.960] [DEBUG] debug-file - Incremental task entry:default@ProcessRouterMap pre-execution cost: 1 ms .
[2026-05-08T19:37:55.960] [DEBUG] debug-file - entry : default@ProcessRouterMap cost memory 0.10506439208984375
[2026-05-08T19:37:55.960] [INFO] debug-file - UP-TO-DATE :entry:default@ProcessRouterMap...  
[2026-05-08T19:37:55.961] [DEBUG] debug-file - Executing task :entry:default@ProcessShareConfig
[2026-05-08T19:37:55.966] [DEBUG] debug-file - Incremental task entry:default@ProcessShareConfig pre-execution cost: 1 ms .
[2026-05-08T19:37:55.967] [DEBUG] debug-file - entry : default@ProcessShareConfig cost memory -4.0175323486328125
[2026-05-08T19:37:55.967] [INFO] debug-file - UP-TO-DATE :entry:default@ProcessShareConfig...  
[2026-05-08T19:37:55.968] [DEBUG] debug-file - Executing task :entry:default@ProcessStartupConfig
[2026-05-08T19:37:55.968] [DEBUG] debug-file - Task 'entry:default@ProcessStartupConfig' cost while wrapping incremental declarations: 1 ms 
[2026-05-08T19:37:55.968] [DEBUG] debug-file - entry:default@ProcessStartupConfig is not up-to-date, since the output file '/Users/jordanzt/Work/Projects/opencalc-harmonyos/entry/build/default/intermediates/startup/default/startup_config.json' does not exist.
[2026-05-08T19:37:55.968] [DEBUG] debug-file - Incremental task entry:default@ProcessStartupConfig pre-execution cost: 1 ms .
[2026-05-08T19:37:55.968] [DEBUG] debug-file - entry : default@ProcessStartupConfig cost memory 0.08686065673828125
[2026-05-08T19:37:55.968] [DEBUG] debug-file - runTaskFromQueue task cost before running: 235 ms 
[2026-05-08T19:37:55.969] [INFO] debug-file - Finished :entry:default@ProcessStartupConfig... after 1 ms 
[2026-05-08T19:37:55.970] [DEBUG] debug-file - Executing task :entry:default@BuildNativeWithNinja
[2026-05-08T19:37:55.970] [DEBUG] debug-file - entry : default@BuildNativeWithNinja cost memory 0.02037811279296875
[2026-05-08T19:37:55.970] [DEBUG] debug-file - runTaskFromQueue task cost before running: 237 ms 
[2026-05-08T19:37:55.970] [INFO] debug-file - Finished :entry:default@BuildNativeWithNinja... after 1 ms 
[2026-05-08T19:37:55.971] [DEBUG] debug-file - restool module names: entry; moduleName=entry, taskName=default@ProcessResource
[2026-05-08T19:37:55.972] [DEBUG] debug-file - Executing task :entry:default@ProcessResource
[2026-05-08T19:37:55.972] [DEBUG] debug-file - Task 'entry:default@ProcessResource' cost while wrapping incremental declarations: 1 ms 
[2026-05-08T19:37:55.973] [DEBUG] debug-file - Incremental task entry:default@ProcessResource pre-execution cost: 1 ms .
[2026-05-08T19:37:55.973] [DEBUG] debug-file - entry : default@ProcessResource cost memory 0.1231842041015625
[2026-05-08T19:37:55.974] [INFO] debug-file - UP-TO-DATE :entry:default@ProcessResource...  
[2026-05-08T19:37:55.975] [DEBUG] debug-file - Executing task :entry:default@GenerateLoaderJson
[2026-05-08T19:37:55.975] [DEBUG] debug-file - Task 'entry:default@GenerateLoaderJson' cost while wrapping incremental declarations: 1 ms 
[2026-05-08T19:37:55.978] [DEBUG] debug-file - Incremental task entry:default@GenerateLoaderJson pre-execution cost: 2 ms .
[2026-05-08T19:37:55.978] [DEBUG] debug-file - entry : default@GenerateLoaderJson cost memory 0.264312744140625
[2026-05-08T19:37:55.980] [INFO] debug-file - UP-TO-DATE :entry:default@GenerateLoaderJson...  
[2026-05-08T19:37:55.980] [DEBUG] debug-file - Executing task :entry:default@ProcessLibs
[2026-05-08T19:37:55.981] [DEBUG] debug-file - Incremental task entry:default@ProcessLibs pre-execution cost: 1 ms .
[2026-05-08T19:37:55.981] [DEBUG] debug-file - entry : default@ProcessLibs cost memory 0.07878875732421875
[2026-05-08T19:37:55.982] [INFO] debug-file - UP-TO-DATE :entry:default@ProcessLibs...  
[2026-05-08T19:37:55.982] [DEBUG] debug-file - restool module names: entry; moduleName=entry, taskName=default@CompileResource
[2026-05-08T19:37:55.983] [DEBUG] debug-file - Executing task :entry:default@CompileResource
[2026-05-08T19:37:55.987] [DEBUG] debug-file - Incremental task entry:default@CompileResource pre-execution cost: 4 ms .
[2026-05-08T19:37:55.987] [DEBUG] debug-file - entry : default@CompileResource cost memory 0.3660125732421875
[2026-05-08T19:37:55.988] [INFO] debug-file - UP-TO-DATE :entry:default@CompileResource...  
[2026-05-08T19:37:55.989] [DEBUG] debug-file - Executing task :entry:default@DoNativeStrip
[2026-05-08T19:37:55.989] [DEBUG] debug-file - File: '/Users/jordanzt/Work/Projects/opencalc-harmonyos/entry/build/default/intermediates/binxo/default' from 'doBinxoNativeLibs' is not exists, just ignore.
[2026-05-08T19:37:55.989] [DEBUG] debug-file - Task 'entry:default@DoNativeStrip' cost while wrapping incremental declarations: 1 ms 
[2026-05-08T19:37:55.990] [DEBUG] debug-file - Incremental task entry:default@DoNativeStrip pre-execution cost: 1 ms .
[2026-05-08T19:37:55.990] [DEBUG] debug-file - entry : default@DoNativeStrip cost memory 0.0770263671875
[2026-05-08T19:37:55.990] [INFO] debug-file - UP-TO-DATE :entry:default@DoNativeStrip...  
[2026-05-08T19:37:55.991] [DEBUG] debug-file - Executing task :entry:default@CompileArkTS
[2026-05-08T19:37:55.992] [DEBUG] debug-file - obfuscationOptions: undefined
[2026-05-08T19:37:55.992] [DEBUG] debug-file - Task 'entry:default@CompileArkTS' cost while wrapping incremental declarations: 1 ms 
[2026-05-08T19:37:55.996] [DEBUG] debug-file - entry:default@CompileArkTS is not up-to-date, since the input file '/Users/jordanzt/Work/Projects/opencalc-harmonyos/entry/src/main/ets' has been changed.
[2026-05-08T19:37:55.996] [DEBUG] debug-file - Incremental task entry:default@CompileArkTS pre-execution cost: 4 ms .
[2026-05-08T19:37:56.002] [DEBUG] debug-file - build config:
[2026-05-08T19:37:56.002] [DEBUG] debug-file - {
  moduleType: 'entry',
  perf: 0,
  targetName: '.default',
  packageManagerType: 'ohpm',
  localPropertiesPath: '/Users/jordanzt/Work/Projects/opencalc-harmonyos/local.properties',
  isPreview: false,
  isOhosTest: false,
  isLocalTest: false,
  buildMode: 'Debug',
  hotReloadBuild: undefined,
  watchMode: 'false',
  aceProfilePath: '/Users/jordanzt/Work/Projects/opencalc-harmonyos/entry/build/default/intermediates/res/default/resources/base/profile',
  etsLoaderPath: '/Applications/DevEco-Studio.app/Contents/sdk/default/openharmony/ets/build-tools/ets-loader',
  modulePath: '/Users/jordanzt/Work/Projects/opencalc-harmonyos/entry',
  testFrameworkPar: {
    testMode: undefined,
    coveragePathFilter: undefined,
    coverageMode: undefined
  },
  needCoverageInsert: false,
  debugLine: false,
  projectTopDir: '/Users/jordanzt/Work/Projects/opencalc-harmonyos',
  compileSdkVersion: 23,
  compatibleSdkVersion: 12,
  originCompatibleSdkVersion: '5.0.0(12)',
  compatibleSdkVersionStage: 'beta1',
  bundleName: 'c***r',
  etsLoaderVersion: '6.1.0.105',
  etsLoaderReleaseType: 'Release',
  aotCompileMode: 'type',
  apPath: '/Users/jordanzt/Work/Projects/opencalc-harmonyos/entry/modules.ap',
  entryModuleName: 'entry',
  entryModuleVersion: '1.0.0',
  entryPackageName: 'entry',
  allModuleNameHash: '6671a194f23c271af8c958055775f1e8fca00d4e2e30f4305728b40b020624b2',
  externalApiPaths: [ '/Applications/DevEco-Studio.app/Contents/sdk/default/hms/ets' ],
  compilerTypes: [],
  isCrossplatform: false,
  hvigorPluginFile: undefined,
  compilePluginPath: undefined,
  buildGeneratedProfilePath: '/Users/jordanzt/Work/Projects/opencalc-harmonyos/entry/build/default/generated/profile/default',
  bundleType: 'app',
  arkTSVersion: undefined,
  apiVersion: 23,
  needCompleteSourcesMap: false,
  isFaMode: false,
  buildDir: '/Users/jordanzt/Work/Projects/opencalc-harmonyos/entry/build',
  deviceTypes: [ 'phone', 'tablet' ],
  pkgContextInfo: undefined,
  ohPackagePathMap: {},
  dependencyAliasMap: {},
  permission: { requestPermissions: [ [Object] ], definePermissions: undefined },
  useGetCurrentBundleName: false,
  projectArkOption: undefined,
  sourceMapDir: undefined,
  branchElimination: false,
  transformLib: undefined,
  tsImportSendable: false,
  resolveConflictMode: true,
  depName2RootPath: {},
  depName2DepInfo: {},
  depName2OhExports: {},
  rootPathSet: [ '/Users/jordanzt/Work/Projects/opencalc-harmonyos' ],
  useNativeResolver: true,
  shouldEmitJs: true,
  useTscResolve: false,
  singleFileEmit: false,
  userProjectConfig: {
    autoLazyImport: false,
    allowEmptyBundleName: false,
    reExportCheckMode: 'noCheck',
    executionMode: 'memory',
    usePathPlaceholder: false,
    writeRollupCache: true,
    isExpandImportEnabled: false,
    expandImportExclude: '',
    lazyImportExclude: '',
    lazyImportInclude: '',
    ignoreCrossplatformCheck: false,
    isHarDeduplicateEnabled: false,
    skipOhModulesLint: false,
    enableStrictCheckOHModule: false,
    disableSendableCheckRules: [],
    useDeclarationFileSignature: false,
    customizedOptions: undefined,
    integratedHsp: false,
    isPreloadSoEnabled: false
  },
  executionMode: 'memory',
  arkCompileCachePath: '/Users/jordanzt/Work/Projects/opencalc-harmonyos/entry/build/default/cache/default/default@CompileArkTS/esmodule',
  autoLazyFilter: undefined,
  isHarDeduplicateEnabled: false,
  intermediateHarDuplicateDirPath: '/Users/jordanzt/Work/Projects/opencalc-harmonyos/entry/build/default/intermediates/har_duplicate/default',
  autoLazyImport: false,
  allowEmptyBundleName: false,
  reExportCheckMode: 'noCheck',
  usePathPlaceholder: false,
  writeRollupCache: true,
  isExpandImportEnabled: false,
  expandImportExclude: '',
  lazyImportExclude: '',
  lazyImportInclude: '',
  ignoreCrossplatformCheck: false,
  skipOhModulesLint: false,
  enableStrictCheckOHModule: false,
  disableSendableCheckRules: [],
  useDeclarationFileSignature: false,
  customizedOptions: undefined,
  integratedHsp: false,
  isPreloadSoEnabled: false,
  strictMode: undefined,
  useNormalizedOHMUrl: false,
  caseSensitiveCheck: false,
  aceModuleJsonPath: '/Users/jordanzt/Work/Projects/opencalc-harmonyos/entry/build/default/intermediates/res/default/ark_module.json',
  appResource: '/Users/jordanzt/Work/Projects/opencalc-harmonyos/entry/build/default/intermediates/res/default/ResourceTable.txt',
  rawFileResource: '/Users/jordanzt/Work/Projects/opencalc-harmonyos/entry/build/default/intermediates/res/default/resources/rawfile',
  resourceTableHash: '15a61ac8d9e6adf561b61d3e27a374d205464ba7d77ce5a6c1be29eb60539798',
  runtimeOS: 'HarmonyOS',
  sdkInfo: 'false:23:6.1.0.105:Release',
  aceModuleRoot: '/Users/jordanzt/Work/Projects/opencalc-harmonyos/entry/src/main/ets',
  compileMode: 'esmodule',
  aceSuperVisualPath: '/Users/jordanzt/Work/Projects/opencalc-harmonyos/entry/src/main/supervisual',
  aceBuildJson: '/Users/jordanzt/Work/Projects/opencalc-harmonyos/entry/build/default/intermediates/loader/default/loader.json',
  cachePath: '/Users/jordanzt/Work/Projects/opencalc-harmonyos/entry/build/default/cache/default/default@CompileArkTS/esmodule/debug',
  aceModuleBuild: '/Users/jordanzt/Work/Projects/opencalc-harmonyos/entry/build/default/intermediates/loader_out/default/ets',
  supportChunks: true,
  declaredFilesPath: undefined,
  shouldCollectDirectImportees: false,
  isByteCodeHarOptimize: false,
  expandImportPath: undefined,
  resourceTableTs: '/Users/jordanzt/Work/Projects/opencalc-harmonyos/entry/build/default/generated/r/default/ResourceTable.ts',
  moduleMetaInfoFiles: [
    {
      filePath: '/Users/jordanzt/Work/Projects/opencalc-harmonyos/entry/build/default/generated/r/default/ResourceTable.ts',
      ohmurl: 'com.darkempire78.opencalculator/entry/build/generated/r/ResourceTable'
    }
  ],
  pkgNameToPkgBriefInfo: {
    entry: {
      pkgRoot: '/Users/jordanzt/Work/Projects/opencalc-harmonyos/entry',
      originalSourceRoots: undefined,
      sourceRoots: [Array],
      pkgName: 'entry'
    }
  },
  projectModel: {
    '/Users/jordanzt/Work/Projects/opencalc-harmonyos/entry/src/main': {
      moduleName: 'entry',
      modulePkgPath: '/Users/jordanzt/Work/Projects/opencalc-harmonyos/entry',
      belongProjectPath: '/Users/jordanzt/Work/Projects/opencalc-harmonyos'
    },
    '/Users/jordanzt/Work/Projects/opencalc-harmonyos/entry': {
      moduleName: 'entry',
      modulePkgPath: '/Users/jordanzt/Work/Projects/opencalc-harmonyos/entry',
      belongProjectPath: '/Users/jordanzt/Work/Projects/opencalc-harmonyos'
    },
    '/Users/jordanzt/Work/Projects/opencalc-harmonyos': {
      moduleName: 'opencalc-harmonyos',
      modulePkgPath: '/Users/jordanzt/Work/Projects/opencalc-harmonyos',
      belongProjectPath: '/Users/jordanzt/Work/Projects/opencalc-harmonyos'
    }
  },
  pkgJsonFileHash: '9598d6ed3debbacd1532769d4ef187be335bd6b4f7ea12b707b184fd0505ba47',
  allModulePaths: [ '/Users/jordanzt/Work/Projects/opencalc-harmonyos/entry' ],
  routerMap: {},
  obfuscationOptions: undefined,
  byteCodeHarToDependencyKeys: undefined,
  compileBlockPkg: [],
  mockParams: {
    decorator: '@MockSetup',
    packageName: '@ohos/hamock',
    etsSourceRootPath: 'src/main/ets',
    mockConfigPath: undefined,
    mockConfigKey2ModuleInfo: {},
    source2ModuleIdMap: {}
  },
  copyCodeResourceEnable: true,
  copyCodeResourceExcludes: [],
  copyCodeResourceIncludes: undefined,
  uiTransformOptimization: false,
  sdkPath: '/Applications/DevEco-Studio.app/Contents/sdk',
  needPreloadSoFileSet: {},
  preloadSoFilePath: '/Users/jordanzt/Work/Projects/opencalc-harmonyos/entry/build/default/intermediates/preload/default/preload.json',
  useSourceHash: false,
  localModuleParamMap: {},
  otherPaths: {
    'entry/*': [ '../*', '../../../build/default/generated/profile/default/*' ]
  },
  collectImportersConfig: undefined
}
[2026-05-08T19:37:56.002] [DEBUG] debug-file - Compile arkts with external api path: /Applications/DevEco-Studio.app/Contents/sdk/default/hms/ets
[2026-05-08T19:37:56.003] [DEBUG] debug-file - default@CompileArkTS work[7] is submitted.
[2026-05-08T19:37:56.003] [DEBUG] debug-file - default@CompileArkTS work[7] is pushed to ready queue.
[2026-05-08T19:37:56.003] [DEBUG] debug-file - A work dispatched to worker[3] failed because unable to get work from ready queue.
[2026-05-08T19:37:56.003] [DEBUG] debug-file - default@CompileArkTS work[7] has been dispatched to worker[2].
[2026-05-08T19:37:56.004] [DEBUG] debug-file - default@CompileArkTS work[7] is dispatched.
[2026-05-08T19:37:56.004] [DEBUG] debug-file - CopyResources startTime: 217679676527549
[2026-05-08T19:37:56.004] [DEBUG] debug-file - default@CompileArkTS work[8] is submitted.
[2026-05-08T19:37:56.004] [DEBUG] debug-file - default@CompileArkTS work[8] is pushed to ready queue.
[2026-05-08T19:37:56.004] [DEBUG] debug-file - A work dispatched to worker[3] failed because unable to get work from ready queue.
[2026-05-08T19:37:56.004] [DEBUG] debug-file - A work dispatched to worker[2] failed because of worker busy.
[2026-05-08T19:37:56.004] [DEBUG] debug-file - Create  resident worker with id: 1.
[2026-05-08T19:37:56.005] [DEBUG] debug-file - default@CompileArkTS work[8] has been dispatched to worker[1].
[2026-05-08T19:37:56.005] [DEBUG] debug-file - default@CompileArkTS work[8] is dispatched.
[2026-05-08T19:37:56.005] [DEBUG] debug-file - entry : default@CompileArkTS cost memory 1.120025634765625
[2026-05-08T19:37:56.007] [DEBUG] debug-file - Executing task :entry:default@BuildJS
[2026-05-08T19:37:56.007] [DEBUG] debug-file - Task 'entry:default@BuildJS' cost while wrapping incremental declarations: 1 ms 
[2026-05-08T19:37:56.008] [DEBUG] debug-file - entry : default@BuildJS cost memory 0.11690521240234375
[2026-05-08T19:37:56.008] [DEBUG] debug-file - runTaskFromQueue task cost before running: 275 ms 
[2026-05-08T19:37:56.009] [INFO] debug-file - Finished :entry:default@BuildJS... after 2 ms 
[2026-05-08T19:37:56.010] [DEBUG] debug-file - Executing task :entry:default@CacheNativeLibs
[2026-05-08T19:37:56.010] [DEBUG] debug-file - File: '/Users/jordanzt/Work/Projects/opencalc-harmonyos/entry/build/default/intermediates/binxo/default' from 'cacheBinxoNativeLibs' is not exists, just ignore.
[2026-05-08T19:37:56.010] [DEBUG] debug-file - Task 'entry:default@CacheNativeLibs' cost while wrapping incremental declarations: 1 ms 
[2026-05-08T19:37:56.011] [DEBUG] debug-file - Incremental task entry:default@CacheNativeLibs pre-execution cost: 1 ms .
[2026-05-08T19:37:56.011] [DEBUG] debug-file - entry : default@CacheNativeLibs cost memory 0.09024810791015625
[2026-05-08T19:37:56.011] [INFO] debug-file - UP-TO-DATE :entry:default@CacheNativeLibs...  
[2026-05-08T19:37:57.150] [DEBUG] debug-file - worker[1] has one work done.
[2026-05-08T19:37:57.151] [DEBUG] debug-file - CopyResources is end, endTime: 217680823485795
[2026-05-08T19:37:57.151] [DEBUG] debug-file - default@CompileArkTS work[8] done.
[2026-05-08T19:37:57.151] [DEBUG] debug-file - A work dispatched to worker[1] failed because unable to get work from ready queue.
[2026-05-08T19:37:59.995] [WARN] debug-file - [33mWARN: [33m[33mArkTS:WARN File: /Users/jordanzt/Work/Projects/opencalc-harmonyos/entry/src/main/ets/pages/Index.ets:7:5
 Function may throw exceptions. Special handling is required.
[39m[39m
[33mWARN: [33m[33mArkTS:WARN File: /Users/jordanzt/Work/Projects/opencalc-harmonyos/entry/src/main/ets/pages/Index.ets:7:12
 'replaceUrl' has been deprecated.
[39m[39m
[33mWARN: [33m[33mArkTS:WARN File: /Users/jordanzt/Work/Projects/opencalc-harmonyos/entry/src/main/ets/preferences/PreferencesStore.ets:33:24
 Function may throw exceptions. Special handling is required.
[39m[39m
[33mWARN: [33m[33mArkTS:WARN File: /Users/jordanzt/Work/Projects/opencalc-harmonyos/entry/src/main/ets/preferences/PreferencesStore.ets:41:18
 Function may throw exceptions. Special handling is required.
[39m[39m
[33mWARN: [33m[33mArkTS:WARN File: /Users/jordanzt/Work/Projects/opencalc-harmonyos/entry/src/main/ets/preferences/PreferencesStore.ets:47:11
 Function may throw exceptions. Special handling is required.
[39m[39m
[33mWARN: [33m[33mArkTS:WARN File: /Users/jordanzt/Work/Projects/opencalc-harmonyos/entry/src/main/ets/preferences/PreferencesStore.ets:48:11
 Function may throw exceptions. Special handling is required.
[39m[39m
[33mWARN: [33m[33mArkTS:WARN File: /Users/jordanzt/Work/Projects/opencalc-harmonyos/entry/src/main/ets/preferences/PreferencesStore.ets:54:18
 Function may throw exceptions. Special handling is required.
[39m[39m
[33mWARN: [33m[33mArkTS:WARN File: /Users/jordanzt/Work/Projects/opencalc-harmonyos/entry/src/main/ets/preferences/PreferencesStore.ets:60:11
 Function may throw exceptions. Special handling is required.
[39m[39m
[33mWARN: [33m[33mArkTS:WARN File: /Users/jordanzt/Work/Projects/opencalc-harmonyos/entry/src/main/ets/preferences/PreferencesStore.ets:61:11
 Function may throw exceptions. Special handling is required.
[39m[39m
[33mWARN: [33m[33mArkTS:WARN File: /Users/jordanzt/Work/Projects/opencalc-harmonyos/entry/src/main/ets/preferences/PreferencesStore.ets:69:18
 Function may throw exceptions. Special handling is required.
[39m[39m
[33mWARN: [33m[33mArkTS:WARN File: /Users/jordanzt/Work/Projects/opencalc-harmonyos/entry/src/main/ets/preferences/PreferencesStore.ets:75:11
 Function may throw exceptions. Special handling is required.
[39m[39m
[33mWARN: [33m[33mArkTS:WARN File: /Users/jordanzt/Work/Projects/opencalc-harmonyos/entry/src/main/ets/preferences/PreferencesStore.ets:76:11
 Function may throw exceptions. Special handling is required.
[39m[39m
[33mWARN: [33m[33mArkTS:WARN File: /Users/jordanzt/Work/Projects/opencalc-harmonyos/entry/src/main/ets/preferences/PreferencesStore.ets:84:18
 Function may throw exceptions. Special handling is required.
[39m[39m
[33mWARN: [33m[33mArkTS:WARN File: /Users/jordanzt/Work/Projects/opencalc-harmonyos/entry/src/main/ets/preferences/PreferencesStore.ets:90:11
 Function may throw exceptions. Special handling is required.
[39m[39m
[33mWARN: [33m[33mArkTS:WARN File: /Users/jordanzt/Work/Projects/opencalc-harmonyos/entry/src/main/ets/preferences/PreferencesStore.ets:91:11
 Function may throw exceptions. Special handling is required.
[39m[39m
[33mWARN: [33m[33mArkTS:WARN File: /Users/jordanzt/Work/Projects/opencalc-harmonyos/entry/src/main/ets/preferences/PreferencesStore.ets:99:18
 Function may throw exceptions. Special handling is required.
[39m[39m
[33mWARN: [33m[33mArkTS:WARN File: /Users/jordanzt/Work/Projects/opencalc-harmonyos/entry/src/main/ets/preferences/PreferencesStore.ets:105:11
 Function may throw exceptions. Special handling is required.
[39m[39m
[33mWARN: [33m[33mArkTS:WARN File: /Users/jordanzt/Work/Projects/opencalc-harmonyos/entry/src/main/ets/preferences/PreferencesStore.ets:106:11
 Function may throw exceptions. Special handling is required.
[39m[39m
[33mWARN: [33m[33mArkTS:WARN File: /Users/jordanzt/Work/Projects/opencalc-harmonyos/entry/src/main/ets/preferences/PreferencesStore.ets:115:32
 Function may throw exceptions. Special handling is required.
[39m[39m
[33mWARN: [33m[33mArkTS:WARN File: /Users/jordanzt/Work/Projects/opencalc-harmonyos/entry/src/main/ets/preferences/PreferencesStore.ets:131:11
 Function may throw exceptions. Special handling is required.
[39m[39m
[33mWARN: [33m[33mArkTS:WARN File: /Users/jordanzt/Work/Projects/opencalc-harmonyos/entry/src/main/ets/preferences/PreferencesStore.ets:132:11
 Function may throw exceptions. Special handling is required.
[39m[39m
[33mWARN: [33m[33mArkTS:WARN File: /Users/jordanzt/Work/Projects/opencalc-harmonyos/entry/src/main/ets/preferences/PreferencesStore.ets:140:18
 Function may throw exceptions. Special handling is required.
[39m[39m
[33mWARN: [33m[33mArkTS:WARN File: /Users/jordanzt/Work/Projects/opencalc-harmonyos/entry/src/main/ets/preferences/PreferencesStore.ets:146:11
 Function may throw exceptions. Special handling is required.
[39m[39m
[33mWARN: [33m[33mArkTS:WARN File: /Users/jordanzt/Work/Projects/opencalc-harmonyos/entry/src/main/ets/preferences/PreferencesStore.ets:147:11
 Function may throw exceptions. Special handling is required.
[39m[39m
[33mWARN: [33m[33mArkTS:WARN File: /Users/jordanzt/Work/Projects/opencalc-harmonyos/entry/src/main/ets/preferences/PreferencesStore.ets:155:18
 Function may throw exceptions. Special handling is required.
[39m[39m
[33mWARN: [33m[33mArkTS:WARN File: /Users/jordanzt/Work/Projects/opencalc-harmonyos/entry/src/main/ets/preferences/PreferencesStore.ets:161:11
 Function may throw exceptions. Special handling is required.
[39m[39m
[33mWARN: [33m[33mArkTS:WARN File: /Users/jordanzt/Work/Projects/opencalc-harmonyos/entry/src/main/ets/preferences/PreferencesStore.ets:162:11
 Function may throw exceptions. Special handling is required.
[39m[39m
[33mWARN: [33m[33mArkTS:WARN File: /Users/jordanzt/Work/Projects/opencalc-harmonyos/entry/src/main/ets/preferences/PreferencesStore.ets:170:18
 Function may throw exceptions. Special handling is required.
[39m[39m
[33mWARN: [33m[33mArkTS:WARN File: /Users/jordanzt/Work/Projects/opencalc-harmonyos/entry/src/main/ets/preferences/PreferencesStore.ets:176:11
 Function may throw exceptions. Special handling is required.
[39m[39m
[33mWARN: [33m[33mArkTS:WARN File: /Users/jordanzt/Work/Projects/opencalc-harmonyos/entry/src/main/ets/preferences/PreferencesStore.ets:177:11
 Function may throw exceptions. Special handling is required.
[39m[39m
[33mWARN: [33m[33mArkTS:WARN File: /Users/jordanzt/Work/Projects/opencalc-harmonyos/entry/src/main/ets/preferences/PreferencesStore.ets:185:18
 Function may throw exceptions. Special handling is required.
[39m[39m
[33mWARN: [33m[33mArkTS:WARN File: /Users/jordanzt/Work/Projects/opencalc-harmonyos/entry/src/main/ets/preferences/PreferencesStore.ets:191:11
 Function may throw exceptions. Special handling is required.
[39m[39m
[33mWARN: [33m[33mArkTS:WARN File: /Users/jordanzt/Work/Projects/opencalc-harmonyos/entry/src/main/ets/preferences/PreferencesStore.ets:192:11
 Function may throw exceptions. Special handling is required.
[39m[39m
[33mWARN: [33m[33mArkTS:WARN File: /Users/jordanzt/Work/Projects/opencalc-harmonyos/entry/src/main/ets/preferences/PreferencesStore.ets:198:18
 Function may throw exceptions. Special handling is required.
[39m[39m
[33mWARN: [33m[33mArkTS:WARN File: /Users/jordanzt/Work/Projects/opencalc-harmonyos/entry/src/main/ets/preferences/PreferencesStore.ets:204:11
 Function may throw exceptions. Special handling is required.
[39m[39m
[33mWARN: [33m[33mArkTS:WARN File: /Users/jordanzt/Work/Projects/opencalc-harmonyos/entry/src/main/ets/preferences/PreferencesStore.ets:205:11
 Function may throw exceptions. Special handling is required.
[39m[39m
[33mWARN: [33m[33mArkTS:WARN File: /Users/jordanzt/Work/Projects/opencalc-harmonyos/entry/src/main/ets/pages/CalculatorPage.ets:40:42
 'getContext' has been deprecated.
[39m[39m
[33mWARN: [33m[33mArkTS:WARN File: /Users/jordanzt/Work/Projects/opencalc-harmonyos/entry/src/main/ets/pages/CalculatorPage.ets:103:5
 Function may throw exceptions. Special handling is required.
[39m[39m
[33mWARN: [33m[33mArkTS:WARN File: /Users/jordanzt/Work/Projects/opencalc-harmonyos/entry/src/main/ets/pages/CalculatorPage.ets:104:5
 Function may throw exceptions. Special handling is required.
[39m[39m
[33mWARN: [33m[33mArkTS:WARN File: /Users/jordanzt/Work/Projects/opencalc-harmonyos/entry/src/main/ets/pages/CalculatorPage.ets:104:18
 'showToast' has been deprecated.
[39m[39m
[33mWARN: [33mArkTS:WARN File: /Users/jordanzt/Work/Projects/opencalc-harmonyos/entry/src/main/ets/pages/CalculatorPage.ets:13:1
 It's not a recommended way to export struct with '@Entry' decorator, which may cause ACE Engine error in component preview mode.[39m[39m

[2026-05-08T19:37:59.995] [DEBUG] debug-file - worker[2] has one work done.
[2026-05-08T19:37:59.995] [DEBUG] debug-file - Ark compile task finished.finished time is 217683668013024
[2026-05-08T19:37:59.996] [DEBUG] debug-file - default@CompileArkTS work[7] done.
[2026-05-08T19:37:59.996] [DEBUG] debug-file - A work dispatched to worker[2] failed because unable to get work from ready queue.
[2026-05-08T19:37:59.998] [INFO] debug-file - Finished :entry:default@CompileArkTS... after 4 s 4 ms 
[2026-05-08T19:37:59.999] [DEBUG] debug-file - Executing task :entry:default@GeneratePkgModuleJson
[2026-05-08T19:37:59.999] [DEBUG] debug-file - File: '/Users/jordanzt/Work/Projects/opencalc-harmonyos/entry/build/default/intermediates/preload/default/preload.json' from 'preloadSoJsonPath' is not exists, just ignore.
[2026-05-08T19:37:59.999] [DEBUG] debug-file - Error occurs while handling @Input 'shouldDeduplicateHar': The "data" argument must be of type string or an instance of Buffer, TypedArray, or DataView. Received undefined
[2026-05-08T19:37:59.999] [DEBUG] debug-file - Task 'entry:default@GeneratePkgModuleJson' cost while wrapping incremental declarations: 1 ms 
[2026-05-08T19:38:00.000] [DEBUG] debug-file - Incremental task entry:default@GeneratePkgModuleJson pre-execution cost: 1 ms .
[2026-05-08T19:38:00.000] [DEBUG] debug-file - entry : default@GeneratePkgModuleJson cost memory 0.09171295166015625
[2026-05-08T19:38:00.000] [INFO] debug-file - UP-TO-DATE :entry:default@GeneratePkgModuleJson...  
[2026-05-08T19:38:00.001] [DEBUG] debug-file - Executing task :entry:default@ProcessCompiledResources
[2026-05-08T19:38:00.001] [DEBUG] debug-file - File: '/Users/jordanzt/Work/Projects/opencalc-harmonyos/entry/build/default/intermediates/preload/default/preload.json' from 'preloadSoJsonPath' is not exists, just ignore.
[2026-05-08T19:38:00.001] [DEBUG] debug-file - Task 'entry:default@ProcessCompiledResources' cost while wrapping incremental declarations: 1 ms 
[2026-05-08T19:38:00.002] [DEBUG] debug-file - entry : default@ProcessCompiledResources cost memory 0.05669403076171875
[2026-05-08T19:38:00.002] [DEBUG] debug-file - runTaskFromQueue task cost before running: 4 s 268 ms 
[2026-05-08T19:38:00.002] [INFO] debug-file - Finished :entry:default@ProcessCompiledResources... after 1 ms 
[2026-05-08T19:38:00.005] [DEBUG] debug-file - Executing task :entry:default@PackageHap
[2026-05-08T19:38:00.008] [DEBUG] debug-file - entry:default@PackageHap is not up-to-date, since the input file '/Users/jordanzt/Work/Projects/opencalc-harmonyos/entry/build/default/intermediates/loader_out/default/ets' has been changed.
[2026-05-08T19:38:00.008] [DEBUG] debug-file - Incremental task entry:default@PackageHap pre-execution cost: 2 ms .
[2026-05-08T19:38:00.009] [DEBUG] debug-file - Use tool [/Applications/DevEco-Studio.app/Contents/sdk/default/openharmony/toolchains/lib/app_packing_tool.jar]
 [
  'java',
  '-Dfile.encoding=utf-8',
  '-jar',
  '/Applications/DevEco-Studio.app/Contents/sdk/default/openharmony/toolchains/lib/app_packing_tool.jar',
  '--mode',
  'hap',
  '--force',
  'true',
  '--lib-path',
  '/Users/jordanzt/Work/Projects/opencalc-harmonyos/entry/build/default/intermediates/stripped_native_libs/default',
  '--json-path',
  '/Users/jordanzt/Work/Projects/opencalc-harmonyos/entry/build/default/intermediates/package/default/module.json',
  '--resources-path',
  '/Users/jordanzt/Work/Projects/opencalc-harmonyos/entry/build/default/intermediates/res/default/resources',
  '--index-path',
  '/Users/jordanzt/Work/Projects/opencalc-harmonyos/entry/build/default/intermediates/res/default/resources.index',
  '--pack-info-path',
  '/Users/jordanzt/Work/Projects/opencalc-harmonyos/entry/build/default/outputs/default/pack.info',
  '--out-path',
  '/Users/jordanzt/Work/Projects/opencalc-harmonyos/entry/build/default/outputs/default/entry-default-unsigned.hap',
  '--ets-path',
  '/Users/jordanzt/Work/Projects/opencalc-harmonyos/entry/build/default/intermediates/loader_out/default/ets',
  '--pkg-sdk-info-path',
  '/Users/jordanzt/Work/Projects/opencalc-harmonyos/entry/build/default/intermediates/loader/default/pkgSdkInfo.json'
]
[2026-05-08T19:38:00.009] [DEBUG] debug-file - default@PackageHap work[9] is submitted.
[2026-05-08T19:38:00.009] [DEBUG] debug-file - default@PackageHap work[9] is pushed to ready queue.
[2026-05-08T19:38:00.010] [DEBUG] debug-file - A work dispatched to worker[3] failed because unable to get work from ready queue.
[2026-05-08T19:38:00.010] [DEBUG] debug-file - default@PackageHap work[9] has been dispatched to worker[2].
[2026-05-08T19:38:00.010] [DEBUG] debug-file - default@PackageHap work[9] is dispatched.
[2026-05-08T19:38:00.011] [DEBUG] debug-file - entry : default@PackageHap cost memory 0.37433624267578125
[2026-05-08T19:38:00.012] [DEBUG] debug-file - current process  memoryUsage: {
  rss: 641654784,
  heapTotal: 334118912,
  heapUsed: 295671552,
  external: 4772021,
  arrayBuffers: 919500
} os memoryUsage :7.677845001220703
[2026-05-08T19:38:01.170] [DEBUG] debug-file - worker[2] has one work done.
[2026-05-08T19:38:01.170] [DEBUG] debug-file - default@PackageHap work[9] done.
[2026-05-08T19:38:01.170] [DEBUG] debug-file - A work dispatched to worker[2] failed because unable to get work from ready queue.
[2026-05-08T19:38:01.171] [INFO] debug-file - Finished :entry:default@PackageHap... after 1 s 165 ms 
[2026-05-08T19:38:01.172] [DEBUG] debug-file - Executing task :entry:default@PackingCheck
[2026-05-08T19:38:01.177] [DEBUG] debug-file - entry : default@PackingCheck cost memory 0.29772186279296875
[2026-05-08T19:38:01.177] [DEBUG] debug-file - runTaskFromQueue task cost before running: 5 s 443 ms 
[2026-05-08T19:38:01.177] [INFO] debug-file - Finished :entry:default@PackingCheck... after 5 ms 
[2026-05-08T19:38:01.178] [DEBUG] debug-file - Executing task :entry:default@SignHap
[2026-05-08T19:38:01.178] [WARN] debug-file - No signingConfig found for product default
[2026-05-08T19:38:01.179] [DEBUG] debug-file - entry:default@SignHap is not up-to-date, since the input file '/Users/jordanzt/Work/Projects/opencalc-harmonyos/entry/build/default/outputs/default/entry-default-unsigned.hap' has been changed.
[2026-05-08T19:38:01.179] [DEBUG] debug-file - Incremental task entry:default@SignHap pre-execution cost: 1 ms .
[2026-05-08T19:38:01.179] [DEBUG] debug-file - entry : default@SignHap cost memory 0.07270050048828125
[2026-05-08T19:38:01.179] [DEBUG] debug-file - runTaskFromQueue task cost before running: 5 s 446 ms 
[2026-05-08T19:38:01.180] [INFO] debug-file - Finished :entry:default@SignHap... after 2 ms 
[2026-05-08T19:38:01.181] [DEBUG] debug-file - Executing task :entry:default@CollectDebugSymbol
[2026-05-08T19:38:01.181] [DEBUG] debug-file - entry : default@CollectDebugSymbol cost memory 0.08696746826171875
[2026-05-08T19:38:01.181] [DEBUG] debug-file - runTaskFromQueue task cost before running: 5 s 448 ms 
[2026-05-08T19:38:01.182] [INFO] debug-file - Finished :entry:default@CollectDebugSymbol... after 1 ms 
[2026-05-08T19:38:01.182] [DEBUG] debug-file - Executing task :entry:assembleHap
[2026-05-08T19:38:01.182] [DEBUG] debug-file - entry : assembleHap cost memory 0.01268768310546875
[2026-05-08T19:38:01.182] [DEBUG] debug-file - runTaskFromQueue task cost before running: 5 s 449 ms 
[2026-05-08T19:38:01.182] [INFO] debug-file - Finished :entry:assembleHap... after 1 ms 
[2026-05-08T19:38:01.183] [INFO] debug-file - BUILD SUCCESSFUL in 5 s 449 ms 
[2026-05-08T19:38:01.183] [DEBUG] debug-file - There is no need to refresh cache, since the incremental task entry:default@PreBuild is up-to-date.
[2026-05-08T19:38:01.183] [DEBUG] debug-file - Update task entry:default@CreateModuleInfo output file:/Users/jordanzt/Work/Projects/opencalc-harmonyos/entry/build/default/generated/profile/default/ModuleInfo.ts cache.
[2026-05-08T19:38:01.184] [DEBUG] debug-file - Incremental task entry:default@CreateModuleInfo post-execution cost:1 ms .
[2026-05-08T19:38:01.184] [DEBUG] debug-file - There is no need to refresh cache, since the incremental task entry:default@GenerateMetadata is up-to-date.
[2026-05-08T19:38:01.184] [DEBUG] debug-file - There is no need to refresh cache, since the incremental task entry:default@MergeProfile is up-to-date.
[2026-05-08T19:38:01.184] [DEBUG] debug-file - There is no need to refresh cache, since the incremental task entry:default@CreateBuildProfile is up-to-date.
[2026-05-08T19:38:01.184] [DEBUG] debug-file - Update task entry:default@GeneratePkgContextInfo output file:/Users/jordanzt/Work/Projects/opencalc-harmonyos/entry/build/default/intermediates/loader/default/pkgContextInfo.json cache.
[2026-05-08T19:38:01.184] [DEBUG] debug-file - Incremental task entry:default@GeneratePkgContextInfo post-execution cost:1 ms .
[2026-05-08T19:38:01.184] [DEBUG] debug-file - There is no need to refresh cache, since the incremental task entry:default@GeneratePkgSdkInfo is up-to-date.
[2026-05-08T19:38:01.184] [DEBUG] debug-file - Update task entry:default@ProcessIntegratedHsp output file:/Users/jordanzt/Work/Projects/opencalc-harmonyos/build/cache/default/integrated_hsp/integratedHspCache.json cache.
[2026-05-08T19:38:01.184] [DEBUG] debug-file - Incremental task entry:default@ProcessIntegratedHsp post-execution cost:1 ms .
[2026-05-08T19:38:01.184] [DEBUG] debug-file - There is no need to refresh cache, since the incremental task entry:default@MakePackInfo is up-to-date.
[2026-05-08T19:38:01.184] [DEBUG] debug-file - Update task entry:default@SyscapTransform input file:/Applications/DevEco-Studio.app/Contents/sdk/default/openharmony/toolchains/syscap_tool cache by regenerate.
[2026-05-08T19:38:01.185] [DEBUG] debug-file - Update task entry:default@SyscapTransform input file:/Applications/DevEco-Studio.app/Contents/sdk/default/openharmony/ets/api/device-define cache by regenerate.
[2026-05-08T19:38:01.185] [DEBUG] debug-file - Update task entry:default@SyscapTransform output file:/Users/jordanzt/Work/Projects/opencalc-harmonyos/entry/build/default/intermediates/syscap/default/rpcid.sc cache.
[2026-05-08T19:38:01.185] [DEBUG] debug-file - Incremental task entry:default@SyscapTransform post-execution cost:1 ms .
[2026-05-08T19:38:01.185] [DEBUG] debug-file - There is no need to refresh cache, since the incremental task entry:default@ProcessProfile is up-to-date.
[2026-05-08T19:38:01.186] [DEBUG] debug-file - There is no need to refresh cache, since the incremental task entry:default@ProcessRouterMap is up-to-date.
[2026-05-08T19:38:01.186] [DEBUG] debug-file - There is no need to refresh cache, since the incremental task entry:default@ProcessShareConfig is up-to-date.
[2026-05-08T19:38:01.186] [DEBUG] debug-file - Update task entry:default@ProcessStartupConfig output file:/Users/jordanzt/Work/Projects/opencalc-harmonyos/entry/build/default/intermediates/startup/default/startup_config.json cache.
[2026-05-08T19:38:01.186] [DEBUG] debug-file - Incremental task entry:default@ProcessStartupConfig post-execution cost:1 ms .
[2026-05-08T19:38:01.186] [DEBUG] debug-file - There is no need to refresh cache, since the incremental task entry:default@ProcessResource is up-to-date.
[2026-05-08T19:38:01.186] [DEBUG] debug-file - There is no need to refresh cache, since the incremental task entry:default@GenerateLoaderJson is up-to-date.
[2026-05-08T19:38:01.186] [DEBUG] debug-file - There is no need to refresh cache, since the incremental task entry:default@ProcessLibs is up-to-date.
[2026-05-08T19:38:01.186] [DEBUG] debug-file - There is no need to refresh cache, since the incremental task entry:default@CompileResource is up-to-date.
[2026-05-08T19:38:01.186] [DEBUG] debug-file - There is no need to refresh cache, since the incremental task entry:default@DoNativeStrip is up-to-date.
[2026-05-08T19:38:01.187] [DEBUG] debug-file - Update task entry:default@CompileArkTS input file:/Users/jordanzt/Work/Projects/opencalc-harmonyos/entry/build/default/intermediates/loader/default cache by regenerate.
[2026-05-08T19:38:01.187] [DEBUG] debug-file - Update task entry:default@CompileArkTS input file:/Users/jordanzt/Work/Projects/opencalc-harmonyos/entry/build/default/intermediates/res/default/ResourceTable.txt cache by regenerate.
[2026-05-08T19:38:01.187] [DEBUG] debug-file - Update task entry:default@CompileArkTS input file:/Users/jordanzt/Work/Projects/opencalc-harmonyos/entry/build/default/intermediates/res/default/ark_module.json cache by regenerate.
[2026-05-08T19:38:01.187] [DEBUG] debug-file - Update task entry:default@CompileArkTS input file:/Users/jordanzt/Work/Projects/opencalc-harmonyos/entry/build/default/intermediates/res/default/resources/base/profile cache by regenerate.
[2026-05-08T19:38:01.188] [DEBUG] debug-file - Update task entry:default@CompileArkTS input file:/Users/jordanzt/Work/Projects/opencalc-harmonyos/entry/src/main/ets cache from map.
[2026-05-08T19:38:01.188] [DEBUG] debug-file - Update task entry:default@CompileArkTS input file:/Users/jordanzt/Work/Projects/opencalc-harmonyos/entry/build/default/generated/profile/default/BuildProfile.ets cache by regenerate.
[2026-05-08T19:38:01.188] [DEBUG] debug-file - Update task entry:default@CompileArkTS output file:/Users/jordanzt/Work/Projects/opencalc-harmonyos/entry/build/default/intermediates/loader_out/default/ets cache.
[2026-05-08T19:38:01.188] [DEBUG] debug-file - Incremental task entry:default@CompileArkTS post-execution cost:2 ms .
[2026-05-08T19:38:01.189] [DEBUG] debug-file - Update task entry:default@BuildJS input file:/Users/jordanzt/Work/Projects/opencalc-harmonyos/entry/build/default/intermediates/loader/default cache by regenerate.
[2026-05-08T19:38:01.189] [DEBUG] debug-file - Update task entry:default@BuildJS input file:/Users/jordanzt/Work/Projects/opencalc-harmonyos/entry/build/default/intermediates/res/default/ResourceTable.txt cache by regenerate.
[2026-05-08T19:38:01.189] [DEBUG] debug-file - Update task entry:default@BuildJS input file:/Users/jordanzt/Work/Projects/opencalc-harmonyos/entry/build/default/intermediates/res/default/ark_module.json cache by regenerate.
[2026-05-08T19:38:01.189] [DEBUG] debug-file - Update task entry:default@BuildJS input file:/Users/jordanzt/Work/Projects/opencalc-harmonyos/entry/build/default/intermediates/res/default/resources/base/profile cache by regenerate.
[2026-05-08T19:38:01.189] [DEBUG] debug-file - Update task entry:default@BuildJS output file:/Users/jordanzt/Work/Projects/opencalc-harmonyos/entry/build/default/intermediates/loader_out/default/js cache.
[2026-05-08T19:38:01.190] [DEBUG] debug-file - Incremental task entry:default@BuildJS post-execution cost:2 ms .
[2026-05-08T19:38:01.190] [DEBUG] debug-file - There is no need to refresh cache, since the incremental task entry:default@CacheNativeLibs is up-to-date.
[2026-05-08T19:38:01.190] [DEBUG] debug-file - There is no need to refresh cache, since the incremental task entry:default@GeneratePkgModuleJson is up-to-date.
[2026-05-08T19:38:01.190] [DEBUG] debug-file - Incremental task entry:default@ProcessCompiledResources post-execution cost:1 ms .
[2026-05-08T19:38:01.190] [DEBUG] debug-file - Update task entry:default@PackageHap input file:/Users/jordanzt/Work/Projects/opencalc-harmonyos/entry/build/default/intermediates/stripped_native_libs/default cache by regenerate.
[2026-05-08T19:38:01.190] [DEBUG] debug-file - Update task entry:default@PackageHap input file:/Users/jordanzt/Work/Projects/opencalc-harmonyos/entry/build/default/intermediates/res/default/module.json cache by regenerate.
[2026-05-08T19:38:01.190] [DEBUG] debug-file - Update task entry:default@PackageHap input file:/Users/jordanzt/Work/Projects/opencalc-harmonyos/entry/build/default/intermediates/res/default/resources cache by regenerate.
[2026-05-08T19:38:01.191] [DEBUG] debug-file - Update task entry:default@PackageHap input file:/Users/jordanzt/Work/Projects/opencalc-harmonyos/entry/build/default/intermediates/res/default/resources.index cache by regenerate.
[2026-05-08T19:38:01.191] [DEBUG] debug-file - Update task entry:default@PackageHap input file:/Users/jordanzt/Work/Projects/opencalc-harmonyos/entry/build/default/outputs/default/pack.info cache by regenerate.
[2026-05-08T19:38:01.191] [DEBUG] debug-file - Update task entry:default@PackageHap input file:/Users/jordanzt/Work/Projects/opencalc-harmonyos/entry/build/default/intermediates/loader_out/default/ets cache from map.
[2026-05-08T19:38:01.191] [DEBUG] debug-file - Update task entry:default@PackageHap input file:/Users/jordanzt/Work/Projects/opencalc-harmonyos/entry/build/default/intermediates/loader/default/pkgSdkInfo.json cache by regenerate.
[2026-05-08T19:38:01.191] [DEBUG] debug-file - Update task entry:default@PackageHap input file:/Users/jordanzt/Work/Projects/opencalc-harmonyos/entry/build/default/intermediates/loader_out/default/ets/sourceMaps.map cache by regenerate.
[2026-05-08T19:38:01.191] [DEBUG] debug-file - Update task entry:default@PackageHap input file:/Users/jordanzt/Work/Projects/opencalc-harmonyos/entry/build/default/generated/profile/default/BuildProfile.ets cache by regenerate.
[2026-05-08T19:38:01.192] [DEBUG] debug-file - Update task entry:default@PackageHap output file:/Users/jordanzt/Work/Projects/opencalc-harmonyos/entry/build/default/outputs/default/entry-default-unsigned.hap cache.
[2026-05-08T19:38:01.192] [DEBUG] debug-file - Update task entry:default@PackageHap output file:/Users/jordanzt/Work/Projects/opencalc-harmonyos/entry/build/default/intermediates/source_map/default/sourceMaps.map cache.
[2026-05-08T19:38:01.192] [DEBUG] debug-file - Update task entry:default@PackageHap output file:/Users/jordanzt/Work/Projects/opencalc-harmonyos/entry/build/default/outputs/default/mapping/sourceMaps.map cache.
[2026-05-08T19:38:01.192] [DEBUG] debug-file - Incremental task entry:default@PackageHap post-execution cost:3 ms .
[2026-05-08T19:38:01.192] [DEBUG] debug-file - Update task entry:default@SignHap input file:/Users/jordanzt/Work/Projects/opencalc-harmonyos/entry/build/default/outputs/default/entry-default-unsigned.hap cache from map.
[2026-05-08T19:38:01.192] [DEBUG] debug-file - Update task entry:default@SignHap output file:/Users/jordanzt/Work/Projects/opencalc-harmonyos/entry/build/default/outputs/default/entry-default-signed.hap cache.
[2026-05-08T19:38:01.192] [DEBUG] debug-file - Incremental task entry:default@SignHap post-execution cost:1 ms .
[2026-05-08T19:38:01.193] [DEBUG] debug-file - Update task entry:default@CollectDebugSymbol input file:/Users/jordanzt/Work/Projects/opencalc-harmonyos/entry/build/default/intermediates/loader_out/default/ets/sourceMaps.map cache by regenerate.
[2026-05-08T19:38:01.193] [DEBUG] debug-file - Update task entry:default@CollectDebugSymbol input file:/Users/jordanzt/Work/Projects/opencalc-harmonyos/entry/build/default/intermediates/libs/default cache by regenerate.
[2026-05-08T19:38:01.193] [DEBUG] debug-file - Update task entry:default@CollectDebugSymbol output file:/Users/jordanzt/Work/Projects/opencalc-harmonyos/entry/build/default/outputs/default/symbol cache.
[2026-05-08T19:38:01.193] [DEBUG] debug-file - Incremental task entry:default@CollectDebugSymbol post-execution cost:1 ms .
[2026-05-08T19:38:01.203] [DEBUG] debug-file - Cleanup worker 1.
[2026-05-08T19:38:01.203] [DEBUG] debug-file - Worker 1 has been cleaned up.
[2026-05-08T19:38:01.203] [DEBUG] debug-file - Current idle worker size: 1.
[2026-05-08T19:38:01.203] [DEBUG] debug-file - Current resident worker size: 2.
[2026-05-08T19:38:01.203] [DEBUG] debug-file - hvigor build process will be closed.
[2026-05-08T19:38:01.211] [DEBUG] debug-file - session manager: send message to worker process.
[2026-05-08T19:38:01.211] [DEBUG] debug-file - session manager: send message to worker process.
[2026-05-08T19:38:01.212] [DEBUG] debug-file - watch worker: worker id should be larger than 0. Nothing will be sent to any worker thread.
[2026-05-08T19:38:01.212] [DEBUG] debug-file - watch worker: worker id should be larger than 0. Nothing will be sent to any worker thread.
[2026-05-08T19:38:01.215] [DEBUG] debug-file - worker[1] exits with exit code 1.
[2026-05-08T20:02:59.114] [DEBUG] debug-file - env: nodejsVersion=v18.20.1
[2026-05-08T20:02:59.155] [DEBUG] debug-file - env: daemon=true
[2026-05-08T20:02:59.116] [DEBUG] debug-file - env: hvigor-config.json5 content = { modelVersion: '6.0.2', dependencies: {} }
[2026-05-08T20:02:59.822] [DEBUG] debug-file - session manager: set active socket. socketId=Vs9T7ggklei3_dFlAAAH
[2026-05-08T20:02:59.831] [DEBUG] debug-file - watch worker: worker id should be larger than 0. Nothing will be sent to any worker thread.
[2026-05-08T20:02:59.836] [DEBUG] debug-file - Workers' log level updated to INFO
[2026-05-08T20:02:59.840] [DEBUG] debug-file - Hvigor init with startParameters:{
  hvigorfileTypeCheck: false,
  parallelExecution: true,
  incrementalExecution: true,
  printStackTrace: false,
  daemon: true,
  analyze: 0,
  logLevel: Level { level: 20000, levelStr: 'INFO', colour: 'green' },
  optimizationStrategy: 'memory',
  hotCompile: undefined,
  hotReloadBuild: undefined,
  customizedParam: undefined
}
[2026-05-08T20:02:59.845] [DEBUG] debug-file - Cache service initialization finished in 6 ms 
[2026-05-08T20:02:59.847] [DEBUG] debug-file - hvigorfile, resolving /Users/jordanzt/Work/Projects/opencalc-harmonyos/hvigorfile.ts
[2026-05-08T20:02:59.863] [DEBUG] debug-file - hvigorfile, require result:  {}
[2026-05-08T20:02:59.864] [DEBUG] debug-file - hvigorfile, binding system plugins {}
[2026-05-08T20:02:59.865] [DEBUG] debug-file - Starting plugin build process
[2026-05-08T20:02:59.866] [DEBUG] debug-file - App plugin prepare start...
[2026-05-08T20:02:59.866] [DEBUG] debug-file - App plugin prepare end...
[2026-05-08T20:02:59.866] [DEBUG] debug-file - App plugin creating...
[2026-05-08T20:02:59.874] [DEBUG] debug-file - App plugin register hook start...
[2026-05-08T20:02:59.874] [DEBUG] debug-file - App plugin register hook end...
[2026-05-08T20:02:59.875] [DEBUG] debug-file - Plugin build process completed
[2026-05-08T20:02:59.875] [DEBUG] debug-file - Start initialize project's product build option map with build mode debug.
[2026-05-08T20:02:59.875] [DEBUG] debug-file - Picking option from product 'default' with build mode 'debug'.
[2026-05-08T20:02:59.875] [DEBUG] debug-file - Product 'default' build option initialized
[2026-05-08T20:02:59.876] [DEBUG] debug-file - End initialize project's product build option map with build mode 'debug'.
[2026-05-08T20:02:59.876] [DEBUG] debug-file - Obtain build option for product 'default'in this build.
[2026-05-08T20:02:59.877] [DEBUG] debug-file - No signingConfig found, initRemoteHspCache failed.
[2026-05-08T20:02:59.879] [DEBUG] debug-file - Start recording SDK configuration permission data.
[2026-05-08T20:02:59.924] [DEBUG] debug-file - Sdk init in 47 ms 
[2026-05-08T20:02:59.928] [DEBUG] debug-file - Project task initialization takes 4 ms 
[2026-05-08T20:02:59.928] [DEBUG] debug-file - hvigorfile, resolve finished /Users/jordanzt/Work/Projects/opencalc-harmonyos/hvigorfile.ts
[2026-05-08T20:02:59.928] [DEBUG] debug-file - hvigorfile, resolving /Users/jordanzt/Work/Projects/opencalc-harmonyos/entry/hvigorfile.ts
[2026-05-08T20:02:59.935] [DEBUG] debug-file - hvigorfile, require result:  {}
[2026-05-08T20:02:59.935] [DEBUG] debug-file - hvigorfile, binding system plugins {}
[2026-05-08T20:02:59.935] [DEBUG] debug-file - Starting plugin build process
[2026-05-08T20:02:59.935] [DEBUG] debug-file - Hap plugin creating...
[2026-05-08T20:02:59.936] [DEBUG] debug-file - failed to load cangjie to dynamically generate schemas: Error: Cannot find module '@ohos/cangjie-build-support/index'
Require stack:
- /Applications/DevEco-Studio.app/Contents/tools/hvigor/hvigor-ohos-plugin/src/plugin/hooks/cangjie-register.js
- /Applications/DevEco-Studio.app/Contents/tools/hvigor/hvigor-ohos-plugin/src/plugin/strategy/stage-init-strategy.js
- /Applications/DevEco-Studio.app/Contents/tools/hvigor/hvigor-ohos-plugin/src/plugin/builder/abstract-plugin-builder.js
- /Applications/DevEco-Studio.app/Contents/tools/hvigor/hvigor-ohos-plugin/src/plugin/builder/app-plugin-builder.js
- /Applications/DevEco-Studio.app/Contents/tools/hvigor/hvigor-ohos-plugin/src/plugin/factory/plugin-factory.js
- /Applications/DevEco-Studio.app/Contents/tools/hvigor/hvigor-ohos-plugin/index.js
- /Users/jordanzt/Work/Projects/opencalc-harmonyos/hvigorfile.ts
- /Applications/DevEco-Studio.app/Contents/tools/hvigor/hvigor/src/base/internal/lifecycle/configuration.js
- /Applications/DevEco-Studio.app/Contents/tools/hvigor/hvigor/src/base/boot/index.js
- /Applications/DevEco-Studio.app/Contents/tools/hvigor/hvigor/src/base/daemon/cluster/worker-process-lifecycle.js
- /Applications/DevEco-Studio.app/Contents/tools/hvigor/hvigor/src/base/daemon/process/daemon-process-boot-script.js
[2026-05-08T20:02:59.938] [DEBUG] debug-file - Start initialize module-target build option map, moduleName=entry, buildMode=debug
[2026-05-08T20:02:59.939] [DEBUG] debug-file - Target 'default' config initialized
[2026-05-08T20:02:59.939] [DEBUG] debug-file - Module 'entry' target 'default' build option initialized
[2026-05-08T20:02:59.939] [DEBUG] debug-file - End initialize module-target build option map, moduleName=entry
[2026-05-08T20:02:59.939] [DEBUG] debug-file - Start initialize module-target build option map, moduleName=entry, buildMode=release
[2026-05-08T20:02:59.939] [DEBUG] debug-file - Target 'default' config initialized
[2026-05-08T20:02:59.939] [DEBUG] debug-file - Module 'entry' target 'default' build option initialized
[2026-05-08T20:02:59.939] [DEBUG] debug-file - End initialize module-target build option map, moduleName=entry
[2026-05-08T20:02:59.940] [DEBUG] debug-file - Start initialize module-target build option map, moduleName=entry, buildMode=debug
[2026-05-08T20:02:59.940] [DEBUG] debug-file - Target 'default' config initialized
[2026-05-08T20:02:59.940] [DEBUG] debug-file - Module 'entry' target 'default' build option initialized
[2026-05-08T20:02:59.940] [DEBUG] debug-file - End initialize module-target build option map, moduleName=entry
[2026-05-08T20:02:59.940] [DEBUG] debug-file - Obtain build option for module 'entry' target 'default'in this build.
[2026-05-08T20:02:59.944] [DEBUG] debug-file - Module entry task initialization takes 3 ms 
[2026-05-08T20:02:59.944] [DEBUG] debug-file - Hap plugin register hook start...
[2026-05-08T20:02:59.944] [DEBUG] debug-file - Hap plugin register hook end...
[2026-05-08T20:02:59.944] [DEBUG] debug-file - Plugin build process completed
[2026-05-08T20:02:59.944] [DEBUG] debug-file - hvigorfile, resolve finished /Users/jordanzt/Work/Projects/opencalc-harmonyos/entry/hvigorfile.ts
[2026-05-08T20:03:00.131] [DEBUG] debug-file - hvigorfile, resolve hvigorfile dependencies in 186 ms 
[2026-05-08T20:03:00.131] [DEBUG] debug-file - project has submodules:entry
[2026-05-08T20:03:00.132] [DEBUG] debug-file - start to load updatedOhPackageInfo to the disk
[2026-05-08T20:03:00.133] [DEBUG] debug-file - load to the disk finished
[2026-05-08T20:03:00.133] [DEBUG] debug-file - Start to initialize dependency information.
[2026-05-08T20:03:00.135] [DEBUG] debug-file - Module opencalc-harmonyos Collected Dependency: 
[2026-05-08T20:03:00.135] [DEBUG] debug-file - Module opencalc-harmonyos's total dependency: 0
[2026-05-08T20:03:00.136] [DEBUG] debug-file - Start to initialize dependency information.
[2026-05-08T20:03:00.137] [DEBUG] debug-file - Module entry Collected Dependency: 
[2026-05-08T20:03:00.137] [DEBUG] debug-file - Module entry's total dependency: 0
[2026-05-08T20:03:00.139] [DEBUG] debug-file - Configuration phase cost:293 ms 
[2026-05-08T20:03:00.140] [DEBUG] debug-file - Configuration task cost before running: 304 ms 
[2026-05-08T20:03:00.143] [DEBUG] debug-file - Executing task :entry:default@PreBuild
[2026-05-08T20:03:00.143] [DEBUG] debug-file - Task 'entry:default@PreBuild' cost while wrapping incremental declarations: 1 ms 
[2026-05-08T20:03:00.146] [DEBUG] debug-file - Incremental task entry:default@PreBuild pre-execution cost: 2 ms .
[2026-05-08T20:03:00.146] [DEBUG] debug-file - entry : default@PreBuild cost memory 0.227996826171875
[2026-05-08T20:03:00.147] [INFO] debug-file - UP-TO-DATE :entry:default@PreBuild...  
[2026-05-08T20:03:00.148] [DEBUG] debug-file - Executing task :entry:default@CreateModuleInfo
[2026-05-08T20:03:00.148] [DEBUG] debug-file - Task 'entry:default@CreateModuleInfo' cost while wrapping incremental declarations: 1 ms 
[2026-05-08T20:03:00.149] [DEBUG] debug-file - entry : default@CreateModuleInfo cost memory 0.03985595703125
[2026-05-08T20:03:00.149] [DEBUG] debug-file - runTaskFromQueue task cost before running: 313 ms 
[2026-05-08T20:03:00.149] [INFO] debug-file - Finished :entry:default@CreateModuleInfo... after 1 ms 
[2026-05-08T20:03:00.150] [DEBUG] debug-file - Executing task :entry:default@GenerateMetadata
[2026-05-08T20:03:00.150] [DEBUG] debug-file - Task 'entry:default@GenerateMetadata' cost while wrapping incremental declarations: 1 ms 
[2026-05-08T20:03:00.151] [DEBUG] debug-file - Incremental task entry:default@GenerateMetadata pre-execution cost: 1 ms .
[2026-05-08T20:03:00.151] [DEBUG] debug-file - entry : default@GenerateMetadata cost memory 0.07337188720703125
[2026-05-08T20:03:00.151] [INFO] debug-file - UP-TO-DATE :entry:default@GenerateMetadata...  
[2026-05-08T20:03:00.152] [DEBUG] debug-file - Executing task :entry:default@ConfigureCmake
[2026-05-08T20:03:00.152] [DEBUG] debug-file - entry : default@ConfigureCmake cost memory 0.0145263671875
[2026-05-08T20:03:00.152] [DEBUG] debug-file - runTaskFromQueue task cost before running: 317 ms 
[2026-05-08T20:03:00.152] [INFO] debug-file - Finished :entry:default@ConfigureCmake... after 1 ms 
[2026-05-08T20:03:00.153] [DEBUG] debug-file - Executing task :entry:default@MergeProfile
[2026-05-08T20:03:00.153] [DEBUG] debug-file - Task 'entry:default@MergeProfile' cost while wrapping incremental declarations: 1 ms 
[2026-05-08T20:03:00.155] [DEBUG] debug-file - Incremental task entry:default@MergeProfile pre-execution cost: 1 ms .
[2026-05-08T20:03:00.155] [DEBUG] debug-file - entry : default@MergeProfile cost memory 0.10832977294921875
[2026-05-08T20:03:00.155] [INFO] debug-file - UP-TO-DATE :entry:default@MergeProfile...  
[2026-05-08T20:03:00.156] [DEBUG] debug-file - Executing task :entry:default@CreateBuildProfile
[2026-05-08T20:03:00.157] [DEBUG] debug-file - Task 'entry:default@CreateBuildProfile' cost while wrapping incremental declarations: 1 ms 
[2026-05-08T20:03:00.157] [DEBUG] debug-file - Incremental task entry:default@CreateBuildProfile pre-execution cost: 1 ms .
[2026-05-08T20:03:00.158] [DEBUG] debug-file - entry : default@CreateBuildProfile cost memory 0.092681884765625
[2026-05-08T20:03:00.158] [INFO] debug-file - UP-TO-DATE :entry:default@CreateBuildProfile...  
[2026-05-08T20:03:00.159] [DEBUG] debug-file - Executing task :entry:default@PreCheckSyscap
[2026-05-08T20:03:00.159] [DEBUG] debug-file - entry : default@PreCheckSyscap cost memory 0.01474761962890625
[2026-05-08T20:03:00.159] [DEBUG] debug-file - runTaskFromQueue task cost before running: 324 ms 
[2026-05-08T20:03:00.159] [INFO] debug-file - Finished :entry:default@PreCheckSyscap... after 1 ms 
[2026-05-08T20:03:00.160] [DEBUG] debug-file - Executing task :entry:default@GeneratePkgContextInfo
[2026-05-08T20:03:00.163] [DEBUG] debug-file - Task 'entry:default@GeneratePkgContextInfo' cost while wrapping incremental declarations: 1 ms 
[2026-05-08T20:03:00.163] [DEBUG] debug-file - entry : default@GeneratePkgContextInfo cost memory 0.17070770263671875
[2026-05-08T20:03:00.163] [DEBUG] debug-file - runTaskFromQueue task cost before running: 328 ms 
[2026-05-08T20:03:00.163] [INFO] debug-file - Finished :entry:default@GeneratePkgContextInfo... after 3 ms 
[2026-05-08T20:03:00.164] [DEBUG] debug-file - Executing task :entry:default@GeneratePkgSdkInfo
[2026-05-08T20:03:00.165] [DEBUG] debug-file - Task 'entry:default@GeneratePkgSdkInfo' cost while wrapping incremental declarations: 1 ms 
[2026-05-08T20:03:00.165] [DEBUG] debug-file - Incremental task entry:default@GeneratePkgSdkInfo pre-execution cost: 1 ms .
[2026-05-08T20:03:00.166] [DEBUG] debug-file - entry : default@GeneratePkgSdkInfo cost memory 0.1188507080078125
[2026-05-08T20:03:00.166] [INFO] debug-file - UP-TO-DATE :entry:default@GeneratePkgSdkInfo...  
[2026-05-08T20:03:00.168] [DEBUG] debug-file - Executing task :entry:default@ProcessIntegratedHsp
[2026-05-08T20:03:00.168] [DEBUG] debug-file - entry:default@ProcessIntegratedHsp is not up-to-date, since the output file '/Users/jordanzt/Work/Projects/opencalc-harmonyos/build/cache/default/integrated_hsp/integratedHspCache.json' does not exist.
[2026-05-08T20:03:00.168] [DEBUG] debug-file - Incremental task entry:default@ProcessIntegratedHsp pre-execution cost: 1 ms .
[2026-05-08T20:03:00.168] [DEBUG] debug-file - entry : default@ProcessIntegratedHsp cost memory 0.057098388671875
[2026-05-08T20:03:00.168] [DEBUG] debug-file - runTaskFromQueue task cost before running: 333 ms 
[2026-05-08T20:03:00.169] [INFO] debug-file - Finished :entry:default@ProcessIntegratedHsp... after 1 ms 
[2026-05-08T20:03:00.170] [DEBUG] debug-file - Executing task :entry:default@BuildNativeWithCmake
[2026-05-08T20:03:00.170] [DEBUG] debug-file - entry : default@BuildNativeWithCmake cost memory 0.0145263671875
[2026-05-08T20:03:00.170] [DEBUG] debug-file - runTaskFromQueue task cost before running: 335 ms 
[2026-05-08T20:03:00.170] [INFO] debug-file - Finished :entry:default@BuildNativeWithCmake... after 1 ms 
[2026-05-08T20:03:00.171] [DEBUG] debug-file - Executing task :entry:default@MakePackInfo
[2026-05-08T20:03:00.173] [DEBUG] debug-file - Incremental task entry:default@MakePackInfo pre-execution cost: 1 ms .
[2026-05-08T20:03:00.173] [DEBUG] debug-file - entry : default@MakePackInfo cost memory 0.093658447265625
[2026-05-08T20:03:00.173] [INFO] debug-file - UP-TO-DATE :entry:default@MakePackInfo...  
[2026-05-08T20:03:00.174] [DEBUG] debug-file - Executing task :entry:default@SyscapTransform
[2026-05-08T20:03:00.174] [DEBUG] debug-file - File: '/Users/jordanzt/Work/Projects/opencalc-harmonyos/entry/src/main/syscap.json' from 'sysCapJsonPath' is not exists, just ignore.
[2026-05-08T20:03:00.174] [DEBUG] debug-file - Task 'entry:default@SyscapTransform' cost while wrapping incremental declarations: 1 ms 
[2026-05-08T20:03:00.177] [DEBUG] debug-file - entry:default@SyscapTransform is not up-to-date, since the output file '/Users/jordanzt/Work/Projects/opencalc-harmonyos/entry/build/default/intermediates/syscap/default/rpcid.sc' does not exist.
[2026-05-08T20:03:00.177] [DEBUG] debug-file - Incremental task entry:default@SyscapTransform pre-execution cost: 3 ms .
[2026-05-08T20:03:00.181] [DEBUG] debug-file - entry : default@SyscapTransform cost memory -3.6365966796875
[2026-05-08T20:03:00.182] [DEBUG] debug-file - runTaskFromQueue task cost before running: 346 ms 
[2026-05-08T20:03:00.182] [INFO] debug-file - Finished :entry:default@SyscapTransform... after 8 ms 
[2026-05-08T20:03:00.183] [DEBUG] debug-file - Executing task :entry:default@ProcessProfile
[2026-05-08T20:03:00.184] [DEBUG] debug-file - Task 'entry:default@ProcessProfile' cost while wrapping incremental declarations: 1 ms 
[2026-05-08T20:03:00.185] [DEBUG] debug-file - Incremental task entry:default@ProcessProfile pre-execution cost: 1 ms .
[2026-05-08T20:03:00.185] [DEBUG] debug-file - entry : default@ProcessProfile cost memory 0.1356048583984375
[2026-05-08T20:03:00.185] [INFO] debug-file - UP-TO-DATE :entry:default@ProcessProfile...  
[2026-05-08T20:03:00.186] [DEBUG] debug-file - Executing task :entry:default@ProcessRouterMap
[2026-05-08T20:03:00.187] [DEBUG] debug-file - Incremental task entry:default@ProcessRouterMap pre-execution cost: 1 ms .
[2026-05-08T20:03:00.187] [DEBUG] debug-file - entry : default@ProcessRouterMap cost memory 0.10475921630859375
[2026-05-08T20:03:00.188] [INFO] debug-file - UP-TO-DATE :entry:default@ProcessRouterMap...  
[2026-05-08T20:03:00.189] [DEBUG] debug-file - Executing task :entry:default@ProcessShareConfig
[2026-05-08T20:03:00.190] [DEBUG] debug-file - Incremental task entry:default@ProcessShareConfig pre-execution cost: 1 ms .
[2026-05-08T20:03:00.190] [DEBUG] debug-file - entry : default@ProcessShareConfig cost memory 0.0872955322265625
[2026-05-08T20:03:00.191] [INFO] debug-file - UP-TO-DATE :entry:default@ProcessShareConfig...  
[2026-05-08T20:03:00.191] [DEBUG] debug-file - Executing task :entry:default@ProcessStartupConfig
[2026-05-08T20:03:00.191] [DEBUG] debug-file - Task 'entry:default@ProcessStartupConfig' cost while wrapping incremental declarations: 1 ms 
[2026-05-08T20:03:00.192] [DEBUG] debug-file - entry:default@ProcessStartupConfig is not up-to-date, since the output file '/Users/jordanzt/Work/Projects/opencalc-harmonyos/entry/build/default/intermediates/startup/default/startup_config.json' does not exist.
[2026-05-08T20:03:00.192] [DEBUG] debug-file - Incremental task entry:default@ProcessStartupConfig pre-execution cost: 1 ms .
[2026-05-08T20:03:00.192] [DEBUG] debug-file - entry : default@ProcessStartupConfig cost memory 0.088897705078125
[2026-05-08T20:03:00.192] [DEBUG] debug-file - runTaskFromQueue task cost before running: 357 ms 
[2026-05-08T20:03:00.193] [INFO] debug-file - Finished :entry:default@ProcessStartupConfig... after 2 ms 
[2026-05-08T20:03:00.194] [DEBUG] debug-file - Executing task :entry:default@BuildNativeWithNinja
[2026-05-08T20:03:00.194] [DEBUG] debug-file - entry : default@BuildNativeWithNinja cost memory 0.01996612548828125
[2026-05-08T20:03:00.194] [DEBUG] debug-file - runTaskFromQueue task cost before running: 359 ms 
[2026-05-08T20:03:00.195] [INFO] debug-file - Finished :entry:default@BuildNativeWithNinja... after 1 ms 
[2026-05-08T20:03:00.195] [DEBUG] debug-file - restool module names: entry; moduleName=entry, taskName=default@ProcessResource
[2026-05-08T20:03:00.196] [DEBUG] debug-file - Executing task :entry:default@ProcessResource
[2026-05-08T20:03:00.196] [DEBUG] debug-file - Task 'entry:default@ProcessResource' cost while wrapping incremental declarations: 1 ms 
[2026-05-08T20:03:00.197] [DEBUG] debug-file - Incremental task entry:default@ProcessResource pre-execution cost: 1 ms .
[2026-05-08T20:03:00.198] [DEBUG] debug-file - entry : default@ProcessResource cost memory 0.12322998046875
[2026-05-08T20:03:00.199] [INFO] debug-file - UP-TO-DATE :entry:default@ProcessResource...  
[2026-05-08T20:03:00.200] [DEBUG] debug-file - Executing task :entry:default@GenerateLoaderJson
[2026-05-08T20:03:00.201] [DEBUG] debug-file - Task 'entry:default@GenerateLoaderJson' cost while wrapping incremental declarations: 1 ms 
[2026-05-08T20:03:00.205] [DEBUG] debug-file - Incremental task entry:default@GenerateLoaderJson pre-execution cost: 3 ms .
[2026-05-08T20:03:00.205] [DEBUG] debug-file - entry : default@GenerateLoaderJson cost memory 0.2715301513671875
[2026-05-08T20:03:00.206] [INFO] debug-file - UP-TO-DATE :entry:default@GenerateLoaderJson...  
[2026-05-08T20:03:00.207] [DEBUG] debug-file - Executing task :entry:default@ProcessLibs
[2026-05-08T20:03:00.208] [DEBUG] debug-file - Incremental task entry:default@ProcessLibs pre-execution cost: 1 ms .
[2026-05-08T20:03:00.208] [DEBUG] debug-file - entry : default@ProcessLibs cost memory 0.08072662353515625
[2026-05-08T20:03:00.209] [INFO] debug-file - UP-TO-DATE :entry:default@ProcessLibs...  
[2026-05-08T20:03:00.209] [DEBUG] debug-file - restool module names: entry; moduleName=entry, taskName=default@CompileResource
[2026-05-08T20:03:00.210] [DEBUG] debug-file - Executing task :entry:default@CompileResource
[2026-05-08T20:03:00.215] [DEBUG] debug-file - Incremental task entry:default@CompileResource pre-execution cost: 4 ms .
[2026-05-08T20:03:00.215] [DEBUG] debug-file - entry : default@CompileResource cost memory 0.28582763671875
[2026-05-08T20:03:00.215] [INFO] debug-file - UP-TO-DATE :entry:default@CompileResource...  
[2026-05-08T20:03:00.216] [DEBUG] debug-file - Executing task :entry:default@DoNativeStrip
[2026-05-08T20:03:00.217] [DEBUG] debug-file - File: '/Users/jordanzt/Work/Projects/opencalc-harmonyos/entry/build/default/intermediates/binxo/default' from 'doBinxoNativeLibs' is not exists, just ignore.
[2026-05-08T20:03:00.217] [DEBUG] debug-file - Task 'entry:default@DoNativeStrip' cost while wrapping incremental declarations: 1 ms 
[2026-05-08T20:03:00.218] [DEBUG] debug-file - Incremental task entry:default@DoNativeStrip pre-execution cost: 1 ms .
[2026-05-08T20:03:00.218] [DEBUG] debug-file - entry : default@DoNativeStrip cost memory 0.07680511474609375
[2026-05-08T20:03:00.218] [INFO] debug-file - UP-TO-DATE :entry:default@DoNativeStrip...  
[2026-05-08T20:03:00.219] [DEBUG] debug-file - Executing task :entry:default@CompileArkTS
[2026-05-08T20:03:00.219] [DEBUG] debug-file - obfuscationOptions: undefined
[2026-05-08T20:03:00.220] [DEBUG] debug-file - Task 'entry:default@CompileArkTS' cost while wrapping incremental declarations: 1 ms 
[2026-05-08T20:03:00.223] [DEBUG] debug-file - entry:default@CompileArkTS is not up-to-date, since the input file '/Users/jordanzt/Work/Projects/opencalc-harmonyos/entry/src/main/ets' has been changed.
[2026-05-08T20:03:00.223] [DEBUG] debug-file - Incremental task entry:default@CompileArkTS pre-execution cost: 3 ms .
[2026-05-08T20:03:00.229] [DEBUG] debug-file - build config:
[2026-05-08T20:03:00.230] [DEBUG] debug-file - {
  moduleType: 'entry',
  perf: 0,
  targetName: '.default',
  packageManagerType: 'ohpm',
  localPropertiesPath: '/Users/jordanzt/Work/Projects/opencalc-harmonyos/local.properties',
  isPreview: false,
  isOhosTest: false,
  isLocalTest: false,
  buildMode: 'Debug',
  hotReloadBuild: undefined,
  watchMode: 'false',
  aceProfilePath: '/Users/jordanzt/Work/Projects/opencalc-harmonyos/entry/build/default/intermediates/res/default/resources/base/profile',
  etsLoaderPath: '/Applications/DevEco-Studio.app/Contents/sdk/default/openharmony/ets/build-tools/ets-loader',
  modulePath: '/Users/jordanzt/Work/Projects/opencalc-harmonyos/entry',
  testFrameworkPar: {
    testMode: undefined,
    coveragePathFilter: undefined,
    coverageMode: undefined
  },
  needCoverageInsert: false,
  debugLine: false,
  projectTopDir: '/Users/jordanzt/Work/Projects/opencalc-harmonyos',
  compileSdkVersion: 23,
  compatibleSdkVersion: 12,
  originCompatibleSdkVersion: '5.0.0(12)',
  compatibleSdkVersionStage: 'beta1',
  bundleName: 'c***r',
  etsLoaderVersion: '6.1.0.105',
  etsLoaderReleaseType: 'Release',
  aotCompileMode: 'type',
  apPath: '/Users/jordanzt/Work/Projects/opencalc-harmonyos/entry/modules.ap',
  entryModuleName: 'entry',
  entryModuleVersion: '1.0.0',
  entryPackageName: 'entry',
  allModuleNameHash: '6671a194f23c271af8c958055775f1e8fca00d4e2e30f4305728b40b020624b2',
  externalApiPaths: [ '/Applications/DevEco-Studio.app/Contents/sdk/default/hms/ets' ],
  compilerTypes: [],
  isCrossplatform: false,
  hvigorPluginFile: undefined,
  compilePluginPath: undefined,
  buildGeneratedProfilePath: '/Users/jordanzt/Work/Projects/opencalc-harmonyos/entry/build/default/generated/profile/default',
  bundleType: 'app',
  arkTSVersion: undefined,
  apiVersion: 23,
  needCompleteSourcesMap: false,
  isFaMode: false,
  buildDir: '/Users/jordanzt/Work/Projects/opencalc-harmonyos/entry/build',
  deviceTypes: [ 'phone', 'tablet' ],
  pkgContextInfo: undefined,
  ohPackagePathMap: {},
  dependencyAliasMap: {},
  permission: { requestPermissions: [ [Object] ], definePermissions: undefined },
  useGetCurrentBundleName: false,
  projectArkOption: undefined,
  sourceMapDir: undefined,
  branchElimination: false,
  transformLib: undefined,
  tsImportSendable: false,
  resolveConflictMode: true,
  depName2RootPath: {},
  depName2DepInfo: {},
  depName2OhExports: {},
  rootPathSet: [ '/Users/jordanzt/Work/Projects/opencalc-harmonyos' ],
  useNativeResolver: true,
  shouldEmitJs: true,
  useTscResolve: false,
  singleFileEmit: false,
  userProjectConfig: {
    autoLazyImport: false,
    allowEmptyBundleName: false,
    reExportCheckMode: 'noCheck',
    executionMode: 'memory',
    usePathPlaceholder: false,
    writeRollupCache: true,
    isExpandImportEnabled: false,
    expandImportExclude: '',
    lazyImportExclude: '',
    lazyImportInclude: '',
    ignoreCrossplatformCheck: false,
    isHarDeduplicateEnabled: false,
    skipOhModulesLint: false,
    enableStrictCheckOHModule: false,
    disableSendableCheckRules: [],
    useDeclarationFileSignature: false,
    customizedOptions: undefined,
    integratedHsp: false,
    isPreloadSoEnabled: false
  },
  executionMode: 'memory',
  arkCompileCachePath: '/Users/jordanzt/Work/Projects/opencalc-harmonyos/entry/build/default/cache/default/default@CompileArkTS/esmodule',
  autoLazyFilter: undefined,
  isHarDeduplicateEnabled: false,
  intermediateHarDuplicateDirPath: '/Users/jordanzt/Work/Projects/opencalc-harmonyos/entry/build/default/intermediates/har_duplicate/default',
  autoLazyImport: false,
  allowEmptyBundleName: false,
  reExportCheckMode: 'noCheck',
  usePathPlaceholder: false,
  writeRollupCache: true,
  isExpandImportEnabled: false,
  expandImportExclude: '',
  lazyImportExclude: '',
  lazyImportInclude: '',
  ignoreCrossplatformCheck: false,
  skipOhModulesLint: false,
  enableStrictCheckOHModule: false,
  disableSendableCheckRules: [],
  useDeclarationFileSignature: false,
  customizedOptions: undefined,
  integratedHsp: false,
  isPreloadSoEnabled: false,
  strictMode: undefined,
  useNormalizedOHMUrl: false,
  caseSensitiveCheck: false,
  aceModuleJsonPath: '/Users/jordanzt/Work/Projects/opencalc-harmonyos/entry/build/default/intermediates/res/default/ark_module.json',
  appResource: '/Users/jordanzt/Work/Projects/opencalc-harmonyos/entry/build/default/intermediates/res/default/ResourceTable.txt',
  rawFileResource: '/Users/jordanzt/Work/Projects/opencalc-harmonyos/entry/build/default/intermediates/res/default/resources/rawfile',
  resourceTableHash: '15a61ac8d9e6adf561b61d3e27a374d205464ba7d77ce5a6c1be29eb60539798',
  runtimeOS: 'HarmonyOS',
  sdkInfo: 'false:23:6.1.0.105:Release',
  aceModuleRoot: '/Users/jordanzt/Work/Projects/opencalc-harmonyos/entry/src/main/ets',
  compileMode: 'esmodule',
  aceSuperVisualPath: '/Users/jordanzt/Work/Projects/opencalc-harmonyos/entry/src/main/supervisual',
  aceBuildJson: '/Users/jordanzt/Work/Projects/opencalc-harmonyos/entry/build/default/intermediates/loader/default/loader.json',
  cachePath: '/Users/jordanzt/Work/Projects/opencalc-harmonyos/entry/build/default/cache/default/default@CompileArkTS/esmodule/debug',
  aceModuleBuild: '/Users/jordanzt/Work/Projects/opencalc-harmonyos/entry/build/default/intermediates/loader_out/default/ets',
  supportChunks: true,
  declaredFilesPath: undefined,
  shouldCollectDirectImportees: false,
  isByteCodeHarOptimize: false,
  expandImportPath: undefined,
  resourceTableTs: '/Users/jordanzt/Work/Projects/opencalc-harmonyos/entry/build/default/generated/r/default/ResourceTable.ts',
  moduleMetaInfoFiles: [
    {
      filePath: '/Users/jordanzt/Work/Projects/opencalc-harmonyos/entry/build/default/generated/r/default/ResourceTable.ts',
      ohmurl: 'com.darkempire78.opencalculator/entry/build/generated/r/ResourceTable'
    }
  ],
  pkgNameToPkgBriefInfo: {
    entry: {
      pkgRoot: '/Users/jordanzt/Work/Projects/opencalc-harmonyos/entry',
      originalSourceRoots: undefined,
      sourceRoots: [Array],
      pkgName: 'entry'
    }
  },
  projectModel: {
    '/Users/jordanzt/Work/Projects/opencalc-harmonyos/entry/src/main': {
      moduleName: 'entry',
      modulePkgPath: '/Users/jordanzt/Work/Projects/opencalc-harmonyos/entry',
      belongProjectPath: '/Users/jordanzt/Work/Projects/opencalc-harmonyos'
    },
    '/Users/jordanzt/Work/Projects/opencalc-harmonyos/entry': {
      moduleName: 'entry',
      modulePkgPath: '/Users/jordanzt/Work/Projects/opencalc-harmonyos/entry',
      belongProjectPath: '/Users/jordanzt/Work/Projects/opencalc-harmonyos'
    },
    '/Users/jordanzt/Work/Projects/opencalc-harmonyos': {
      moduleName: 'opencalc-harmonyos',
      modulePkgPath: '/Users/jordanzt/Work/Projects/opencalc-harmonyos',
      belongProjectPath: '/Users/jordanzt/Work/Projects/opencalc-harmonyos'
    }
  },
  pkgJsonFileHash: '9598d6ed3debbacd1532769d4ef187be335bd6b4f7ea12b707b184fd0505ba47',
  allModulePaths: [ '/Users/jordanzt/Work/Projects/opencalc-harmonyos/entry' ],
  routerMap: {},
  obfuscationOptions: undefined,
  byteCodeHarToDependencyKeys: undefined,
  compileBlockPkg: [],
  mockParams: {
    decorator: '@MockSetup',
    packageName: '@ohos/hamock',
    etsSourceRootPath: 'src/main/ets',
    mockConfigPath: undefined,
    mockConfigKey2ModuleInfo: {},
    source2ModuleIdMap: {}
  },
  copyCodeResourceEnable: true,
  copyCodeResourceExcludes: [],
  copyCodeResourceIncludes: undefined,
  uiTransformOptimization: false,
  sdkPath: '/Applications/DevEco-Studio.app/Contents/sdk',
  needPreloadSoFileSet: {},
  preloadSoFilePath: '/Users/jordanzt/Work/Projects/opencalc-harmonyos/entry/build/default/intermediates/preload/default/preload.json',
  useSourceHash: false,
  localModuleParamMap: {},
  otherPaths: {
    'entry/*': [ '../*', '../../../build/default/generated/profile/default/*' ]
  },
  collectImportersConfig: undefined
}
[2026-05-08T20:03:00.230] [DEBUG] debug-file - Compile arkts with external api path: /Applications/DevEco-Studio.app/Contents/sdk/default/hms/ets
[2026-05-08T20:03:00.230] [DEBUG] debug-file - default@CompileArkTS work[10] is submitted.
[2026-05-08T20:03:00.231] [DEBUG] debug-file - default@CompileArkTS work[10] is pushed to ready queue.
[2026-05-08T20:03:00.231] [DEBUG] debug-file - A work dispatched to worker[3] failed because unable to get work from ready queue.
[2026-05-08T20:03:00.231] [DEBUG] debug-file - default@CompileArkTS work[10] has been dispatched to worker[2].
[2026-05-08T20:03:00.231] [DEBUG] debug-file - default@CompileArkTS work[10] is dispatched.
[2026-05-08T20:03:00.231] [DEBUG] debug-file - CopyResources startTime: 219183914130054
[2026-05-08T20:03:00.231] [DEBUG] debug-file - default@CompileArkTS work[11] is submitted.
[2026-05-08T20:03:00.231] [DEBUG] debug-file - default@CompileArkTS work[11] is pushed to ready queue.
[2026-05-08T20:03:00.231] [DEBUG] debug-file - A work dispatched to worker[3] failed because unable to get work from ready queue.
[2026-05-08T20:03:00.231] [DEBUG] debug-file - A work dispatched to worker[2] failed because of worker busy.
[2026-05-08T20:03:00.231] [DEBUG] debug-file - Create  resident worker with id: 1.
[2026-05-08T20:03:00.232] [DEBUG] debug-file - default@CompileArkTS work[11] has been dispatched to worker[1].
[2026-05-08T20:03:00.233] [DEBUG] debug-file - default@CompileArkTS work[11] is dispatched.
[2026-05-08T20:03:00.233] [DEBUG] debug-file - entry : default@CompileArkTS cost memory 1.1692733764648438
[2026-05-08T20:03:00.234] [DEBUG] debug-file - Executing task :entry:default@BuildJS
[2026-05-08T20:03:00.234] [DEBUG] debug-file - Task 'entry:default@BuildJS' cost while wrapping incremental declarations: 1 ms 
[2026-05-08T20:03:00.236] [DEBUG] debug-file - entry : default@BuildJS cost memory 0.12014007568359375
[2026-05-08T20:03:00.236] [DEBUG] debug-file - runTaskFromQueue task cost before running: 401 ms 
[2026-05-08T20:03:00.236] [INFO] debug-file - Finished :entry:default@BuildJS... after 3 ms 
[2026-05-08T20:03:00.237] [DEBUG] debug-file - Executing task :entry:default@CacheNativeLibs
[2026-05-08T20:03:00.237] [DEBUG] debug-file - File: '/Users/jordanzt/Work/Projects/opencalc-harmonyos/entry/build/default/intermediates/binxo/default' from 'cacheBinxoNativeLibs' is not exists, just ignore.
[2026-05-08T20:03:00.237] [DEBUG] debug-file - Task 'entry:default@CacheNativeLibs' cost while wrapping incremental declarations: 1 ms 
[2026-05-08T20:03:00.238] [DEBUG] debug-file - Incremental task entry:default@CacheNativeLibs pre-execution cost: 1 ms .
[2026-05-08T20:03:00.238] [DEBUG] debug-file - entry : default@CacheNativeLibs cost memory 0.08974456787109375
[2026-05-08T20:03:00.239] [INFO] debug-file - UP-TO-DATE :entry:default@CacheNativeLibs...  
[2026-05-08T20:03:02.686] [DEBUG] debug-file - worker[1] has one work done.
[2026-05-08T20:03:02.687] [DEBUG] debug-file - CopyResources is end, endTime: 219186369483984
[2026-05-08T20:03:02.687] [DEBUG] debug-file - default@CompileArkTS work[11] done.
[2026-05-08T20:03:02.792] [DEBUG] debug-file - A work dispatched to worker[1] failed because unable to get work from ready queue.
[2026-05-08T20:03:03.480] [WARN] debug-file - [33mWARN: [33m[33mArkTS:WARN File: /Users/jordanzt/Work/Projects/opencalc-harmonyos/entry/src/main/ets/pages/Index.ets:7:5
 Function may throw exceptions. Special handling is required.
[39m[39m
[33mWARN: [33m[33mArkTS:WARN File: /Users/jordanzt/Work/Projects/opencalc-harmonyos/entry/src/main/ets/pages/Index.ets:7:12
 'replaceUrl' has been deprecated.
[39m[39m
[33mWARN: [33m[33mArkTS:WARN File: /Users/jordanzt/Work/Projects/opencalc-harmonyos/entry/src/main/ets/preferences/PreferencesStore.ets:33:24
 Function may throw exceptions. Special handling is required.
[39m[39m
[33mWARN: [33m[33mArkTS:WARN File: /Users/jordanzt/Work/Projects/opencalc-harmonyos/entry/src/main/ets/preferences/PreferencesStore.ets:41:18
 Function may throw exceptions. Special handling is required.
[39m[39m
[33mWARN: [33m[33mArkTS:WARN File: /Users/jordanzt/Work/Projects/opencalc-harmonyos/entry/src/main/ets/preferences/PreferencesStore.ets:47:11
 Function may throw exceptions. Special handling is required.
[39m[39m
[33mWARN: [33m[33mArkTS:WARN File: /Users/jordanzt/Work/Projects/opencalc-harmonyos/entry/src/main/ets/preferences/PreferencesStore.ets:48:11
 Function may throw exceptions. Special handling is required.
[39m[39m
[33mWARN: [33m[33mArkTS:WARN File: /Users/jordanzt/Work/Projects/opencalc-harmonyos/entry/src/main/ets/preferences/PreferencesStore.ets:54:18
 Function may throw exceptions. Special handling is required.
[39m[39m
[33mWARN: [33m[33mArkTS:WARN File: /Users/jordanzt/Work/Projects/opencalc-harmonyos/entry/src/main/ets/preferences/PreferencesStore.ets:60:11
 Function may throw exceptions. Special handling is required.
[39m[39m
[33mWARN: [33m[33mArkTS:WARN File: /Users/jordanzt/Work/Projects/opencalc-harmonyos/entry/src/main/ets/preferences/PreferencesStore.ets:61:11
 Function may throw exceptions. Special handling is required.
[39m[39m
[33mWARN: [33m[33mArkTS:WARN File: /Users/jordanzt/Work/Projects/opencalc-harmonyos/entry/src/main/ets/preferences/PreferencesStore.ets:69:18
 Function may throw exceptions. Special handling is required.
[39m[39m
[33mWARN: [33m[33mArkTS:WARN File: /Users/jordanzt/Work/Projects/opencalc-harmonyos/entry/src/main/ets/preferences/PreferencesStore.ets:75:11
 Function may throw exceptions. Special handling is required.
[39m[39m
[33mWARN: [33m[33mArkTS:WARN File: /Users/jordanzt/Work/Projects/opencalc-harmonyos/entry/src/main/ets/preferences/PreferencesStore.ets:76:11
 Function may throw exceptions. Special handling is required.
[39m[39m
[33mWARN: [33m[33mArkTS:WARN File: /Users/jordanzt/Work/Projects/opencalc-harmonyos/entry/src/main/ets/preferences/PreferencesStore.ets:84:18
 Function may throw exceptions. Special handling is required.
[39m[39m
[33mWARN: [33m[33mArkTS:WARN File: /Users/jordanzt/Work/Projects/opencalc-harmonyos/entry/src/main/ets/preferences/PreferencesStore.ets:90:11
 Function may throw exceptions. Special handling is required.
[39m[39m
[33mWARN: [33m[33mArkTS:WARN File: /Users/jordanzt/Work/Projects/opencalc-harmonyos/entry/src/main/ets/preferences/PreferencesStore.ets:91:11
 Function may throw exceptions. Special handling is required.
[39m[39m
[33mWARN: [33m[33mArkTS:WARN File: /Users/jordanzt/Work/Projects/opencalc-harmonyos/entry/src/main/ets/preferences/PreferencesStore.ets:99:18
 Function may throw exceptions. Special handling is required.
[39m[39m
[33mWARN: [33m[33mArkTS:WARN File: /Users/jordanzt/Work/Projects/opencalc-harmonyos/entry/src/main/ets/preferences/PreferencesStore.ets:105:11
 Function may throw exceptions. Special handling is required.
[39m[39m
[33mWARN: [33m[33mArkTS:WARN File: /Users/jordanzt/Work/Projects/opencalc-harmonyos/entry/src/main/ets/preferences/PreferencesStore.ets:106:11
 Function may throw exceptions. Special handling is required.
[39m[39m
[33mWARN: [33m[33mArkTS:WARN File: /Users/jordanzt/Work/Projects/opencalc-harmonyos/entry/src/main/ets/preferences/PreferencesStore.ets:115:32
 Function may throw exceptions. Special handling is required.
[39m[39m
[33mWARN: [33m[33mArkTS:WARN File: /Users/jordanzt/Work/Projects/opencalc-harmonyos/entry/src/main/ets/preferences/PreferencesStore.ets:131:11
 Function may throw exceptions. Special handling is required.
[39m[39m
[33mWARN: [33m[33mArkTS:WARN File: /Users/jordanzt/Work/Projects/opencalc-harmonyos/entry/src/main/ets/preferences/PreferencesStore.ets:132:11
 Function may throw exceptions. Special handling is required.
[39m[39m
[33mWARN: [33m[33mArkTS:WARN File: /Users/jordanzt/Work/Projects/opencalc-harmonyos/entry/src/main/ets/preferences/PreferencesStore.ets:140:18
 Function may throw exceptions. Special handling is required.
[39m[39m
[33mWARN: [33m[33mArkTS:WARN File: /Users/jordanzt/Work/Projects/opencalc-harmonyos/entry/src/main/ets/preferences/PreferencesStore.ets:146:11
 Function may throw exceptions. Special handling is required.
[39m[39m
[33mWARN: [33m[33mArkTS:WARN File: /Users/jordanzt/Work/Projects/opencalc-harmonyos/entry/src/main/ets/preferences/PreferencesStore.ets:147:11
 Function may throw exceptions. Special handling is required.
[39m[39m
[33mWARN: [33m[33mArkTS:WARN File: /Users/jordanzt/Work/Projects/opencalc-harmonyos/entry/src/main/ets/preferences/PreferencesStore.ets:155:18
 Function may throw exceptions. Special handling is required.
[39m[39m
[33mWARN: [33m[33mArkTS:WARN File: /Users/jordanzt/Work/Projects/opencalc-harmonyos/entry/src/main/ets/preferences/PreferencesStore.ets:161:11
 Function may throw exceptions. Special handling is required.
[39m[39m
[33mWARN: [33m[33mArkTS:WARN File: /Users/jordanzt/Work/Projects/opencalc-harmonyos/entry/src/main/ets/preferences/PreferencesStore.ets:162:11
 Function may throw exceptions. Special handling is required.
[39m[39m
[33mWARN: [33m[33mArkTS:WARN File: /Users/jordanzt/Work/Projects/opencalc-harmonyos/entry/src/main/ets/preferences/PreferencesStore.ets:170:18
 Function may throw exceptions. Special handling is required.
[39m[39m
[33mWARN: [33m[33mArkTS:WARN File: /Users/jordanzt/Work/Projects/opencalc-harmonyos/entry/src/main/ets/preferences/PreferencesStore.ets:176:11
 Function may throw exceptions. Special handling is required.
[39m[39m
[33mWARN: [33m[33mArkTS:WARN File: /Users/jordanzt/Work/Projects/opencalc-harmonyos/entry/src/main/ets/preferences/PreferencesStore.ets:177:11
 Function may throw exceptions. Special handling is required.
[39m[39m
[33mWARN: [33m[33mArkTS:WARN File: /Users/jordanzt/Work/Projects/opencalc-harmonyos/entry/src/main/ets/preferences/PreferencesStore.ets:185:18
 Function may throw exceptions. Special handling is required.
[39m[39m
[33mWARN: [33m[33mArkTS:WARN File: /Users/jordanzt/Work/Projects/opencalc-harmonyos/entry/src/main/ets/preferences/PreferencesStore.ets:191:11
 Function may throw exceptions. Special handling is required.
[39m[39m
[33mWARN: [33m[33mArkTS:WARN File: /Users/jordanzt/Work/Projects/opencalc-harmonyos/entry/src/main/ets/preferences/PreferencesStore.ets:192:11
 Function may throw exceptions. Special handling is required.
[39m[39m
[33mWARN: [33m[33mArkTS:WARN File: /Users/jordanzt/Work/Projects/opencalc-harmonyos/entry/src/main/ets/preferences/PreferencesStore.ets:198:18
 Function may throw exceptions. Special handling is required.
[39m[39m
[33mWARN: [33m[33mArkTS:WARN File: /Users/jordanzt/Work/Projects/opencalc-harmonyos/entry/src/main/ets/preferences/PreferencesStore.ets:204:11
 Function may throw exceptions. Special handling is required.
[39m[39m
[33mWARN: [33m[33mArkTS:WARN File: /Users/jordanzt/Work/Projects/opencalc-harmonyos/entry/src/main/ets/preferences/PreferencesStore.ets:205:11
 Function may throw exceptions. Special handling is required.
[39m[39m
[33mWARN: [33m[33mArkTS:WARN File: /Users/jordanzt/Work/Projects/opencalc-harmonyos/entry/src/main/ets/pages/CalculatorPage.ets:40:42
 'getContext' has been deprecated.
[39m[39m
[33mWARN: [33m[33mArkTS:WARN File: /Users/jordanzt/Work/Projects/opencalc-harmonyos/entry/src/main/ets/pages/CalculatorPage.ets:103:5
 Function may throw exceptions. Special handling is required.
[39m[39m
[33mWARN: [33m[33mArkTS:WARN File: /Users/jordanzt/Work/Projects/opencalc-harmonyos/entry/src/main/ets/pages/CalculatorPage.ets:104:5
 Function may throw exceptions. Special handling is required.
[39m[39m
[33mWARN: [33m[33mArkTS:WARN File: /Users/jordanzt/Work/Projects/opencalc-harmonyos/entry/src/main/ets/pages/CalculatorPage.ets:104:18
 'showToast' has been deprecated.
[39m[39m
[33mWARN: [33mArkTS:WARN File: /Users/jordanzt/Work/Projects/opencalc-harmonyos/entry/src/main/ets/pages/CalculatorPage.ets:13:1
 It's not a recommended way to export struct with '@Entry' decorator, which may cause ACE Engine error in component preview mode.[39m[39m

[2026-05-08T20:03:03.481] [DEBUG] debug-file - Ark compile task finished.finished time is 219187163634690
[2026-05-08T20:03:03.482] [DEBUG] debug-file - worker[2] has one work done.
[2026-05-08T20:03:03.483] [DEBUG] debug-file - default@CompileArkTS work[10] done.
[2026-05-08T20:03:03.483] [DEBUG] debug-file - A work dispatched to worker[2] failed because unable to get work from ready queue.
[2026-05-08T20:03:03.484] [INFO] debug-file - Finished :entry:default@CompileArkTS... after 3 s 262 ms 
[2026-05-08T20:03:03.485] [DEBUG] debug-file - Executing task :entry:default@GeneratePkgModuleJson
[2026-05-08T20:03:03.485] [DEBUG] debug-file - File: '/Users/jordanzt/Work/Projects/opencalc-harmonyos/entry/build/default/intermediates/preload/default/preload.json' from 'preloadSoJsonPath' is not exists, just ignore.
[2026-05-08T20:03:03.485] [DEBUG] debug-file - Error occurs while handling @Input 'shouldDeduplicateHar': The "data" argument must be of type string or an instance of Buffer, TypedArray, or DataView. Received undefined
[2026-05-08T20:03:03.485] [DEBUG] debug-file - Task 'entry:default@GeneratePkgModuleJson' cost while wrapping incremental declarations: 1 ms 
[2026-05-08T20:03:03.486] [DEBUG] debug-file - Incremental task entry:default@GeneratePkgModuleJson pre-execution cost: 1 ms .
[2026-05-08T20:03:03.486] [DEBUG] debug-file - entry : default@GeneratePkgModuleJson cost memory 0.091552734375
[2026-05-08T20:03:03.486] [INFO] debug-file - UP-TO-DATE :entry:default@GeneratePkgModuleJson...  
[2026-05-08T20:03:03.487] [DEBUG] debug-file - Executing task :entry:default@ProcessCompiledResources
[2026-05-08T20:03:03.487] [DEBUG] debug-file - File: '/Users/jordanzt/Work/Projects/opencalc-harmonyos/entry/build/default/intermediates/preload/default/preload.json' from 'preloadSoJsonPath' is not exists, just ignore.
[2026-05-08T20:03:03.487] [DEBUG] debug-file - Task 'entry:default@ProcessCompiledResources' cost while wrapping incremental declarations: 1 ms 
[2026-05-08T20:03:03.488] [DEBUG] debug-file - entry : default@ProcessCompiledResources cost memory 0.06896209716796875
[2026-05-08T20:03:03.488] [DEBUG] debug-file - runTaskFromQueue task cost before running: 3 s 652 ms 
[2026-05-08T20:03:03.488] [INFO] debug-file - Finished :entry:default@ProcessCompiledResources... after 2 ms 
[2026-05-08T20:03:03.490] [DEBUG] debug-file - Executing task :entry:default@PackageHap
[2026-05-08T20:03:03.492] [DEBUG] debug-file - entry:default@PackageHap is not up-to-date, since the input file '/Users/jordanzt/Work/Projects/opencalc-harmonyos/entry/build/default/intermediates/loader_out/default/ets' has been changed.
[2026-05-08T20:03:03.492] [DEBUG] debug-file - Incremental task entry:default@PackageHap pre-execution cost: 2 ms .
[2026-05-08T20:03:03.493] [DEBUG] debug-file - Use tool [/Applications/DevEco-Studio.app/Contents/sdk/default/openharmony/toolchains/lib/app_packing_tool.jar]
 [
  'java',
  '-Dfile.encoding=utf-8',
  '-jar',
  '/Applications/DevEco-Studio.app/Contents/sdk/default/openharmony/toolchains/lib/app_packing_tool.jar',
  '--mode',
  'hap',
  '--force',
  'true',
  '--lib-path',
  '/Users/jordanzt/Work/Projects/opencalc-harmonyos/entry/build/default/intermediates/stripped_native_libs/default',
  '--json-path',
  '/Users/jordanzt/Work/Projects/opencalc-harmonyos/entry/build/default/intermediates/package/default/module.json',
  '--resources-path',
  '/Users/jordanzt/Work/Projects/opencalc-harmonyos/entry/build/default/intermediates/res/default/resources',
  '--index-path',
  '/Users/jordanzt/Work/Projects/opencalc-harmonyos/entry/build/default/intermediates/res/default/resources.index',
  '--pack-info-path',
  '/Users/jordanzt/Work/Projects/opencalc-harmonyos/entry/build/default/outputs/default/pack.info',
  '--out-path',
  '/Users/jordanzt/Work/Projects/opencalc-harmonyos/entry/build/default/outputs/default/entry-default-unsigned.hap',
  '--ets-path',
  '/Users/jordanzt/Work/Projects/opencalc-harmonyos/entry/build/default/intermediates/loader_out/default/ets',
  '--pkg-sdk-info-path',
  '/Users/jordanzt/Work/Projects/opencalc-harmonyos/entry/build/default/intermediates/loader/default/pkgSdkInfo.json'
]
[2026-05-08T20:03:03.494] [DEBUG] debug-file - default@PackageHap work[12] is submitted.
[2026-05-08T20:03:03.494] [DEBUG] debug-file - default@PackageHap work[12] is pushed to ready queue.
[2026-05-08T20:03:03.495] [DEBUG] debug-file - A work dispatched to worker[3] failed because unable to get work from ready queue.
[2026-05-08T20:03:03.495] [DEBUG] debug-file - default@PackageHap work[12] has been dispatched to worker[2].
[2026-05-08T20:03:03.495] [DEBUG] debug-file - default@PackageHap work[12] is dispatched.
[2026-05-08T20:03:03.498] [DEBUG] debug-file - entry : default@PackageHap cost memory 0.37404632568359375
[2026-05-08T20:03:03.497] [DEBUG] debug-file - current process  memoryUsage: {
  rss: 648441856,
  heapTotal: 329138176,
  heapUsed: 296016808,
  external: 4774104,
  arrayBuffers: 921583
} os memoryUsage :7.896839141845703
[2026-05-08T20:03:04.344] [DEBUG] debug-file - worker[2] has one work done.
[2026-05-08T20:03:04.344] [DEBUG] debug-file - default@PackageHap work[12] done.
[2026-05-08T20:03:04.344] [INFO] debug-file - Finished :entry:default@PackageHap... after 854 ms 
[2026-05-08T20:03:04.345] [DEBUG] debug-file - Executing task :entry:default@PackingCheck
[2026-05-08T20:03:04.350] [DEBUG] debug-file - entry : default@PackingCheck cost memory 0.4690704345703125
[2026-05-08T20:03:04.350] [DEBUG] debug-file - runTaskFromQueue task cost before running: 4 s 515 ms 
[2026-05-08T20:03:04.350] [INFO] debug-file - Finished :entry:default@PackingCheck... after 5 ms 
[2026-05-08T20:03:04.351] [DEBUG] debug-file - Executing task :entry:default@SignHap
[2026-05-08T20:03:04.352] [WARN] debug-file - No signingConfig found for product default
[2026-05-08T20:03:04.352] [DEBUG] debug-file - entry:default@SignHap is not up-to-date, since the input file '/Users/jordanzt/Work/Projects/opencalc-harmonyos/entry/build/default/outputs/default/entry-default-unsigned.hap' has been changed.
[2026-05-08T20:03:04.352] [DEBUG] debug-file - Incremental task entry:default@SignHap pre-execution cost: 1 ms .
[2026-05-08T20:03:04.352] [DEBUG] debug-file - entry : default@SignHap cost memory 0.07268524169921875
[2026-05-08T20:03:04.352] [DEBUG] debug-file - runTaskFromQueue task cost before running: 4 s 517 ms 
[2026-05-08T20:03:04.353] [INFO] debug-file - Finished :entry:default@SignHap... after 2 ms 
[2026-05-08T20:03:04.354] [DEBUG] debug-file - Executing task :entry:default@CollectDebugSymbol
[2026-05-08T20:03:04.354] [DEBUG] debug-file - entry : default@CollectDebugSymbol cost memory 0.08698272705078125
[2026-05-08T20:03:04.354] [DEBUG] debug-file - runTaskFromQueue task cost before running: 4 s 519 ms 
[2026-05-08T20:03:04.355] [INFO] debug-file - Finished :entry:default@CollectDebugSymbol... after 1 ms 
[2026-05-08T20:03:04.355] [DEBUG] debug-file - Executing task :entry:assembleHap
[2026-05-08T20:03:04.355] [DEBUG] debug-file - entry : assembleHap cost memory 0.01264190673828125
[2026-05-08T20:03:04.355] [DEBUG] debug-file - runTaskFromQueue task cost before running: 4 s 520 ms 
[2026-05-08T20:03:04.355] [INFO] debug-file - Finished :entry:assembleHap... after 1 ms 
[2026-05-08T20:03:04.356] [INFO] debug-file - BUILD SUCCESSFUL in 4 s 521 ms 
[2026-05-08T20:03:04.356] [DEBUG] debug-file - There is no need to refresh cache, since the incremental task entry:default@PreBuild is up-to-date.
[2026-05-08T20:03:04.356] [DEBUG] debug-file - Update task entry:default@CreateModuleInfo output file:/Users/jordanzt/Work/Projects/opencalc-harmonyos/entry/build/default/generated/profile/default/ModuleInfo.ts cache.
[2026-05-08T20:03:04.357] [DEBUG] debug-file - Incremental task entry:default@CreateModuleInfo post-execution cost:1 ms .
[2026-05-08T20:03:04.357] [DEBUG] debug-file - There is no need to refresh cache, since the incremental task entry:default@GenerateMetadata is up-to-date.
[2026-05-08T20:03:04.357] [DEBUG] debug-file - There is no need to refresh cache, since the incremental task entry:default@MergeProfile is up-to-date.
[2026-05-08T20:03:04.357] [DEBUG] debug-file - There is no need to refresh cache, since the incremental task entry:default@CreateBuildProfile is up-to-date.
[2026-05-08T20:03:04.357] [DEBUG] debug-file - Update task entry:default@GeneratePkgContextInfo output file:/Users/jordanzt/Work/Projects/opencalc-harmonyos/entry/build/default/intermediates/loader/default/pkgContextInfo.json cache.
[2026-05-08T20:03:04.357] [DEBUG] debug-file - Incremental task entry:default@GeneratePkgContextInfo post-execution cost:1 ms .
[2026-05-08T20:03:04.357] [DEBUG] debug-file - There is no need to refresh cache, since the incremental task entry:default@GeneratePkgSdkInfo is up-to-date.
[2026-05-08T20:03:04.357] [DEBUG] debug-file - Update task entry:default@ProcessIntegratedHsp output file:/Users/jordanzt/Work/Projects/opencalc-harmonyos/build/cache/default/integrated_hsp/integratedHspCache.json cache.
[2026-05-08T20:03:04.357] [DEBUG] debug-file - Incremental task entry:default@ProcessIntegratedHsp post-execution cost:1 ms .
[2026-05-08T20:03:04.357] [DEBUG] debug-file - There is no need to refresh cache, since the incremental task entry:default@MakePackInfo is up-to-date.
[2026-05-08T20:03:04.357] [DEBUG] debug-file - Update task entry:default@SyscapTransform input file:/Applications/DevEco-Studio.app/Contents/sdk/default/openharmony/toolchains/syscap_tool cache by regenerate.
[2026-05-08T20:03:04.358] [DEBUG] debug-file - Update task entry:default@SyscapTransform input file:/Applications/DevEco-Studio.app/Contents/sdk/default/openharmony/ets/api/device-define cache by regenerate.
[2026-05-08T20:03:04.358] [DEBUG] debug-file - Update task entry:default@SyscapTransform output file:/Users/jordanzt/Work/Projects/opencalc-harmonyos/entry/build/default/intermediates/syscap/default/rpcid.sc cache.
[2026-05-08T20:03:04.358] [DEBUG] debug-file - Incremental task entry:default@SyscapTransform post-execution cost:1 ms .
[2026-05-08T20:03:04.358] [DEBUG] debug-file - There is no need to refresh cache, since the incremental task entry:default@ProcessProfile is up-to-date.
[2026-05-08T20:03:04.358] [DEBUG] debug-file - There is no need to refresh cache, since the incremental task entry:default@ProcessRouterMap is up-to-date.
[2026-05-08T20:03:04.358] [DEBUG] debug-file - There is no need to refresh cache, since the incremental task entry:default@ProcessShareConfig is up-to-date.
[2026-05-08T20:03:04.358] [DEBUG] debug-file - Update task entry:default@ProcessStartupConfig output file:/Users/jordanzt/Work/Projects/opencalc-harmonyos/entry/build/default/intermediates/startup/default/startup_config.json cache.
[2026-05-08T20:03:04.359] [DEBUG] debug-file - Incremental task entry:default@ProcessStartupConfig post-execution cost:1 ms .
[2026-05-08T20:03:04.359] [DEBUG] debug-file - There is no need to refresh cache, since the incremental task entry:default@ProcessResource is up-to-date.
[2026-05-08T20:03:04.359] [DEBUG] debug-file - There is no need to refresh cache, since the incremental task entry:default@GenerateLoaderJson is up-to-date.
[2026-05-08T20:03:04.359] [DEBUG] debug-file - There is no need to refresh cache, since the incremental task entry:default@ProcessLibs is up-to-date.
[2026-05-08T20:03:04.359] [DEBUG] debug-file - There is no need to refresh cache, since the incremental task entry:default@CompileResource is up-to-date.
[2026-05-08T20:03:04.359] [DEBUG] debug-file - There is no need to refresh cache, since the incremental task entry:default@DoNativeStrip is up-to-date.
[2026-05-08T20:03:04.360] [DEBUG] debug-file - Update task entry:default@CompileArkTS input file:/Users/jordanzt/Work/Projects/opencalc-harmonyos/entry/build/default/intermediates/loader/default cache by regenerate.
[2026-05-08T20:03:04.360] [DEBUG] debug-file - Update task entry:default@CompileArkTS input file:/Users/jordanzt/Work/Projects/opencalc-harmonyos/entry/build/default/intermediates/res/default/ResourceTable.txt cache by regenerate.
[2026-05-08T20:03:04.360] [DEBUG] debug-file - Update task entry:default@CompileArkTS input file:/Users/jordanzt/Work/Projects/opencalc-harmonyos/entry/build/default/intermediates/res/default/ark_module.json cache by regenerate.
[2026-05-08T20:03:04.360] [DEBUG] debug-file - Update task entry:default@CompileArkTS input file:/Users/jordanzt/Work/Projects/opencalc-harmonyos/entry/build/default/intermediates/res/default/resources/base/profile cache by regenerate.
[2026-05-08T20:03:04.360] [DEBUG] debug-file - Update task entry:default@CompileArkTS input file:/Users/jordanzt/Work/Projects/opencalc-harmonyos/entry/src/main/ets cache from map.
[2026-05-08T20:03:04.361] [DEBUG] debug-file - Update task entry:default@CompileArkTS input file:/Users/jordanzt/Work/Projects/opencalc-harmonyos/entry/build/default/generated/profile/default/BuildProfile.ets cache by regenerate.
[2026-05-08T20:03:04.361] [DEBUG] debug-file - Update task entry:default@CompileArkTS output file:/Users/jordanzt/Work/Projects/opencalc-harmonyos/entry/build/default/intermediates/loader_out/default/ets cache.
[2026-05-08T20:03:04.362] [DEBUG] debug-file - Incremental task entry:default@CompileArkTS post-execution cost:4 ms .
[2026-05-08T20:03:04.363] [DEBUG] debug-file - Update task entry:default@BuildJS input file:/Users/jordanzt/Work/Projects/opencalc-harmonyos/entry/build/default/intermediates/loader/default cache by regenerate.
[2026-05-08T20:03:04.363] [DEBUG] debug-file - Update task entry:default@BuildJS input file:/Users/jordanzt/Work/Projects/opencalc-harmonyos/entry/build/default/intermediates/res/default/ResourceTable.txt cache by regenerate.
[2026-05-08T20:03:04.363] [DEBUG] debug-file - Update task entry:default@BuildJS input file:/Users/jordanzt/Work/Projects/opencalc-harmonyos/entry/build/default/intermediates/res/default/ark_module.json cache by regenerate.
[2026-05-08T20:03:04.364] [DEBUG] debug-file - Update task entry:default@BuildJS input file:/Users/jordanzt/Work/Projects/opencalc-harmonyos/entry/build/default/intermediates/res/default/resources/base/profile cache by regenerate.
[2026-05-08T20:03:04.364] [DEBUG] debug-file - Update task entry:default@BuildJS output file:/Users/jordanzt/Work/Projects/opencalc-harmonyos/entry/build/default/intermediates/loader_out/default/js cache.
[2026-05-08T20:03:04.364] [DEBUG] debug-file - Incremental task entry:default@BuildJS post-execution cost:2 ms .
[2026-05-08T20:03:04.364] [DEBUG] debug-file - There is no need to refresh cache, since the incremental task entry:default@CacheNativeLibs is up-to-date.
[2026-05-08T20:03:04.364] [DEBUG] debug-file - There is no need to refresh cache, since the incremental task entry:default@GeneratePkgModuleJson is up-to-date.
[2026-05-08T20:03:04.364] [DEBUG] debug-file - Incremental task entry:default@ProcessCompiledResources post-execution cost:1 ms .
[2026-05-08T20:03:04.365] [DEBUG] debug-file - Update task entry:default@PackageHap input file:/Users/jordanzt/Work/Projects/opencalc-harmonyos/entry/build/default/intermediates/stripped_native_libs/default cache by regenerate.
[2026-05-08T20:03:04.365] [DEBUG] debug-file - Update task entry:default@PackageHap input file:/Users/jordanzt/Work/Projects/opencalc-harmonyos/entry/build/default/intermediates/res/default/module.json cache by regenerate.
[2026-05-08T20:03:04.365] [DEBUG] debug-file - Update task entry:default@PackageHap input file:/Users/jordanzt/Work/Projects/opencalc-harmonyos/entry/build/default/intermediates/res/default/resources cache by regenerate.
[2026-05-08T20:03:04.366] [DEBUG] debug-file - Update task entry:default@PackageHap input file:/Users/jordanzt/Work/Projects/opencalc-harmonyos/entry/build/default/intermediates/res/default/resources.index cache by regenerate.
[2026-05-08T20:03:04.366] [DEBUG] debug-file - Update task entry:default@PackageHap input file:/Users/jordanzt/Work/Projects/opencalc-harmonyos/entry/build/default/outputs/default/pack.info cache by regenerate.
[2026-05-08T20:03:04.366] [DEBUG] debug-file - Update task entry:default@PackageHap input file:/Users/jordanzt/Work/Projects/opencalc-harmonyos/entry/build/default/intermediates/loader_out/default/ets cache from map.
[2026-05-08T20:03:04.366] [DEBUG] debug-file - Update task entry:default@PackageHap input file:/Users/jordanzt/Work/Projects/opencalc-harmonyos/entry/build/default/intermediates/loader/default/pkgSdkInfo.json cache by regenerate.
[2026-05-08T20:03:04.366] [DEBUG] debug-file - Update task entry:default@PackageHap input file:/Users/jordanzt/Work/Projects/opencalc-harmonyos/entry/build/default/intermediates/loader_out/default/ets/sourceMaps.map cache by regenerate.
[2026-05-08T20:03:04.367] [DEBUG] debug-file - Update task entry:default@PackageHap input file:/Users/jordanzt/Work/Projects/opencalc-harmonyos/entry/build/default/generated/profile/default/BuildProfile.ets cache by regenerate.
[2026-05-08T20:03:04.367] [DEBUG] debug-file - Update task entry:default@PackageHap output file:/Users/jordanzt/Work/Projects/opencalc-harmonyos/entry/build/default/outputs/default/entry-default-unsigned.hap cache.
[2026-05-08T20:03:04.367] [DEBUG] debug-file - Update task entry:default@PackageHap output file:/Users/jordanzt/Work/Projects/opencalc-harmonyos/entry/build/default/intermediates/source_map/default/sourceMaps.map cache.
[2026-05-08T20:03:04.367] [DEBUG] debug-file - Update task entry:default@PackageHap output file:/Users/jordanzt/Work/Projects/opencalc-harmonyos/entry/build/default/outputs/default/mapping/sourceMaps.map cache.
[2026-05-08T20:03:04.367] [DEBUG] debug-file - Incremental task entry:default@PackageHap post-execution cost:3 ms .
[2026-05-08T20:03:04.367] [DEBUG] debug-file - Update task entry:default@SignHap input file:/Users/jordanzt/Work/Projects/opencalc-harmonyos/entry/build/default/outputs/default/entry-default-unsigned.hap cache from map.
[2026-05-08T20:03:04.367] [DEBUG] debug-file - Update task entry:default@SignHap output file:/Users/jordanzt/Work/Projects/opencalc-harmonyos/entry/build/default/outputs/default/entry-default-signed.hap cache.
[2026-05-08T20:03:04.368] [DEBUG] debug-file - Incremental task entry:default@SignHap post-execution cost:1 ms .
[2026-05-08T20:03:04.368] [DEBUG] debug-file - Update task entry:default@CollectDebugSymbol input file:/Users/jordanzt/Work/Projects/opencalc-harmonyos/entry/build/default/intermediates/loader_out/default/ets/sourceMaps.map cache by regenerate.
[2026-05-08T20:03:04.368] [DEBUG] debug-file - Update task entry:default@CollectDebugSymbol input file:/Users/jordanzt/Work/Projects/opencalc-harmonyos/entry/build/default/intermediates/libs/default cache by regenerate.
[2026-05-08T20:03:04.368] [DEBUG] debug-file - Update task entry:default@CollectDebugSymbol output file:/Users/jordanzt/Work/Projects/opencalc-harmonyos/entry/build/default/outputs/default/symbol cache.
[2026-05-08T20:03:04.369] [DEBUG] debug-file - Incremental task entry:default@CollectDebugSymbol post-execution cost:1 ms .
[2026-05-08T20:03:04.378] [DEBUG] debug-file - Cleanup worker 1.
[2026-05-08T20:03:04.378] [DEBUG] debug-file - Worker 1 has been cleaned up.
[2026-05-08T20:03:04.378] [DEBUG] debug-file - Current idle worker size: 1.
[2026-05-08T20:03:04.379] [DEBUG] debug-file - Current resident worker size: 2.
[2026-05-08T20:03:04.379] [DEBUG] debug-file - hvigor build process will be closed.
[2026-05-08T20:03:04.393] [DEBUG] debug-file - worker[1] exits with exit code 1.
[2026-05-08T20:03:04.415] [DEBUG] debug-file - session manager: send message to worker process.
[2026-05-08T20:03:04.416] [DEBUG] debug-file - session manager: send message to worker process.
[2026-05-08T20:03:04.444] [DEBUG] debug-file - watch worker: worker id should be larger than 0. Nothing will be sent to any worker thread.
[2026-05-08T20:03:04.445] [DEBUG] debug-file - watch worker: worker id should be larger than 0. Nothing will be sent to any worker thread.
[2026-05-08T21:22:42.521] [DEBUG] debug-file - env: nodejsVersion=v18.20.1
[2026-05-08T21:22:42.571] [DEBUG] debug-file - env: daemon=true
[2026-05-08T21:22:42.524] [DEBUG] debug-file - env: hvigor-config.json5 content = { modelVersion: '6.0.2', dependencies: {} }
[2026-05-08T21:22:43.169] [DEBUG] debug-file - session manager: set active socket. socketId=RauDngeFbPuZCS9LAAAJ
[2026-05-08T21:22:43.172] [DEBUG] debug-file - watch worker: worker id should be larger than 0. Nothing will be sent to any worker thread.
[2026-05-08T21:22:43.175] [DEBUG] debug-file - Workers' log level updated to INFO
[2026-05-08T21:22:43.180] [DEBUG] debug-file - Hvigor init with startParameters:{
  hvigorfileTypeCheck: false,
  parallelExecution: true,
  incrementalExecution: true,
  printStackTrace: false,
  daemon: true,
  analyze: 0,
  logLevel: Level { level: 20000, levelStr: 'INFO', colour: 'green' },
  optimizationStrategy: 'memory',
  hotCompile: undefined,
  hotReloadBuild: undefined,
  customizedParam: undefined
}
[2026-05-08T21:22:43.187] [DEBUG] debug-file - Cache service initialization finished in 7 ms 
[2026-05-08T21:22:43.189] [DEBUG] debug-file - hvigorfile, resolving /Users/jordanzt/Work/Projects/opencalc-harmonyos/hvigorfile.ts
[2026-05-08T21:22:43.196] [DEBUG] debug-file - hvigorfile, require result:  {}
[2026-05-08T21:22:43.196] [DEBUG] debug-file - hvigorfile, binding system plugins {}
[2026-05-08T21:22:43.198] [DEBUG] debug-file - Starting plugin build process
[2026-05-08T21:22:43.198] [DEBUG] debug-file - App plugin prepare start...
[2026-05-08T21:22:43.198] [DEBUG] debug-file - App plugin prepare end...
[2026-05-08T21:22:43.198] [DEBUG] debug-file - App plugin creating...
[2026-05-08T21:22:43.203] [DEBUG] debug-file - App plugin register hook start...
[2026-05-08T21:22:43.203] [DEBUG] debug-file - App plugin register hook end...
[2026-05-08T21:22:43.203] [DEBUG] debug-file - Plugin build process completed
[2026-05-08T21:22:43.204] [DEBUG] debug-file - Start initialize project's product build option map with build mode debug.
[2026-05-08T21:22:43.204] [DEBUG] debug-file - Picking option from product 'default' with build mode 'debug'.
[2026-05-08T21:22:43.204] [DEBUG] debug-file - Product 'default' build option initialized
[2026-05-08T21:22:43.204] [DEBUG] debug-file - End initialize project's product build option map with build mode 'debug'.
[2026-05-08T21:22:43.205] [DEBUG] debug-file - Obtain build option for product 'default'in this build.
[2026-05-08T21:22:43.207] [DEBUG] debug-file - No signingConfig found, initRemoteHspCache failed.
[2026-05-08T21:22:43.211] [DEBUG] debug-file - Start recording SDK configuration permission data.
[2026-05-08T21:22:43.259] [DEBUG] debug-file - Sdk init in 51 ms 
[2026-05-08T21:22:43.262] [DEBUG] debug-file - Project task initialization takes 4 ms 
[2026-05-08T21:22:43.262] [DEBUG] debug-file - hvigorfile, resolve finished /Users/jordanzt/Work/Projects/opencalc-harmonyos/hvigorfile.ts
[2026-05-08T21:22:43.263] [DEBUG] debug-file - hvigorfile, resolving /Users/jordanzt/Work/Projects/opencalc-harmonyos/entry/hvigorfile.ts
[2026-05-08T21:22:43.269] [DEBUG] debug-file - hvigorfile, require result:  {}
[2026-05-08T21:22:43.269] [DEBUG] debug-file - hvigorfile, binding system plugins {}
[2026-05-08T21:22:43.269] [DEBUG] debug-file - Starting plugin build process
[2026-05-08T21:22:43.269] [DEBUG] debug-file - Hap plugin creating...
[2026-05-08T21:22:43.270] [DEBUG] debug-file - failed to load cangjie to dynamically generate schemas: Error: Cannot find module '@ohos/cangjie-build-support/index'
Require stack:
- /Applications/DevEco-Studio.app/Contents/tools/hvigor/hvigor-ohos-plugin/src/plugin/hooks/cangjie-register.js
- /Applications/DevEco-Studio.app/Contents/tools/hvigor/hvigor-ohos-plugin/src/plugin/strategy/stage-init-strategy.js
- /Applications/DevEco-Studio.app/Contents/tools/hvigor/hvigor-ohos-plugin/src/plugin/builder/abstract-plugin-builder.js
- /Applications/DevEco-Studio.app/Contents/tools/hvigor/hvigor-ohos-plugin/src/plugin/builder/app-plugin-builder.js
- /Applications/DevEco-Studio.app/Contents/tools/hvigor/hvigor-ohos-plugin/src/plugin/factory/plugin-factory.js
- /Applications/DevEco-Studio.app/Contents/tools/hvigor/hvigor-ohos-plugin/index.js
- /Users/jordanzt/Work/Projects/opencalc-harmonyos/hvigorfile.ts
- /Applications/DevEco-Studio.app/Contents/tools/hvigor/hvigor/src/base/internal/lifecycle/configuration.js
- /Applications/DevEco-Studio.app/Contents/tools/hvigor/hvigor/src/base/boot/index.js
- /Applications/DevEco-Studio.app/Contents/tools/hvigor/hvigor/src/base/daemon/cluster/worker-process-lifecycle.js
- /Applications/DevEco-Studio.app/Contents/tools/hvigor/hvigor/src/base/daemon/process/daemon-process-boot-script.js
[2026-05-08T21:22:43.272] [DEBUG] debug-file - Start initialize module-target build option map, moduleName=entry, buildMode=debug
[2026-05-08T21:22:43.273] [DEBUG] debug-file - Target 'default' config initialized
[2026-05-08T21:22:43.273] [DEBUG] debug-file - Module 'entry' target 'default' build option initialized
[2026-05-08T21:22:43.273] [DEBUG] debug-file - End initialize module-target build option map, moduleName=entry
[2026-05-08T21:22:43.273] [DEBUG] debug-file - Start initialize module-target build option map, moduleName=entry, buildMode=release
[2026-05-08T21:22:43.274] [DEBUG] debug-file - Target 'default' config initialized
[2026-05-08T21:22:43.274] [DEBUG] debug-file - Module 'entry' target 'default' build option initialized
[2026-05-08T21:22:43.274] [DEBUG] debug-file - End initialize module-target build option map, moduleName=entry
[2026-05-08T21:22:43.274] [DEBUG] debug-file - Start initialize module-target build option map, moduleName=entry, buildMode=debug
[2026-05-08T21:22:43.275] [DEBUG] debug-file - Target 'default' config initialized
[2026-05-08T21:22:43.276] [DEBUG] debug-file - Module 'entry' target 'default' build option initialized
[2026-05-08T21:22:43.276] [DEBUG] debug-file - End initialize module-target build option map, moduleName=entry
[2026-05-08T21:22:43.276] [DEBUG] debug-file - Obtain build option for module 'entry' target 'default'in this build.
[2026-05-08T21:22:43.279] [DEBUG] debug-file - Module entry task initialization takes 3 ms 
[2026-05-08T21:22:43.279] [DEBUG] debug-file - Hap plugin register hook start...
[2026-05-08T21:22:43.279] [DEBUG] debug-file - Hap plugin register hook end...
[2026-05-08T21:22:43.280] [DEBUG] debug-file - Plugin build process completed
[2026-05-08T21:22:43.280] [DEBUG] debug-file - hvigorfile, resolve finished /Users/jordanzt/Work/Projects/opencalc-harmonyos/entry/hvigorfile.ts
[2026-05-08T21:22:43.410] [DEBUG] debug-file - hvigorfile, resolve hvigorfile dependencies in 131 ms 
[2026-05-08T21:22:43.410] [DEBUG] debug-file - project has submodules:entry
[2026-05-08T21:22:43.412] [DEBUG] debug-file - start to load updatedOhPackageInfo to the disk
[2026-05-08T21:22:43.415] [DEBUG] debug-file - load to the disk finished
[2026-05-08T21:22:43.415] [DEBUG] debug-file - Start to initialize dependency information.
[2026-05-08T21:22:43.417] [DEBUG] debug-file - Module opencalc-harmonyos Collected Dependency: 
[2026-05-08T21:22:43.418] [DEBUG] debug-file - Module opencalc-harmonyos's total dependency: 0
[2026-05-08T21:22:43.418] [DEBUG] debug-file - Start to initialize dependency information.
[2026-05-08T21:22:43.419] [DEBUG] debug-file - Module entry Collected Dependency: 
[2026-05-08T21:22:43.419] [DEBUG] debug-file - Module entry's total dependency: 0
[2026-05-08T21:22:43.420] [DEBUG] debug-file - Configuration phase cost:234 ms 
[2026-05-08T21:22:43.422] [DEBUG] debug-file - Configuration task cost before running: 247 ms 
[2026-05-08T21:22:43.425] [DEBUG] debug-file - Executing task :entry:default@PreBuild
[2026-05-08T21:22:43.426] [DEBUG] debug-file - Task 'entry:default@PreBuild' cost while wrapping incremental declarations: 1 ms 
[2026-05-08T21:22:43.429] [DEBUG] debug-file - Incremental task entry:default@PreBuild pre-execution cost: 3 ms .
[2026-05-08T21:22:43.429] [DEBUG] debug-file - entry : default@PreBuild cost memory 0.22711181640625
[2026-05-08T21:22:43.430] [INFO] debug-file - UP-TO-DATE :entry:default@PreBuild...  
[2026-05-08T21:22:43.431] [DEBUG] debug-file - Executing task :entry:default@CreateModuleInfo
[2026-05-08T21:22:43.431] [DEBUG] debug-file - Task 'entry:default@CreateModuleInfo' cost while wrapping incremental declarations: 1 ms 
[2026-05-08T21:22:43.432] [DEBUG] debug-file - entry : default@CreateModuleInfo cost memory 0.042694091796875
[2026-05-08T21:22:43.432] [DEBUG] debug-file - runTaskFromQueue task cost before running: 257 ms 
[2026-05-08T21:22:43.432] [INFO] debug-file - Finished :entry:default@CreateModuleInfo... after 1 ms 
[2026-05-08T21:22:43.434] [DEBUG] debug-file - Executing task :entry:default@GenerateMetadata
[2026-05-08T21:22:43.434] [DEBUG] debug-file - Task 'entry:default@GenerateMetadata' cost while wrapping incremental declarations: 1 ms 
[2026-05-08T21:22:43.435] [DEBUG] debug-file - Incremental task entry:default@GenerateMetadata pre-execution cost: 1 ms .
[2026-05-08T21:22:43.436] [DEBUG] debug-file - entry : default@GenerateMetadata cost memory 0.07279205322265625
[2026-05-08T21:22:43.436] [INFO] debug-file - UP-TO-DATE :entry:default@GenerateMetadata...  
[2026-05-08T21:22:43.437] [DEBUG] debug-file - Executing task :entry:default@ConfigureCmake
[2026-05-08T21:22:43.437] [DEBUG] debug-file - entry : default@ConfigureCmake cost memory 0.0145263671875
[2026-05-08T21:22:43.437] [DEBUG] debug-file - runTaskFromQueue task cost before running: 262 ms 
[2026-05-08T21:22:43.437] [INFO] debug-file - Finished :entry:default@ConfigureCmake... after 1 ms 
[2026-05-08T21:22:43.438] [DEBUG] debug-file - Executing task :entry:default@MergeProfile
[2026-05-08T21:22:43.438] [DEBUG] debug-file - Task 'entry:default@MergeProfile' cost while wrapping incremental declarations: 1 ms 
[2026-05-08T21:22:43.440] [DEBUG] debug-file - Incremental task entry:default@MergeProfile pre-execution cost: 2 ms .
[2026-05-08T21:22:43.440] [DEBUG] debug-file - entry : default@MergeProfile cost memory 0.1234130859375
[2026-05-08T21:22:43.440] [INFO] debug-file - UP-TO-DATE :entry:default@MergeProfile...  
[2026-05-08T21:22:43.441] [DEBUG] debug-file - Executing task :entry:default@CreateBuildProfile
[2026-05-08T21:22:43.441] [DEBUG] debug-file - Task 'entry:default@CreateBuildProfile' cost while wrapping incremental declarations: 1 ms 
[2026-05-08T21:22:43.442] [DEBUG] debug-file - Incremental task entry:default@CreateBuildProfile pre-execution cost: 1 ms .
[2026-05-08T21:22:43.442] [DEBUG] debug-file - entry : default@CreateBuildProfile cost memory 0.09165191650390625
[2026-05-08T21:22:43.443] [INFO] debug-file - UP-TO-DATE :entry:default@CreateBuildProfile...  
[2026-05-08T21:22:43.444] [DEBUG] debug-file - Executing task :entry:default@PreCheckSyscap
[2026-05-08T21:22:43.444] [DEBUG] debug-file - entry : default@PreCheckSyscap cost memory 0.01474761962890625
[2026-05-08T21:22:43.444] [DEBUG] debug-file - runTaskFromQueue task cost before running: 269 ms 
[2026-05-08T21:22:43.444] [INFO] debug-file - Finished :entry:default@PreCheckSyscap... after 1 ms 
[2026-05-08T21:22:43.445] [DEBUG] debug-file - Executing task :entry:default@GeneratePkgContextInfo
[2026-05-08T21:22:43.448] [DEBUG] debug-file - Task 'entry:default@GeneratePkgContextInfo' cost while wrapping incremental declarations: 1 ms 
[2026-05-08T21:22:43.448] [DEBUG] debug-file - entry : default@GeneratePkgContextInfo cost memory 0.39838409423828125
[2026-05-08T21:22:43.448] [DEBUG] debug-file - runTaskFromQueue task cost before running: 273 ms 
[2026-05-08T21:22:43.448] [INFO] debug-file - Finished :entry:default@GeneratePkgContextInfo... after 3 ms 
[2026-05-08T21:22:43.449] [DEBUG] debug-file - Executing task :entry:default@GeneratePkgSdkInfo
[2026-05-08T21:22:43.450] [DEBUG] debug-file - Task 'entry:default@GeneratePkgSdkInfo' cost while wrapping incremental declarations: 1 ms 
[2026-05-08T21:22:43.450] [DEBUG] debug-file - Incremental task entry:default@GeneratePkgSdkInfo pre-execution cost: 1 ms .
[2026-05-08T21:22:43.451] [DEBUG] debug-file - entry : default@GeneratePkgSdkInfo cost memory 0.1237335205078125
[2026-05-08T21:22:43.451] [INFO] debug-file - UP-TO-DATE :entry:default@GeneratePkgSdkInfo...  
[2026-05-08T21:22:43.452] [DEBUG] debug-file - Executing task :entry:default@ProcessIntegratedHsp
[2026-05-08T21:22:43.453] [DEBUG] debug-file - entry:default@ProcessIntegratedHsp is not up-to-date, since the output file '/Users/jordanzt/Work/Projects/opencalc-harmonyos/build/cache/default/integrated_hsp/integratedHspCache.json' does not exist.
[2026-05-08T21:22:43.453] [DEBUG] debug-file - Incremental task entry:default@ProcessIntegratedHsp pre-execution cost: 1 ms .
[2026-05-08T21:22:43.453] [DEBUG] debug-file - entry : default@ProcessIntegratedHsp cost memory 0.05667877197265625
[2026-05-08T21:22:43.453] [DEBUG] debug-file - runTaskFromQueue task cost before running: 278 ms 
[2026-05-08T21:22:43.453] [INFO] debug-file - Finished :entry:default@ProcessIntegratedHsp... after 1 ms 
[2026-05-08T21:22:43.455] [DEBUG] debug-file - Executing task :entry:default@BuildNativeWithCmake
[2026-05-08T21:22:43.455] [DEBUG] debug-file - entry : default@BuildNativeWithCmake cost memory 0.01703643798828125
[2026-05-08T21:22:43.455] [DEBUG] debug-file - runTaskFromQueue task cost before running: 280 ms 
[2026-05-08T21:22:43.455] [INFO] debug-file - Finished :entry:default@BuildNativeWithCmake... after 1 ms 
[2026-05-08T21:22:43.456] [DEBUG] debug-file - Executing task :entry:default@MakePackInfo
[2026-05-08T21:22:43.457] [DEBUG] debug-file - Incremental task entry:default@MakePackInfo pre-execution cost: 1 ms .
[2026-05-08T21:22:43.457] [DEBUG] debug-file - entry : default@MakePackInfo cost memory 0.0900421142578125
[2026-05-08T21:22:43.458] [INFO] debug-file - UP-TO-DATE :entry:default@MakePackInfo...  
[2026-05-08T21:22:43.458] [DEBUG] debug-file - Executing task :entry:default@SyscapTransform
[2026-05-08T21:22:43.459] [DEBUG] debug-file - File: '/Users/jordanzt/Work/Projects/opencalc-harmonyos/entry/src/main/syscap.json' from 'sysCapJsonPath' is not exists, just ignore.
[2026-05-08T21:22:43.459] [DEBUG] debug-file - Task 'entry:default@SyscapTransform' cost while wrapping incremental declarations: 1 ms 
[2026-05-08T21:22:43.461] [DEBUG] debug-file - entry:default@SyscapTransform is not up-to-date, since the output file '/Users/jordanzt/Work/Projects/opencalc-harmonyos/entry/build/default/intermediates/syscap/default/rpcid.sc' does not exist.
[2026-05-08T21:22:43.461] [DEBUG] debug-file - Incremental task entry:default@SyscapTransform pre-execution cost: 3 ms .
[2026-05-08T21:22:43.466] [DEBUG] debug-file - entry : default@SyscapTransform cost memory -3.5960464477539062
[2026-05-08T21:22:43.466] [DEBUG] debug-file - runTaskFromQueue task cost before running: 292 ms 
[2026-05-08T21:22:43.467] [INFO] debug-file - Finished :entry:default@SyscapTransform... after 8 ms 
[2026-05-08T21:22:43.468] [DEBUG] debug-file - Executing task :entry:default@ProcessProfile
[2026-05-08T21:22:43.469] [DEBUG] debug-file - Task 'entry:default@ProcessProfile' cost while wrapping incremental declarations: 1 ms 
[2026-05-08T21:22:43.469] [DEBUG] debug-file - Incremental task entry:default@ProcessProfile pre-execution cost: 1 ms .
[2026-05-08T21:22:43.469] [DEBUG] debug-file - entry : default@ProcessProfile cost memory 0.12227630615234375
[2026-05-08T21:22:43.470] [INFO] debug-file - UP-TO-DATE :entry:default@ProcessProfile...  
[2026-05-08T21:22:43.471] [DEBUG] debug-file - Executing task :entry:default@ProcessRouterMap
[2026-05-08T21:22:43.473] [DEBUG] debug-file - Incremental task entry:default@ProcessRouterMap pre-execution cost: 2 ms .
[2026-05-08T21:22:43.473] [DEBUG] debug-file - entry : default@ProcessRouterMap cost memory 0.10781097412109375
[2026-05-08T21:22:43.474] [INFO] debug-file - UP-TO-DATE :entry:default@ProcessRouterMap...  
[2026-05-08T21:22:43.475] [DEBUG] debug-file - Executing task :entry:default@ProcessShareConfig
[2026-05-08T21:22:43.476] [DEBUG] debug-file - Incremental task entry:default@ProcessShareConfig pre-execution cost: 1 ms .
[2026-05-08T21:22:43.477] [DEBUG] debug-file - entry : default@ProcessShareConfig cost memory 0.08704376220703125
[2026-05-08T21:22:43.477] [INFO] debug-file - UP-TO-DATE :entry:default@ProcessShareConfig...  
[2026-05-08T21:22:43.478] [DEBUG] debug-file - Executing task :entry:default@ProcessStartupConfig
[2026-05-08T21:22:43.478] [DEBUG] debug-file - Task 'entry:default@ProcessStartupConfig' cost while wrapping incremental declarations: 1 ms 
[2026-05-08T21:22:43.479] [DEBUG] debug-file - entry:default@ProcessStartupConfig is not up-to-date, since the output file '/Users/jordanzt/Work/Projects/opencalc-harmonyos/entry/build/default/intermediates/startup/default/startup_config.json' does not exist.
[2026-05-08T21:22:43.479] [DEBUG] debug-file - Incremental task entry:default@ProcessStartupConfig pre-execution cost: 1 ms .
[2026-05-08T21:22:43.479] [DEBUG] debug-file - entry : default@ProcessStartupConfig cost memory 0.091552734375
[2026-05-08T21:22:43.479] [DEBUG] debug-file - runTaskFromQueue task cost before running: 304 ms 
[2026-05-08T21:22:43.480] [INFO] debug-file - Finished :entry:default@ProcessStartupConfig... after 2 ms 
[2026-05-08T21:22:43.481] [DEBUG] debug-file - Executing task :entry:default@BuildNativeWithNinja
[2026-05-08T21:22:43.482] [DEBUG] debug-file - entry : default@BuildNativeWithNinja cost memory 0.023529052734375
[2026-05-08T21:22:43.482] [DEBUG] debug-file - runTaskFromQueue task cost before running: 307 ms 
[2026-05-08T21:22:43.483] [INFO] debug-file - Finished :entry:default@BuildNativeWithNinja... after 1 ms 
[2026-05-08T21:22:43.483] [DEBUG] debug-file - restool module names: entry; moduleName=entry, taskName=default@ProcessResource
[2026-05-08T21:22:43.486] [DEBUG] debug-file - Executing task :entry:default@ProcessResource
[2026-05-08T21:22:43.486] [DEBUG] debug-file - Task 'entry:default@ProcessResource' cost while wrapping incremental declarations: 1 ms 
[2026-05-08T21:22:43.488] [DEBUG] debug-file - Incremental task entry:default@ProcessResource pre-execution cost: 2 ms .
[2026-05-08T21:22:43.489] [DEBUG] debug-file - entry : default@ProcessResource cost memory 0.13120269775390625
[2026-05-08T21:22:43.490] [INFO] debug-file - UP-TO-DATE :entry:default@ProcessResource...  
[2026-05-08T21:22:43.492] [DEBUG] debug-file - Executing task :entry:default@GenerateLoaderJson
[2026-05-08T21:22:43.492] [DEBUG] debug-file - Task 'entry:default@GenerateLoaderJson' cost while wrapping incremental declarations: 1 ms 
[2026-05-08T21:22:43.496] [DEBUG] debug-file - Incremental task entry:default@GenerateLoaderJson pre-execution cost: 3 ms .
[2026-05-08T21:22:43.497] [DEBUG] debug-file - entry : default@GenerateLoaderJson cost memory 0.268341064453125
[2026-05-08T21:22:43.498] [INFO] debug-file - UP-TO-DATE :entry:default@GenerateLoaderJson...  
[2026-05-08T21:22:43.500] [DEBUG] debug-file - Executing task :entry:default@ProcessLibs
[2026-05-08T21:22:43.501] [DEBUG] debug-file - Incremental task entry:default@ProcessLibs pre-execution cost: 1 ms .
[2026-05-08T21:22:43.501] [DEBUG] debug-file - entry : default@ProcessLibs cost memory 0.08221435546875
[2026-05-08T21:22:43.501] [INFO] debug-file - UP-TO-DATE :entry:default@ProcessLibs...  
[2026-05-08T21:22:43.502] [DEBUG] debug-file - restool module names: entry; moduleName=entry, taskName=default@CompileResource
[2026-05-08T21:22:43.503] [DEBUG] debug-file - Executing task :entry:default@CompileResource
[2026-05-08T21:22:43.510] [DEBUG] debug-file - Incremental task entry:default@CompileResource pre-execution cost: 5 ms .
[2026-05-08T21:22:43.510] [DEBUG] debug-file - entry : default@CompileResource cost memory 0.28559112548828125
[2026-05-08T21:22:43.511] [INFO] debug-file - UP-TO-DATE :entry:default@CompileResource...  
[2026-05-08T21:22:43.512] [DEBUG] debug-file - Executing task :entry:default@DoNativeStrip
[2026-05-08T21:22:43.512] [DEBUG] debug-file - File: '/Users/jordanzt/Work/Projects/opencalc-harmonyos/entry/build/default/intermediates/binxo/default' from 'doBinxoNativeLibs' is not exists, just ignore.
[2026-05-08T21:22:43.512] [DEBUG] debug-file - Task 'entry:default@DoNativeStrip' cost while wrapping incremental declarations: 1 ms 
[2026-05-08T21:22:43.513] [DEBUG] debug-file - Incremental task entry:default@DoNativeStrip pre-execution cost: 1 ms .
[2026-05-08T21:22:43.513] [DEBUG] debug-file - entry : default@DoNativeStrip cost memory 0.0761871337890625
[2026-05-08T21:22:43.513] [INFO] debug-file - UP-TO-DATE :entry:default@DoNativeStrip...  
[2026-05-08T21:22:43.515] [DEBUG] debug-file - Executing task :entry:default@CompileArkTS
[2026-05-08T21:22:43.515] [DEBUG] debug-file - obfuscationOptions: undefined
[2026-05-08T21:22:43.516] [DEBUG] debug-file - Task 'entry:default@CompileArkTS' cost while wrapping incremental declarations: 1 ms 
[2026-05-08T21:22:43.521] [DEBUG] debug-file - entry:default@CompileArkTS is not up-to-date, since the input file '/Users/jordanzt/Work/Projects/opencalc-harmonyos/entry/src/main/ets' has been changed.
[2026-05-08T21:22:43.522] [DEBUG] debug-file - Incremental task entry:default@CompileArkTS pre-execution cost: 5 ms .
[2026-05-08T21:22:43.531] [DEBUG] debug-file - build config:
[2026-05-08T21:22:43.532] [DEBUG] debug-file - {
  moduleType: 'entry',
  perf: 0,
  targetName: '.default',
  packageManagerType: 'ohpm',
  localPropertiesPath: '/Users/jordanzt/Work/Projects/opencalc-harmonyos/local.properties',
  isPreview: false,
  isOhosTest: false,
  isLocalTest: false,
  buildMode: 'Debug',
  hotReloadBuild: undefined,
  watchMode: 'false',
  aceProfilePath: '/Users/jordanzt/Work/Projects/opencalc-harmonyos/entry/build/default/intermediates/res/default/resources/base/profile',
  etsLoaderPath: '/Applications/DevEco-Studio.app/Contents/sdk/default/openharmony/ets/build-tools/ets-loader',
  modulePath: '/Users/jordanzt/Work/Projects/opencalc-harmonyos/entry',
  testFrameworkPar: {
    testMode: undefined,
    coveragePathFilter: undefined,
    coverageMode: undefined
  },
  needCoverageInsert: false,
  debugLine: false,
  projectTopDir: '/Users/jordanzt/Work/Projects/opencalc-harmonyos',
  compileSdkVersion: 23,
  compatibleSdkVersion: 12,
  originCompatibleSdkVersion: '5.0.0(12)',
  compatibleSdkVersionStage: 'beta1',
  bundleName: 'c***r',
  etsLoaderVersion: '6.1.0.105',
  etsLoaderReleaseType: 'Release',
  aotCompileMode: 'type',
  apPath: '/Users/jordanzt/Work/Projects/opencalc-harmonyos/entry/modules.ap',
  entryModuleName: 'entry',
  entryModuleVersion: '1.0.0',
  entryPackageName: 'entry',
  allModuleNameHash: '6671a194f23c271af8c958055775f1e8fca00d4e2e30f4305728b40b020624b2',
  externalApiPaths: [ '/Applications/DevEco-Studio.app/Contents/sdk/default/hms/ets' ],
  compilerTypes: [],
  isCrossplatform: false,
  hvigorPluginFile: undefined,
  compilePluginPath: undefined,
  buildGeneratedProfilePath: '/Users/jordanzt/Work/Projects/opencalc-harmonyos/entry/build/default/generated/profile/default',
  bundleType: 'app',
  arkTSVersion: undefined,
  apiVersion: 23,
  needCompleteSourcesMap: false,
  isFaMode: false,
  buildDir: '/Users/jordanzt/Work/Projects/opencalc-harmonyos/entry/build',
  deviceTypes: [ 'phone', 'tablet' ],
  pkgContextInfo: undefined,
  ohPackagePathMap: {},
  dependencyAliasMap: {},
  permission: { requestPermissions: [ [Object] ], definePermissions: undefined },
  useGetCurrentBundleName: false,
  projectArkOption: undefined,
  sourceMapDir: undefined,
  branchElimination: false,
  transformLib: undefined,
  tsImportSendable: false,
  resolveConflictMode: true,
  depName2RootPath: {},
  depName2DepInfo: {},
  depName2OhExports: {},
  rootPathSet: [ '/Users/jordanzt/Work/Projects/opencalc-harmonyos' ],
  useNativeResolver: true,
  shouldEmitJs: true,
  useTscResolve: false,
  singleFileEmit: false,
  userProjectConfig: {
    autoLazyImport: false,
    allowEmptyBundleName: false,
    reExportCheckMode: 'noCheck',
    executionMode: 'memory',
    usePathPlaceholder: false,
    writeRollupCache: true,
    isExpandImportEnabled: false,
    expandImportExclude: '',
    lazyImportExclude: '',
    lazyImportInclude: '',
    ignoreCrossplatformCheck: false,
    isHarDeduplicateEnabled: false,
    skipOhModulesLint: false,
    enableStrictCheckOHModule: false,
    disableSendableCheckRules: [],
    useDeclarationFileSignature: false,
    customizedOptions: undefined,
    integratedHsp: false,
    isPreloadSoEnabled: false
  },
  executionMode: 'memory',
  arkCompileCachePath: '/Users/jordanzt/Work/Projects/opencalc-harmonyos/entry/build/default/cache/default/default@CompileArkTS/esmodule',
  autoLazyFilter: undefined,
  isHarDeduplicateEnabled: false,
  intermediateHarDuplicateDirPath: '/Users/jordanzt/Work/Projects/opencalc-harmonyos/entry/build/default/intermediates/har_duplicate/default',
  autoLazyImport: false,
  allowEmptyBundleName: false,
  reExportCheckMode: 'noCheck',
  usePathPlaceholder: false,
  writeRollupCache: true,
  isExpandImportEnabled: false,
  expandImportExclude: '',
  lazyImportExclude: '',
  lazyImportInclude: '',
  ignoreCrossplatformCheck: false,
  skipOhModulesLint: false,
  enableStrictCheckOHModule: false,
  disableSendableCheckRules: [],
  useDeclarationFileSignature: false,
  customizedOptions: undefined,
  integratedHsp: false,
  isPreloadSoEnabled: false,
  strictMode: undefined,
  useNormalizedOHMUrl: false,
  caseSensitiveCheck: false,
  aceModuleJsonPath: '/Users/jordanzt/Work/Projects/opencalc-harmonyos/entry/build/default/intermediates/res/default/ark_module.json',
  appResource: '/Users/jordanzt/Work/Projects/opencalc-harmonyos/entry/build/default/intermediates/res/default/ResourceTable.txt',
  rawFileResource: '/Users/jordanzt/Work/Projects/opencalc-harmonyos/entry/build/default/intermediates/res/default/resources/rawfile',
  resourceTableHash: '15a61ac8d9e6adf561b61d3e27a374d205464ba7d77ce5a6c1be29eb60539798',
  runtimeOS: 'HarmonyOS',
  sdkInfo: 'false:23:6.1.0.105:Release',
  aceModuleRoot: '/Users/jordanzt/Work/Projects/opencalc-harmonyos/entry/src/main/ets',
  compileMode: 'esmodule',
  aceSuperVisualPath: '/Users/jordanzt/Work/Projects/opencalc-harmonyos/entry/src/main/supervisual',
  aceBuildJson: '/Users/jordanzt/Work/Projects/opencalc-harmonyos/entry/build/default/intermediates/loader/default/loader.json',
  cachePath: '/Users/jordanzt/Work/Projects/opencalc-harmonyos/entry/build/default/cache/default/default@CompileArkTS/esmodule/debug',
  aceModuleBuild: '/Users/jordanzt/Work/Projects/opencalc-harmonyos/entry/build/default/intermediates/loader_out/default/ets',
  supportChunks: true,
  declaredFilesPath: undefined,
  shouldCollectDirectImportees: false,
  isByteCodeHarOptimize: false,
  expandImportPath: undefined,
  resourceTableTs: '/Users/jordanzt/Work/Projects/opencalc-harmonyos/entry/build/default/generated/r/default/ResourceTable.ts',
  moduleMetaInfoFiles: [
    {
      filePath: '/Users/jordanzt/Work/Projects/opencalc-harmonyos/entry/build/default/generated/r/default/ResourceTable.ts',
      ohmurl: 'com.darkempire78.opencalculator/entry/build/generated/r/ResourceTable'
    }
  ],
  pkgNameToPkgBriefInfo: {
    entry: {
      pkgRoot: '/Users/jordanzt/Work/Projects/opencalc-harmonyos/entry',
      originalSourceRoots: undefined,
      sourceRoots: [Array],
      pkgName: 'entry'
    }
  },
  projectModel: {
    '/Users/jordanzt/Work/Projects/opencalc-harmonyos/entry/src/main': {
      moduleName: 'entry',
      modulePkgPath: '/Users/jordanzt/Work/Projects/opencalc-harmonyos/entry',
      belongProjectPath: '/Users/jordanzt/Work/Projects/opencalc-harmonyos'
    },
    '/Users/jordanzt/Work/Projects/opencalc-harmonyos/entry': {
      moduleName: 'entry',
      modulePkgPath: '/Users/jordanzt/Work/Projects/opencalc-harmonyos/entry',
      belongProjectPath: '/Users/jordanzt/Work/Projects/opencalc-harmonyos'
    },
    '/Users/jordanzt/Work/Projects/opencalc-harmonyos': {
      moduleName: 'opencalc-harmonyos',
      modulePkgPath: '/Users/jordanzt/Work/Projects/opencalc-harmonyos',
      belongProjectPath: '/Users/jordanzt/Work/Projects/opencalc-harmonyos'
    }
  },
  pkgJsonFileHash: '9598d6ed3debbacd1532769d4ef187be335bd6b4f7ea12b707b184fd0505ba47',
  allModulePaths: [ '/Users/jordanzt/Work/Projects/opencalc-harmonyos/entry' ],
  routerMap: {},
  obfuscationOptions: undefined,
  byteCodeHarToDependencyKeys: undefined,
  compileBlockPkg: [],
  mockParams: {
    decorator: '@MockSetup',
    packageName: '@ohos/hamock',
    etsSourceRootPath: 'src/main/ets',
    mockConfigPath: undefined,
    mockConfigKey2ModuleInfo: {},
    source2ModuleIdMap: {}
  },
  copyCodeResourceEnable: true,
  copyCodeResourceExcludes: [],
  copyCodeResourceIncludes: undefined,
  uiTransformOptimization: false,
  sdkPath: '/Applications/DevEco-Studio.app/Contents/sdk',
  needPreloadSoFileSet: {},
  preloadSoFilePath: '/Users/jordanzt/Work/Projects/opencalc-harmonyos/entry/build/default/intermediates/preload/default/preload.json',
  useSourceHash: false,
  localModuleParamMap: {},
  otherPaths: {
    'entry/*': [ '../*', '../../../build/default/generated/profile/default/*' ]
  },
  collectImportersConfig: undefined
}
[2026-05-08T21:22:43.533] [DEBUG] debug-file - Compile arkts with external api path: /Applications/DevEco-Studio.app/Contents/sdk/default/hms/ets
[2026-05-08T21:22:43.534] [DEBUG] debug-file - default@CompileArkTS work[13] is submitted.
[2026-05-08T21:22:43.534] [DEBUG] debug-file - default@CompileArkTS work[13] is pushed to ready queue.
[2026-05-08T21:22:43.534] [DEBUG] debug-file - A work dispatched to worker[3] failed because unable to get work from ready queue.
[2026-05-08T21:22:43.535] [DEBUG] debug-file - default@CompileArkTS work[13] has been dispatched to worker[2].
[2026-05-08T21:22:43.535] [DEBUG] debug-file - default@CompileArkTS work[13] is dispatched.
[2026-05-08T21:22:43.535] [DEBUG] debug-file - CopyResources startTime: 223967046806856
[2026-05-08T21:22:43.535] [DEBUG] debug-file - default@CompileArkTS work[14] is submitted.
[2026-05-08T21:22:43.535] [DEBUG] debug-file - default@CompileArkTS work[14] is pushed to ready queue.
[2026-05-08T21:22:43.535] [DEBUG] debug-file - A work dispatched to worker[3] failed because unable to get work from ready queue.
[2026-05-08T21:22:43.535] [DEBUG] debug-file - A work dispatched to worker[2] failed because of worker busy.
[2026-05-08T21:22:43.535] [DEBUG] debug-file - Create  resident worker with id: 1.
[2026-05-08T21:22:43.537] [DEBUG] debug-file - default@CompileArkTS work[14] has been dispatched to worker[1].
[2026-05-08T21:22:43.537] [DEBUG] debug-file - default@CompileArkTS work[14] is dispatched.
[2026-05-08T21:22:43.537] [DEBUG] debug-file - entry : default@CompileArkTS cost memory 1.1598739624023438
[2026-05-08T21:22:43.540] [DEBUG] debug-file - Executing task :entry:default@BuildJS
[2026-05-08T21:22:43.541] [DEBUG] debug-file - Task 'entry:default@BuildJS' cost while wrapping incremental declarations: 1 ms 
[2026-05-08T21:22:43.542] [DEBUG] debug-file - entry : default@BuildJS cost memory 0.11209869384765625
[2026-05-08T21:22:43.542] [DEBUG] debug-file - runTaskFromQueue task cost before running: 367 ms 
[2026-05-08T21:22:43.543] [INFO] debug-file - Finished :entry:default@BuildJS... after 3 ms 
[2026-05-08T21:22:43.544] [DEBUG] debug-file - Executing task :entry:default@CacheNativeLibs
[2026-05-08T21:22:43.544] [DEBUG] debug-file - File: '/Users/jordanzt/Work/Projects/opencalc-harmonyos/entry/build/default/intermediates/binxo/default' from 'cacheBinxoNativeLibs' is not exists, just ignore.
[2026-05-08T21:22:43.545] [DEBUG] debug-file - Task 'entry:default@CacheNativeLibs' cost while wrapping incremental declarations: 1 ms 
[2026-05-08T21:22:43.546] [DEBUG] debug-file - Incremental task entry:default@CacheNativeLibs pre-execution cost: 1 ms .
[2026-05-08T21:22:43.546] [DEBUG] debug-file - entry : default@CacheNativeLibs cost memory 0.09075164794921875
[2026-05-08T21:22:43.546] [INFO] debug-file - UP-TO-DATE :entry:default@CacheNativeLibs...  
[2026-05-08T21:22:45.210] [DEBUG] debug-file - worker[1] has one work done.
[2026-05-08T21:22:45.210] [DEBUG] debug-file - CopyResources is end, endTime: 223968722226516
[2026-05-08T21:22:45.211] [DEBUG] debug-file - default@CompileArkTS work[14] done.
[2026-05-08T21:22:45.212] [DEBUG] debug-file - A work dispatched to worker[1] failed because unable to get work from ready queue.
[2026-05-08T21:22:48.590] [WARN] debug-file - [33mWARN: [33m[33mArkTS:WARN File: /Users/jordanzt/Work/Projects/opencalc-harmonyos/entry/src/main/ets/pages/Index.ets:7:5
 Function may throw exceptions. Special handling is required.
[39m[39m
[33mWARN: [33m[33mArkTS:WARN File: /Users/jordanzt/Work/Projects/opencalc-harmonyos/entry/src/main/ets/pages/Index.ets:7:12
 'replaceUrl' has been deprecated.
[39m[39m
[33mWARN: [33m[33mArkTS:WARN File: /Users/jordanzt/Work/Projects/opencalc-harmonyos/entry/src/main/ets/preferences/PreferencesStore.ets:33:24
 Function may throw exceptions. Special handling is required.
[39m[39m
[33mWARN: [33m[33mArkTS:WARN File: /Users/jordanzt/Work/Projects/opencalc-harmonyos/entry/src/main/ets/preferences/PreferencesStore.ets:41:18
 Function may throw exceptions. Special handling is required.
[39m[39m
[33mWARN: [33m[33mArkTS:WARN File: /Users/jordanzt/Work/Projects/opencalc-harmonyos/entry/src/main/ets/preferences/PreferencesStore.ets:47:11
 Function may throw exceptions. Special handling is required.
[39m[39m
[33mWARN: [33m[33mArkTS:WARN File: /Users/jordanzt/Work/Projects/opencalc-harmonyos/entry/src/main/ets/preferences/PreferencesStore.ets:48:11
 Function may throw exceptions. Special handling is required.
[39m[39m
[33mWARN: [33m[33mArkTS:WARN File: /Users/jordanzt/Work/Projects/opencalc-harmonyos/entry/src/main/ets/preferences/PreferencesStore.ets:54:18
 Function may throw exceptions. Special handling is required.
[39m[39m
[33mWARN: [33m[33mArkTS:WARN File: /Users/jordanzt/Work/Projects/opencalc-harmonyos/entry/src/main/ets/preferences/PreferencesStore.ets:60:11
 Function may throw exceptions. Special handling is required.
[39m[39m
[33mWARN: [33m[33mArkTS:WARN File: /Users/jordanzt/Work/Projects/opencalc-harmonyos/entry/src/main/ets/preferences/PreferencesStore.ets:61:11
 Function may throw exceptions. Special handling is required.
[39m[39m
[33mWARN: [33m[33mArkTS:WARN File: /Users/jordanzt/Work/Projects/opencalc-harmonyos/entry/src/main/ets/preferences/PreferencesStore.ets:69:18
 Function may throw exceptions. Special handling is required.
[39m[39m
[33mWARN: [33m[33mArkTS:WARN File: /Users/jordanzt/Work/Projects/opencalc-harmonyos/entry/src/main/ets/preferences/PreferencesStore.ets:75:11
 Function may throw exceptions. Special handling is required.
[39m[39m
[33mWARN: [33m[33mArkTS:WARN File: /Users/jordanzt/Work/Projects/opencalc-harmonyos/entry/src/main/ets/preferences/PreferencesStore.ets:76:11
 Function may throw exceptions. Special handling is required.
[39m[39m
[33mWARN: [33m[33mArkTS:WARN File: /Users/jordanzt/Work/Projects/opencalc-harmonyos/entry/src/main/ets/preferences/PreferencesStore.ets:84:18
 Function may throw exceptions. Special handling is required.
[39m[39m
[33mWARN: [33m[33mArkTS:WARN File: /Users/jordanzt/Work/Projects/opencalc-harmonyos/entry/src/main/ets/preferences/PreferencesStore.ets:90:11
 Function may throw exceptions. Special handling is required.
[39m[39m
[33mWARN: [33m[33mArkTS:WARN File: /Users/jordanzt/Work/Projects/opencalc-harmonyos/entry/src/main/ets/preferences/PreferencesStore.ets:91:11
 Function may throw exceptions. Special handling is required.
[39m[39m
[33mWARN: [33m[33mArkTS:WARN File: /Users/jordanzt/Work/Projects/opencalc-harmonyos/entry/src/main/ets/preferences/PreferencesStore.ets:99:18
 Function may throw exceptions. Special handling is required.
[39m[39m
[33mWARN: [33m[33mArkTS:WARN File: /Users/jordanzt/Work/Projects/opencalc-harmonyos/entry/src/main/ets/preferences/PreferencesStore.ets:105:11
 Function may throw exceptions. Special handling is required.
[39m[39m
[33mWARN: [33m[33mArkTS:WARN File: /Users/jordanzt/Work/Projects/opencalc-harmonyos/entry/src/main/ets/preferences/PreferencesStore.ets:106:11
 Function may throw exceptions. Special handling is required.
[39m[39m
[33mWARN: [33m[33mArkTS:WARN File: /Users/jordanzt/Work/Projects/opencalc-harmonyos/entry/src/main/ets/preferences/PreferencesStore.ets:115:32
 Function may throw exceptions. Special handling is required.
[39m[39m
[33mWARN: [33m[33mArkTS:WARN File: /Users/jordanzt/Work/Projects/opencalc-harmonyos/entry/src/main/ets/preferences/PreferencesStore.ets:131:11
 Function may throw exceptions. Special handling is required.
[39m[39m
[33mWARN: [33m[33mArkTS:WARN File: /Users/jordanzt/Work/Projects/opencalc-harmonyos/entry/src/main/ets/preferences/PreferencesStore.ets:132:11
 Function may throw exceptions. Special handling is required.
[39m[39m
[33mWARN: [33m[33mArkTS:WARN File: /Users/jordanzt/Work/Projects/opencalc-harmonyos/entry/src/main/ets/preferences/PreferencesStore.ets:140:18
 Function may throw exceptions. Special handling is required.
[39m[39m
[33mWARN: [33m[33mArkTS:WARN File: /Users/jordanzt/Work/Projects/opencalc-harmonyos/entry/src/main/ets/preferences/PreferencesStore.ets:146:11
 Function may throw exceptions. Special handling is required.
[39m[39m
[33mWARN: [33m[33mArkTS:WARN File: /Users/jordanzt/Work/Projects/opencalc-harmonyos/entry/src/main/ets/preferences/PreferencesStore.ets:147:11
 Function may throw exceptions. Special handling is required.
[39m[39m
[33mWARN: [33m[33mArkTS:WARN File: /Users/jordanzt/Work/Projects/opencalc-harmonyos/entry/src/main/ets/preferences/PreferencesStore.ets:155:18
 Function may throw exceptions. Special handling is required.
[39m[39m
[33mWARN: [33m[33mArkTS:WARN File: /Users/jordanzt/Work/Projects/opencalc-harmonyos/entry/src/main/ets/preferences/PreferencesStore.ets:161:11
 Function may throw exceptions. Special handling is required.
[39m[39m
[33mWARN: [33m[33mArkTS:WARN File: /Users/jordanzt/Work/Projects/opencalc-harmonyos/entry/src/main/ets/preferences/PreferencesStore.ets:162:11
 Function may throw exceptions. Special handling is required.
[39m[39m
[33mWARN: [33m[33mArkTS:WARN File: /Users/jordanzt/Work/Projects/opencalc-harmonyos/entry/src/main/ets/preferences/PreferencesStore.ets:170:18
 Function may throw exceptions. Special handling is required.
[39m[39m
[33mWARN: [33m[33mArkTS:WARN File: /Users/jordanzt/Work/Projects/opencalc-harmonyos/entry/src/main/ets/preferences/PreferencesStore.ets:176:11
 Function may throw exceptions. Special handling is required.
[39m[39m
[33mWARN: [33m[33mArkTS:WARN File: /Users/jordanzt/Work/Projects/opencalc-harmonyos/entry/src/main/ets/preferences/PreferencesStore.ets:177:11
 Function may throw exceptions. Special handling is required.
[39m[39m
[33mWARN: [33m[33mArkTS:WARN File: /Users/jordanzt/Work/Projects/opencalc-harmonyos/entry/src/main/ets/preferences/PreferencesStore.ets:185:18
 Function may throw exceptions. Special handling is required.
[39m[39m
[33mWARN: [33m[33mArkTS:WARN File: /Users/jordanzt/Work/Projects/opencalc-harmonyos/entry/src/main/ets/preferences/PreferencesStore.ets:191:11
 Function may throw exceptions. Special handling is required.
[39m[39m
[33mWARN: [33m[33mArkTS:WARN File: /Users/jordanzt/Work/Projects/opencalc-harmonyos/entry/src/main/ets/preferences/PreferencesStore.ets:192:11
 Function may throw exceptions. Special handling is required.
[39m[39m
[33mWARN: [33m[33mArkTS:WARN File: /Users/jordanzt/Work/Projects/opencalc-harmonyos/entry/src/main/ets/preferences/PreferencesStore.ets:198:18
 Function may throw exceptions. Special handling is required.
[39m[39m
[33mWARN: [33m[33mArkTS:WARN File: /Users/jordanzt/Work/Projects/opencalc-harmonyos/entry/src/main/ets/preferences/PreferencesStore.ets:204:11
 Function may throw exceptions. Special handling is required.
[39m[39m
[33mWARN: [33m[33mArkTS:WARN File: /Users/jordanzt/Work/Projects/opencalc-harmonyos/entry/src/main/ets/preferences/PreferencesStore.ets:205:11
 Function may throw exceptions. Special handling is required.
[39m[39m
[33mWARN: [33m[33mArkTS:WARN File: /Users/jordanzt/Work/Projects/opencalc-harmonyos/entry/src/main/ets/pages/CalculatorPage.ets:40:42
 'getContext' has been deprecated.
[39m[39m
[33mWARN: [33m[33mArkTS:WARN File: /Users/jordanzt/Work/Projects/opencalc-harmonyos/entry/src/main/ets/pages/CalculatorPage.ets:103:5
 Function may throw exceptions. Special handling is required.
[39m[39m
[33mWARN: [33m[33mArkTS:WARN File: /Users/jordanzt/Work/Projects/opencalc-harmonyos/entry/src/main/ets/pages/CalculatorPage.ets:104:5
 Function may throw exceptions. Special handling is required.
[39m[39m
[33mWARN: [33m[33mArkTS:WARN File: /Users/jordanzt/Work/Projects/opencalc-harmonyos/entry/src/main/ets/pages/CalculatorPage.ets:104:18
 'showToast' has been deprecated.
[39m[39m
[33mWARN: [33mArkTS:WARN File: /Users/jordanzt/Work/Projects/opencalc-harmonyos/entry/src/main/ets/pages/CalculatorPage.ets:13:1
 It's not a recommended way to export struct with '@Entry' decorator, which may cause ACE Engine error in component preview mode.[39m[39m

[2026-05-08T21:22:48.590] [DEBUG] debug-file - Ark compile task finished.finished time is 223972102047980
[2026-05-08T21:22:48.591] [DEBUG] debug-file - worker[2] has one work done.
[2026-05-08T21:22:48.592] [DEBUG] debug-file - default@CompileArkTS work[13] done.
[2026-05-08T21:22:48.592] [DEBUG] debug-file - A work dispatched to worker[2] failed because unable to get work from ready queue.
[2026-05-08T21:22:48.593] [INFO] debug-file - Finished :entry:default@CompileArkTS... after 5 s 76 ms 
[2026-05-08T21:22:48.595] [DEBUG] debug-file - Executing task :entry:default@GeneratePkgModuleJson
[2026-05-08T21:22:48.595] [DEBUG] debug-file - File: '/Users/jordanzt/Work/Projects/opencalc-harmonyos/entry/build/default/intermediates/preload/default/preload.json' from 'preloadSoJsonPath' is not exists, just ignore.
[2026-05-08T21:22:48.595] [DEBUG] debug-file - Error occurs while handling @Input 'shouldDeduplicateHar': The "data" argument must be of type string or an instance of Buffer, TypedArray, or DataView. Received undefined
[2026-05-08T21:22:48.595] [DEBUG] debug-file - Task 'entry:default@GeneratePkgModuleJson' cost while wrapping incremental declarations: 1 ms 
[2026-05-08T21:22:48.596] [DEBUG] debug-file - Incremental task entry:default@GeneratePkgModuleJson pre-execution cost: 1 ms .
[2026-05-08T21:22:48.596] [DEBUG] debug-file - entry : default@GeneratePkgModuleJson cost memory 0.17099761962890625
[2026-05-08T21:22:48.596] [INFO] debug-file - UP-TO-DATE :entry:default@GeneratePkgModuleJson...  
[2026-05-08T21:22:48.597] [DEBUG] debug-file - Executing task :entry:default@ProcessCompiledResources
[2026-05-08T21:22:48.597] [DEBUG] debug-file - File: '/Users/jordanzt/Work/Projects/opencalc-harmonyos/entry/build/default/intermediates/preload/default/preload.json' from 'preloadSoJsonPath' is not exists, just ignore.
[2026-05-08T21:22:48.597] [DEBUG] debug-file - Task 'entry:default@ProcessCompiledResources' cost while wrapping incremental declarations: 1 ms 
[2026-05-08T21:22:48.598] [DEBUG] debug-file - entry : default@ProcessCompiledResources cost memory 0.05542755126953125
[2026-05-08T21:22:48.598] [DEBUG] debug-file - runTaskFromQueue task cost before running: 5 s 423 ms 
[2026-05-08T21:22:48.598] [INFO] debug-file - Finished :entry:default@ProcessCompiledResources... after 1 ms 
[2026-05-08T21:22:48.600] [DEBUG] debug-file - Executing task :entry:default@PackageHap
[2026-05-08T21:22:48.603] [DEBUG] debug-file - entry:default@PackageHap is not up-to-date, since the input file '/Users/jordanzt/Work/Projects/opencalc-harmonyos/entry/build/default/intermediates/loader_out/default/ets' has been changed.
[2026-05-08T21:22:48.603] [DEBUG] debug-file - Incremental task entry:default@PackageHap pre-execution cost: 3 ms .
[2026-05-08T21:22:48.603] [DEBUG] debug-file - Use tool [/Applications/DevEco-Studio.app/Contents/sdk/default/openharmony/toolchains/lib/app_packing_tool.jar]
 [
  'java',
  '-Dfile.encoding=utf-8',
  '-jar',
  '/Applications/DevEco-Studio.app/Contents/sdk/default/openharmony/toolchains/lib/app_packing_tool.jar',
  '--mode',
  'hap',
  '--force',
  'true',
  '--lib-path',
  '/Users/jordanzt/Work/Projects/opencalc-harmonyos/entry/build/default/intermediates/stripped_native_libs/default',
  '--json-path',
  '/Users/jordanzt/Work/Projects/opencalc-harmonyos/entry/build/default/intermediates/package/default/module.json',
  '--resources-path',
  '/Users/jordanzt/Work/Projects/opencalc-harmonyos/entry/build/default/intermediates/res/default/resources',
  '--index-path',
  '/Users/jordanzt/Work/Projects/opencalc-harmonyos/entry/build/default/intermediates/res/default/resources.index',
  '--pack-info-path',
  '/Users/jordanzt/Work/Projects/opencalc-harmonyos/entry/build/default/outputs/default/pack.info',
  '--out-path',
  '/Users/jordanzt/Work/Projects/opencalc-harmonyos/entry/build/default/outputs/default/entry-default-unsigned.hap',
  '--ets-path',
  '/Users/jordanzt/Work/Projects/opencalc-harmonyos/entry/build/default/intermediates/loader_out/default/ets',
  '--pkg-sdk-info-path',
  '/Users/jordanzt/Work/Projects/opencalc-harmonyos/entry/build/default/intermediates/loader/default/pkgSdkInfo.json'
]
[2026-05-08T21:22:48.604] [DEBUG] debug-file - default@PackageHap work[15] is submitted.
[2026-05-08T21:22:48.604] [DEBUG] debug-file - default@PackageHap work[15] is pushed to ready queue.
[2026-05-08T21:22:48.604] [DEBUG] debug-file - A work dispatched to worker[3] failed because unable to get work from ready queue.
[2026-05-08T21:22:48.605] [DEBUG] debug-file - default@PackageHap work[15] has been dispatched to worker[2].
[2026-05-08T21:22:48.605] [DEBUG] debug-file - default@PackageHap work[15] is dispatched.
[2026-05-08T21:22:48.609] [DEBUG] debug-file - entry : default@PackageHap cost memory 0.37249755859375
[2026-05-08T21:22:48.607] [DEBUG] debug-file - current process  memoryUsage: {
  rss: 574427136,
  heapTotal: 338055168,
  heapUsed: 297042624,
  external: 4801347,
  arrayBuffers: 948826
} os memoryUsage :7.809917449951172
[2026-05-08T21:22:50.096] [DEBUG] debug-file - worker[2] has one work done.
[2026-05-08T21:22:50.096] [DEBUG] debug-file - default@PackageHap work[15] done.
[2026-05-08T21:22:50.096] [DEBUG] debug-file - A work dispatched to worker[2] failed because unable to get work from ready queue.
[2026-05-08T21:22:50.096] [INFO] debug-file - Finished :entry:default@PackageHap... after 1 s 496 ms 
[2026-05-08T21:22:50.097] [DEBUG] debug-file - Executing task :entry:default@PackingCheck
[2026-05-08T21:22:50.102] [DEBUG] debug-file - entry : default@PackingCheck cost memory 0.31557464599609375
[2026-05-08T21:22:50.102] [DEBUG] debug-file - runTaskFromQueue task cost before running: 6 s 927 ms 
[2026-05-08T21:22:50.102] [INFO] debug-file - Finished :entry:default@PackingCheck... after 5 ms 
[2026-05-08T21:22:50.103] [DEBUG] debug-file - Executing task :entry:default@SignHap
[2026-05-08T21:22:50.103] [WARN] debug-file - No signingConfig found for product default
[2026-05-08T21:22:50.104] [DEBUG] debug-file - entry:default@SignHap is not up-to-date, since the input file '/Users/jordanzt/Work/Projects/opencalc-harmonyos/entry/build/default/outputs/default/entry-default-unsigned.hap' has been changed.
[2026-05-08T21:22:50.104] [DEBUG] debug-file - Incremental task entry:default@SignHap pre-execution cost: 1 ms .
[2026-05-08T21:22:50.104] [DEBUG] debug-file - entry : default@SignHap cost memory 0.07025909423828125
[2026-05-08T21:22:50.104] [DEBUG] debug-file - runTaskFromQueue task cost before running: 6 s 929 ms 
[2026-05-08T21:22:50.104] [INFO] debug-file - Finished :entry:default@SignHap... after 2 ms 
[2026-05-08T21:22:50.105] [DEBUG] debug-file - Executing task :entry:default@CollectDebugSymbol
[2026-05-08T21:22:50.106] [DEBUG] debug-file - entry : default@CollectDebugSymbol cost memory 0.085723876953125
[2026-05-08T21:22:50.106] [DEBUG] debug-file - runTaskFromQueue task cost before running: 6 s 931 ms 
[2026-05-08T21:22:50.106] [INFO] debug-file - Finished :entry:default@CollectDebugSymbol... after 1 ms 
[2026-05-08T21:22:50.106] [DEBUG] debug-file - Executing task :entry:assembleHap
[2026-05-08T21:22:50.107] [DEBUG] debug-file - entry : assembleHap cost memory 0.01221466064453125
[2026-05-08T21:22:50.107] [DEBUG] debug-file - runTaskFromQueue task cost before running: 6 s 932 ms 
[2026-05-08T21:22:50.107] [INFO] debug-file - Finished :entry:assembleHap... after 1 ms 
[2026-05-08T21:22:50.108] [INFO] debug-file - BUILD SUCCESSFUL in 6 s 933 ms 
[2026-05-08T21:22:50.108] [DEBUG] debug-file - There is no need to refresh cache, since the incremental task entry:default@PreBuild is up-to-date.
[2026-05-08T21:22:50.108] [DEBUG] debug-file - Update task entry:default@CreateModuleInfo output file:/Users/jordanzt/Work/Projects/opencalc-harmonyos/entry/build/default/generated/profile/default/ModuleInfo.ts cache.
[2026-05-08T21:22:50.108] [DEBUG] debug-file - Incremental task entry:default@CreateModuleInfo post-execution cost:1 ms .
[2026-05-08T21:22:50.108] [DEBUG] debug-file - There is no need to refresh cache, since the incremental task entry:default@GenerateMetadata is up-to-date.
[2026-05-08T21:22:50.108] [DEBUG] debug-file - There is no need to refresh cache, since the incremental task entry:default@MergeProfile is up-to-date.
[2026-05-08T21:22:50.109] [DEBUG] debug-file - There is no need to refresh cache, since the incremental task entry:default@CreateBuildProfile is up-to-date.
[2026-05-08T21:22:50.109] [DEBUG] debug-file - Update task entry:default@GeneratePkgContextInfo output file:/Users/jordanzt/Work/Projects/opencalc-harmonyos/entry/build/default/intermediates/loader/default/pkgContextInfo.json cache.
[2026-05-08T21:22:50.109] [DEBUG] debug-file - Incremental task entry:default@GeneratePkgContextInfo post-execution cost:1 ms .
[2026-05-08T21:22:50.109] [DEBUG] debug-file - There is no need to refresh cache, since the incremental task entry:default@GeneratePkgSdkInfo is up-to-date.
[2026-05-08T21:22:50.109] [DEBUG] debug-file - Update task entry:default@ProcessIntegratedHsp output file:/Users/jordanzt/Work/Projects/opencalc-harmonyos/build/cache/default/integrated_hsp/integratedHspCache.json cache.
[2026-05-08T21:22:50.109] [DEBUG] debug-file - Incremental task entry:default@ProcessIntegratedHsp post-execution cost:1 ms .
[2026-05-08T21:22:50.109] [DEBUG] debug-file - There is no need to refresh cache, since the incremental task entry:default@MakePackInfo is up-to-date.
[2026-05-08T21:22:50.109] [DEBUG] debug-file - Update task entry:default@SyscapTransform input file:/Applications/DevEco-Studio.app/Contents/sdk/default/openharmony/toolchains/syscap_tool cache by regenerate.
[2026-05-08T21:22:50.110] [DEBUG] debug-file - Update task entry:default@SyscapTransform input file:/Applications/DevEco-Studio.app/Contents/sdk/default/openharmony/ets/api/device-define cache by regenerate.
[2026-05-08T21:22:50.110] [DEBUG] debug-file - Update task entry:default@SyscapTransform output file:/Users/jordanzt/Work/Projects/opencalc-harmonyos/entry/build/default/intermediates/syscap/default/rpcid.sc cache.
[2026-05-08T21:22:50.110] [DEBUG] debug-file - Incremental task entry:default@SyscapTransform post-execution cost:1 ms .
[2026-05-08T21:22:50.110] [DEBUG] debug-file - There is no need to refresh cache, since the incremental task entry:default@ProcessProfile is up-to-date.
[2026-05-08T21:22:50.111] [DEBUG] debug-file - There is no need to refresh cache, since the incremental task entry:default@ProcessRouterMap is up-to-date.
[2026-05-08T21:22:50.111] [DEBUG] debug-file - There is no need to refresh cache, since the incremental task entry:default@ProcessShareConfig is up-to-date.
[2026-05-08T21:22:50.111] [DEBUG] debug-file - Update task entry:default@ProcessStartupConfig output file:/Users/jordanzt/Work/Projects/opencalc-harmonyos/entry/build/default/intermediates/startup/default/startup_config.json cache.
[2026-05-08T21:22:50.111] [DEBUG] debug-file - Incremental task entry:default@ProcessStartupConfig post-execution cost:1 ms .
[2026-05-08T21:22:50.111] [DEBUG] debug-file - There is no need to refresh cache, since the incremental task entry:default@ProcessResource is up-to-date.
[2026-05-08T21:22:50.111] [DEBUG] debug-file - There is no need to refresh cache, since the incremental task entry:default@GenerateLoaderJson is up-to-date.
[2026-05-08T21:22:50.111] [DEBUG] debug-file - There is no need to refresh cache, since the incremental task entry:default@ProcessLibs is up-to-date.
[2026-05-08T21:22:50.111] [DEBUG] debug-file - There is no need to refresh cache, since the incremental task entry:default@CompileResource is up-to-date.
[2026-05-08T21:22:50.111] [DEBUG] debug-file - There is no need to refresh cache, since the incremental task entry:default@DoNativeStrip is up-to-date.
[2026-05-08T21:22:50.112] [DEBUG] debug-file - Update task entry:default@CompileArkTS input file:/Users/jordanzt/Work/Projects/opencalc-harmonyos/entry/build/default/intermediates/loader/default cache by regenerate.
[2026-05-08T21:22:50.112] [DEBUG] debug-file - Update task entry:default@CompileArkTS input file:/Users/jordanzt/Work/Projects/opencalc-harmonyos/entry/build/default/intermediates/res/default/ResourceTable.txt cache by regenerate.
[2026-05-08T21:22:50.112] [DEBUG] debug-file - Update task entry:default@CompileArkTS input file:/Users/jordanzt/Work/Projects/opencalc-harmonyos/entry/build/default/intermediates/res/default/ark_module.json cache by regenerate.
[2026-05-08T21:22:50.112] [DEBUG] debug-file - Update task entry:default@CompileArkTS input file:/Users/jordanzt/Work/Projects/opencalc-harmonyos/entry/build/default/intermediates/res/default/resources/base/profile cache by regenerate.
[2026-05-08T21:22:50.112] [DEBUG] debug-file - Update task entry:default@CompileArkTS input file:/Users/jordanzt/Work/Projects/opencalc-harmonyos/entry/src/main/ets cache from map.
[2026-05-08T21:22:50.113] [DEBUG] debug-file - Update task entry:default@CompileArkTS input file:/Users/jordanzt/Work/Projects/opencalc-harmonyos/entry/build/default/generated/profile/default/BuildProfile.ets cache by regenerate.
[2026-05-08T21:22:50.113] [DEBUG] debug-file - Update task entry:default@CompileArkTS output file:/Users/jordanzt/Work/Projects/opencalc-harmonyos/entry/build/default/intermediates/loader_out/default/ets cache.
[2026-05-08T21:22:50.113] [DEBUG] debug-file - Incremental task entry:default@CompileArkTS post-execution cost:2 ms .
[2026-05-08T21:22:50.113] [DEBUG] debug-file - Update task entry:default@BuildJS input file:/Users/jordanzt/Work/Projects/opencalc-harmonyos/entry/build/default/intermediates/loader/default cache by regenerate.
[2026-05-08T21:22:50.114] [DEBUG] debug-file - Update task entry:default@BuildJS input file:/Users/jordanzt/Work/Projects/opencalc-harmonyos/entry/build/default/intermediates/res/default/ResourceTable.txt cache by regenerate.
[2026-05-08T21:22:50.114] [DEBUG] debug-file - Update task entry:default@BuildJS input file:/Users/jordanzt/Work/Projects/opencalc-harmonyos/entry/build/default/intermediates/res/default/ark_module.json cache by regenerate.
[2026-05-08T21:22:50.114] [DEBUG] debug-file - Update task entry:default@BuildJS input file:/Users/jordanzt/Work/Projects/opencalc-harmonyos/entry/build/default/intermediates/res/default/resources/base/profile cache by regenerate.
[2026-05-08T21:22:50.114] [DEBUG] debug-file - Update task entry:default@BuildJS output file:/Users/jordanzt/Work/Projects/opencalc-harmonyos/entry/build/default/intermediates/loader_out/default/js cache.
[2026-05-08T21:22:50.114] [DEBUG] debug-file - Incremental task entry:default@BuildJS post-execution cost:2 ms .
[2026-05-08T21:22:50.114] [DEBUG] debug-file - There is no need to refresh cache, since the incremental task entry:default@CacheNativeLibs is up-to-date.
[2026-05-08T21:22:50.115] [DEBUG] debug-file - There is no need to refresh cache, since the incremental task entry:default@GeneratePkgModuleJson is up-to-date.
[2026-05-08T21:22:50.115] [DEBUG] debug-file - Incremental task entry:default@ProcessCompiledResources post-execution cost:1 ms .
[2026-05-08T21:22:50.115] [DEBUG] debug-file - Update task entry:default@PackageHap input file:/Users/jordanzt/Work/Projects/opencalc-harmonyos/entry/build/default/intermediates/stripped_native_libs/default cache by regenerate.
[2026-05-08T21:22:50.115] [DEBUG] debug-file - Update task entry:default@PackageHap input file:/Users/jordanzt/Work/Projects/opencalc-harmonyos/entry/build/default/intermediates/res/default/module.json cache by regenerate.
[2026-05-08T21:22:50.116] [DEBUG] debug-file - Update task entry:default@PackageHap input file:/Users/jordanzt/Work/Projects/opencalc-harmonyos/entry/build/default/intermediates/res/default/resources cache by regenerate.
[2026-05-08T21:22:50.116] [DEBUG] debug-file - Update task entry:default@PackageHap input file:/Users/jordanzt/Work/Projects/opencalc-harmonyos/entry/build/default/intermediates/res/default/resources.index cache by regenerate.
[2026-05-08T21:22:50.117] [DEBUG] debug-file - Update task entry:default@PackageHap input file:/Users/jordanzt/Work/Projects/opencalc-harmonyos/entry/build/default/outputs/default/pack.info cache by regenerate.
[2026-05-08T21:22:50.117] [DEBUG] debug-file - Update task entry:default@PackageHap input file:/Users/jordanzt/Work/Projects/opencalc-harmonyos/entry/build/default/intermediates/loader_out/default/ets cache from map.
[2026-05-08T21:22:50.117] [DEBUG] debug-file - Update task entry:default@PackageHap input file:/Users/jordanzt/Work/Projects/opencalc-harmonyos/entry/build/default/intermediates/loader/default/pkgSdkInfo.json cache by regenerate.
[2026-05-08T21:22:50.117] [DEBUG] debug-file - Update task entry:default@PackageHap input file:/Users/jordanzt/Work/Projects/opencalc-harmonyos/entry/build/default/intermediates/loader_out/default/ets/sourceMaps.map cache by regenerate.
[2026-05-08T21:22:50.117] [DEBUG] debug-file - Update task entry:default@PackageHap input file:/Users/jordanzt/Work/Projects/opencalc-harmonyos/entry/build/default/generated/profile/default/BuildProfile.ets cache by regenerate.
[2026-05-08T21:22:50.117] [DEBUG] debug-file - Update task entry:default@PackageHap output file:/Users/jordanzt/Work/Projects/opencalc-harmonyos/entry/build/default/outputs/default/entry-default-unsigned.hap cache.
[2026-05-08T21:22:50.118] [DEBUG] debug-file - Update task entry:default@PackageHap output file:/Users/jordanzt/Work/Projects/opencalc-harmonyos/entry/build/default/intermediates/source_map/default/sourceMaps.map cache.
[2026-05-08T21:22:50.118] [DEBUG] debug-file - Update task entry:default@PackageHap output file:/Users/jordanzt/Work/Projects/opencalc-harmonyos/entry/build/default/outputs/default/mapping/sourceMaps.map cache.
[2026-05-08T21:22:50.118] [DEBUG] debug-file - Incremental task entry:default@PackageHap post-execution cost:4 ms .
[2026-05-08T21:22:50.118] [DEBUG] debug-file - Update task entry:default@SignHap input file:/Users/jordanzt/Work/Projects/opencalc-harmonyos/entry/build/default/outputs/default/entry-default-unsigned.hap cache from map.
[2026-05-08T21:22:50.118] [DEBUG] debug-file - Update task entry:default@SignHap output file:/Users/jordanzt/Work/Projects/opencalc-harmonyos/entry/build/default/outputs/default/entry-default-signed.hap cache.
[2026-05-08T21:22:50.118] [DEBUG] debug-file - Incremental task entry:default@SignHap post-execution cost:1 ms .
[2026-05-08T21:22:50.119] [DEBUG] debug-file - Update task entry:default@CollectDebugSymbol input file:/Users/jordanzt/Work/Projects/opencalc-harmonyos/entry/build/default/intermediates/loader_out/default/ets/sourceMaps.map cache by regenerate.
[2026-05-08T21:22:50.119] [DEBUG] debug-file - Update task entry:default@CollectDebugSymbol input file:/Users/jordanzt/Work/Projects/opencalc-harmonyos/entry/build/default/intermediates/libs/default cache by regenerate.
[2026-05-08T21:22:50.119] [DEBUG] debug-file - Update task entry:default@CollectDebugSymbol output file:/Users/jordanzt/Work/Projects/opencalc-harmonyos/entry/build/default/outputs/default/symbol cache.
[2026-05-08T21:22:50.119] [DEBUG] debug-file - Incremental task entry:default@CollectDebugSymbol post-execution cost:1 ms .
[2026-05-08T21:22:50.130] [DEBUG] debug-file - Cleanup worker 1.
[2026-05-08T21:22:50.131] [DEBUG] debug-file - Worker 1 has been cleaned up.
[2026-05-08T21:22:50.131] [DEBUG] debug-file - Current idle worker size: 1.
[2026-05-08T21:22:50.131] [DEBUG] debug-file - Current resident worker size: 2.
[2026-05-08T21:22:50.131] [DEBUG] debug-file - hvigor build process will be closed.
[2026-05-08T21:22:50.142] [DEBUG] debug-file - session manager: send message to worker process.
[2026-05-08T21:22:50.145] [DEBUG] debug-file - session manager: send message to worker process.
[2026-05-08T21:22:50.144] [DEBUG] debug-file - watch worker: worker id should be larger than 0. Nothing will be sent to any worker thread.
[2026-05-08T21:22:50.148] [DEBUG] debug-file - watch worker: worker id should be larger than 0. Nothing will be sent to any worker thread.
[2026-05-08T21:22:50.170] [DEBUG] debug-file - worker[1] exits with exit code 1.
[2026-05-08T21:51:22.876] [DEBUG] debug-file - env: nodejsVersion=v18.20.1
[2026-05-08T21:51:22.916] [DEBUG] debug-file - env: daemon=true
[2026-05-08T21:51:22.878] [DEBUG] debug-file - env: hvigor-config.json5 content = { modelVersion: '6.0.2', dependencies: {} }
[2026-05-08T21:51:23.568] [DEBUG] debug-file - session manager: set active socket. socketId=-bscdrc6TOOY-AyPAAAL
[2026-05-08T21:51:23.577] [DEBUG] debug-file - watch worker: worker id should be larger than 0. Nothing will be sent to any worker thread.
[2026-05-08T21:51:23.586] [DEBUG] debug-file - Workers' log level updated to INFO
[2026-05-08T21:51:23.593] [DEBUG] debug-file - Hvigor init with startParameters:{
  hvigorfileTypeCheck: false,
  parallelExecution: true,
  incrementalExecution: true,
  printStackTrace: false,
  daemon: true,
  analyze: 0,
  logLevel: Level { level: 20000, levelStr: 'INFO', colour: 'green' },
  optimizationStrategy: 'memory',
  hotCompile: undefined,
  hotReloadBuild: undefined,
  customizedParam: undefined
}
[2026-05-08T21:51:23.609] [DEBUG] debug-file - Cache service initialization finished in 15 ms 
[2026-05-08T21:51:23.612] [DEBUG] debug-file - hvigorfile, resolving /Users/jordanzt/Work/Projects/opencalc-harmonyos/hvigorfile.ts
[2026-05-08T21:51:23.631] [DEBUG] debug-file - hvigorfile, require result:  {}
[2026-05-08T21:51:23.631] [DEBUG] debug-file - hvigorfile, binding system plugins {}
[2026-05-08T21:51:23.632] [DEBUG] debug-file - Starting plugin build process
[2026-05-08T21:51:23.632] [DEBUG] debug-file - App plugin prepare start...
[2026-05-08T21:51:23.633] [DEBUG] debug-file - App plugin prepare end...
[2026-05-08T21:51:23.634] [DEBUG] debug-file - App plugin creating...
[2026-05-08T21:51:23.642] [DEBUG] debug-file - App plugin register hook start...
[2026-05-08T21:51:23.642] [DEBUG] debug-file - App plugin register hook end...
[2026-05-08T21:51:23.642] [DEBUG] debug-file - Plugin build process completed
[2026-05-08T21:51:23.645] [DEBUG] debug-file - Start initialize project's product build option map with build mode debug.
[2026-05-08T21:51:23.646] [DEBUG] debug-file - Picking option from product 'default' with build mode 'debug'.
[2026-05-08T21:51:23.646] [DEBUG] debug-file - Product 'default' build option initialized
[2026-05-08T21:51:23.647] [DEBUG] debug-file - End initialize project's product build option map with build mode 'debug'.
[2026-05-08T21:51:23.648] [DEBUG] debug-file - Obtain build option for product 'default'in this build.
[2026-05-08T21:51:23.650] [DEBUG] debug-file - No signingConfig found, initRemoteHspCache failed.
[2026-05-08T21:51:23.655] [DEBUG] debug-file - Start recording SDK configuration permission data.
[2026-05-08T21:51:23.711] [DEBUG] debug-file - Sdk init in 60 ms 
[2026-05-08T21:51:23.716] [DEBUG] debug-file - Project task initialization takes 4 ms 
[2026-05-08T21:51:23.716] [DEBUG] debug-file - hvigorfile, resolve finished /Users/jordanzt/Work/Projects/opencalc-harmonyos/hvigorfile.ts
[2026-05-08T21:51:23.716] [DEBUG] debug-file - hvigorfile, resolving /Users/jordanzt/Work/Projects/opencalc-harmonyos/entry/hvigorfile.ts
[2026-05-08T21:51:23.721] [DEBUG] debug-file - hvigorfile, require result:  {}
[2026-05-08T21:51:23.722] [DEBUG] debug-file - hvigorfile, binding system plugins {}
[2026-05-08T21:51:23.722] [DEBUG] debug-file - Starting plugin build process
[2026-05-08T21:51:23.722] [DEBUG] debug-file - Hap plugin creating...
[2026-05-08T21:51:23.723] [DEBUG] debug-file - failed to load cangjie to dynamically generate schemas: Error: Cannot find module '@ohos/cangjie-build-support/index'
Require stack:
- /Applications/DevEco-Studio.app/Contents/tools/hvigor/hvigor-ohos-plugin/src/plugin/hooks/cangjie-register.js
- /Applications/DevEco-Studio.app/Contents/tools/hvigor/hvigor-ohos-plugin/src/plugin/strategy/stage-init-strategy.js
- /Applications/DevEco-Studio.app/Contents/tools/hvigor/hvigor-ohos-plugin/src/plugin/builder/abstract-plugin-builder.js
- /Applications/DevEco-Studio.app/Contents/tools/hvigor/hvigor-ohos-plugin/src/plugin/builder/app-plugin-builder.js
- /Applications/DevEco-Studio.app/Contents/tools/hvigor/hvigor-ohos-plugin/src/plugin/factory/plugin-factory.js
- /Applications/DevEco-Studio.app/Contents/tools/hvigor/hvigor-ohos-plugin/index.js
- /Users/jordanzt/Work/Projects/opencalc-harmonyos/hvigorfile.ts
- /Applications/DevEco-Studio.app/Contents/tools/hvigor/hvigor/src/base/internal/lifecycle/configuration.js
- /Applications/DevEco-Studio.app/Contents/tools/hvigor/hvigor/src/base/boot/index.js
- /Applications/DevEco-Studio.app/Contents/tools/hvigor/hvigor/src/base/daemon/cluster/worker-process-lifecycle.js
- /Applications/DevEco-Studio.app/Contents/tools/hvigor/hvigor/src/base/daemon/process/daemon-process-boot-script.js
[2026-05-08T21:51:23.726] [DEBUG] debug-file - Start initialize module-target build option map, moduleName=entry, buildMode=debug
[2026-05-08T21:51:23.727] [DEBUG] debug-file - Target 'default' config initialized
[2026-05-08T21:51:23.727] [DEBUG] debug-file - Module 'entry' target 'default' build option initialized
[2026-05-08T21:51:23.727] [DEBUG] debug-file - End initialize module-target build option map, moduleName=entry
[2026-05-08T21:51:23.727] [DEBUG] debug-file - Start initialize module-target build option map, moduleName=entry, buildMode=release
[2026-05-08T21:51:23.727] [DEBUG] debug-file - Target 'default' config initialized
[2026-05-08T21:51:23.727] [DEBUG] debug-file - Module 'entry' target 'default' build option initialized
[2026-05-08T21:51:23.727] [DEBUG] debug-file - End initialize module-target build option map, moduleName=entry
[2026-05-08T21:51:23.727] [DEBUG] debug-file - Start initialize module-target build option map, moduleName=entry, buildMode=debug
[2026-05-08T21:51:23.727] [DEBUG] debug-file - Target 'default' config initialized
[2026-05-08T21:51:23.727] [DEBUG] debug-file - Module 'entry' target 'default' build option initialized
[2026-05-08T21:51:23.728] [DEBUG] debug-file - End initialize module-target build option map, moduleName=entry
[2026-05-08T21:51:23.728] [DEBUG] debug-file - Obtain build option for module 'entry' target 'default'in this build.
[2026-05-08T21:51:23.730] [DEBUG] debug-file - Module entry task initialization takes 2 ms 
[2026-05-08T21:51:23.730] [DEBUG] debug-file - Hap plugin register hook start...
[2026-05-08T21:51:23.730] [DEBUG] debug-file - Hap plugin register hook end...
[2026-05-08T21:51:23.730] [DEBUG] debug-file - Plugin build process completed
[2026-05-08T21:51:23.730] [DEBUG] debug-file - hvigorfile, resolve finished /Users/jordanzt/Work/Projects/opencalc-harmonyos/entry/hvigorfile.ts
[2026-05-08T21:51:23.854] [DEBUG] debug-file - hvigorfile, resolve hvigorfile dependencies in 124 ms 
[2026-05-08T21:51:23.854] [DEBUG] debug-file - project has submodules:entry
[2026-05-08T21:51:23.856] [DEBUG] debug-file - start to load updatedOhPackageInfo to the disk
[2026-05-08T21:51:23.859] [DEBUG] debug-file - load to the disk finished
[2026-05-08T21:51:23.859] [DEBUG] debug-file - Start to initialize dependency information.
[2026-05-08T21:51:23.862] [DEBUG] debug-file - Module opencalc-harmonyos Collected Dependency: 
[2026-05-08T21:51:23.862] [DEBUG] debug-file - Module opencalc-harmonyos's total dependency: 0
[2026-05-08T21:51:23.863] [DEBUG] debug-file - Start to initialize dependency information.
[2026-05-08T21:51:23.864] [DEBUG] debug-file - Module entry Collected Dependency: 
[2026-05-08T21:51:23.864] [DEBUG] debug-file - Module entry's total dependency: 0
[2026-05-08T21:51:23.867] [DEBUG] debug-file - Configuration phase cost:259 ms 
[2026-05-08T21:51:23.868] [DEBUG] debug-file - Configuration task cost before running: 283 ms 
[2026-05-08T21:51:23.871] [DEBUG] debug-file - Executing task :entry:default@PreBuild
[2026-05-08T21:51:23.871] [DEBUG] debug-file - Task 'entry:default@PreBuild' cost while wrapping incremental declarations: 1 ms 
[2026-05-08T21:51:23.874] [DEBUG] debug-file - Incremental task entry:default@PreBuild pre-execution cost: 2 ms .
[2026-05-08T21:51:23.874] [DEBUG] debug-file - entry : default@PreBuild cost memory 0.299468994140625
[2026-05-08T21:51:23.875] [INFO] debug-file - UP-TO-DATE :entry:default@PreBuild...  
[2026-05-08T21:51:23.875] [DEBUG] debug-file - Executing task :entry:default@CreateModuleInfo
[2026-05-08T21:51:23.876] [DEBUG] debug-file - Task 'entry:default@CreateModuleInfo' cost while wrapping incremental declarations: 1 ms 
[2026-05-08T21:51:23.876] [DEBUG] debug-file - entry : default@CreateModuleInfo cost memory 0.03783416748046875
[2026-05-08T21:51:23.876] [DEBUG] debug-file - runTaskFromQueue task cost before running: 290 ms 
[2026-05-08T21:51:23.876] [INFO] debug-file - Finished :entry:default@CreateModuleInfo... after 1 ms 
[2026-05-08T21:51:23.877] [DEBUG] debug-file - Executing task :entry:default@GenerateMetadata
[2026-05-08T21:51:23.877] [DEBUG] debug-file - Task 'entry:default@GenerateMetadata' cost while wrapping incremental declarations: 1 ms 
[2026-05-08T21:51:23.878] [DEBUG] debug-file - Incremental task entry:default@GenerateMetadata pre-execution cost: 1 ms .
[2026-05-08T21:51:23.878] [DEBUG] debug-file - entry : default@GenerateMetadata cost memory 0.07198333740234375
[2026-05-08T21:51:23.878] [INFO] debug-file - UP-TO-DATE :entry:default@GenerateMetadata...  
[2026-05-08T21:51:23.879] [DEBUG] debug-file - Executing task :entry:default@ConfigureCmake
[2026-05-08T21:51:23.879] [DEBUG] debug-file - entry : default@ConfigureCmake cost memory 0.01409912109375
[2026-05-08T21:51:23.879] [DEBUG] debug-file - runTaskFromQueue task cost before running: 294 ms 
[2026-05-08T21:51:23.880] [INFO] debug-file - Finished :entry:default@ConfigureCmake... after 1 ms 
[2026-05-08T21:51:23.880] [DEBUG] debug-file - Executing task :entry:default@MergeProfile
[2026-05-08T21:51:23.881] [DEBUG] debug-file - Task 'entry:default@MergeProfile' cost while wrapping incremental declarations: 1 ms 
[2026-05-08T21:51:23.882] [DEBUG] debug-file - Incremental task entry:default@MergeProfile pre-execution cost: 1 ms .
[2026-05-08T21:51:23.882] [DEBUG] debug-file - entry : default@MergeProfile cost memory 0.1050262451171875
[2026-05-08T21:51:23.882] [INFO] debug-file - UP-TO-DATE :entry:default@MergeProfile...  
[2026-05-08T21:51:23.883] [DEBUG] debug-file - Executing task :entry:default@CreateBuildProfile
[2026-05-08T21:51:23.883] [DEBUG] debug-file - Task 'entry:default@CreateBuildProfile' cost while wrapping incremental declarations: 1 ms 
[2026-05-08T21:51:23.884] [DEBUG] debug-file - Incremental task entry:default@CreateBuildProfile pre-execution cost: 1 ms .
[2026-05-08T21:51:23.884] [DEBUG] debug-file - entry : default@CreateBuildProfile cost memory 0.088897705078125
[2026-05-08T21:51:23.884] [INFO] debug-file - UP-TO-DATE :entry:default@CreateBuildProfile...  
[2026-05-08T21:51:23.886] [DEBUG] debug-file - Executing task :entry:default@PreCheckSyscap
[2026-05-08T21:51:23.886] [DEBUG] debug-file - entry : default@PreCheckSyscap cost memory 0.01445770263671875
[2026-05-08T21:51:23.886] [DEBUG] debug-file - runTaskFromQueue task cost before running: 300 ms 
[2026-05-08T21:51:23.886] [INFO] debug-file - Finished :entry:default@PreCheckSyscap... after 1 ms 
[2026-05-08T21:51:23.887] [DEBUG] debug-file - Executing task :entry:default@GeneratePkgContextInfo
[2026-05-08T21:51:23.889] [DEBUG] debug-file - Task 'entry:default@GeneratePkgContextInfo' cost while wrapping incremental declarations: 1 ms 
[2026-05-08T21:51:23.889] [DEBUG] debug-file - entry : default@GeneratePkgContextInfo cost memory 0.16486358642578125
[2026-05-08T21:51:23.889] [DEBUG] debug-file - runTaskFromQueue task cost before running: 304 ms 
[2026-05-08T21:51:23.890] [INFO] debug-file - Finished :entry:default@GeneratePkgContextInfo... after 3 ms 
[2026-05-08T21:51:23.890] [DEBUG] debug-file - Executing task :entry:default@GeneratePkgSdkInfo
[2026-05-08T21:51:23.891] [DEBUG] debug-file - Task 'entry:default@GeneratePkgSdkInfo' cost while wrapping incremental declarations: 1 ms 
[2026-05-08T21:51:23.892] [DEBUG] debug-file - Incremental task entry:default@GeneratePkgSdkInfo pre-execution cost: 1 ms .
[2026-05-08T21:51:23.892] [DEBUG] debug-file - entry : default@GeneratePkgSdkInfo cost memory 0.1225128173828125
[2026-05-08T21:51:23.892] [INFO] debug-file - UP-TO-DATE :entry:default@GeneratePkgSdkInfo...  
[2026-05-08T21:51:23.893] [DEBUG] debug-file - Executing task :entry:default@ProcessIntegratedHsp
[2026-05-08T21:51:23.893] [DEBUG] debug-file - entry:default@ProcessIntegratedHsp is not up-to-date, since the output file '/Users/jordanzt/Work/Projects/opencalc-harmonyos/build/cache/default/integrated_hsp/integratedHspCache.json' does not exist.
[2026-05-08T21:51:23.894] [DEBUG] debug-file - Incremental task entry:default@ProcessIntegratedHsp pre-execution cost: 1 ms .
[2026-05-08T21:51:23.894] [DEBUG] debug-file - entry : default@ProcessIntegratedHsp cost memory 0.05582427978515625
[2026-05-08T21:51:23.894] [DEBUG] debug-file - runTaskFromQueue task cost before running: 308 ms 
[2026-05-08T21:51:23.894] [INFO] debug-file - Finished :entry:default@ProcessIntegratedHsp... after 1 ms 
[2026-05-08T21:51:23.895] [DEBUG] debug-file - Executing task :entry:default@BuildNativeWithCmake
[2026-05-08T21:51:23.895] [DEBUG] debug-file - entry : default@BuildNativeWithCmake cost memory 0.01409912109375
[2026-05-08T21:51:23.895] [DEBUG] debug-file - runTaskFromQueue task cost before running: 309 ms 
[2026-05-08T21:51:23.895] [INFO] debug-file - Finished :entry:default@BuildNativeWithCmake... after 1 ms 
[2026-05-08T21:51:23.896] [DEBUG] debug-file - Executing task :entry:default@MakePackInfo
[2026-05-08T21:51:23.898] [DEBUG] debug-file - Incremental task entry:default@MakePackInfo pre-execution cost: 1 ms .
[2026-05-08T21:51:23.898] [DEBUG] debug-file - entry : default@MakePackInfo cost memory 0.0890960693359375
[2026-05-08T21:51:23.898] [INFO] debug-file - UP-TO-DATE :entry:default@MakePackInfo...  
[2026-05-08T21:51:23.904] [DEBUG] debug-file - Executing task :entry:default@SyscapTransform
[2026-05-08T21:51:23.904] [DEBUG] debug-file - File: '/Users/jordanzt/Work/Projects/opencalc-harmonyos/entry/src/main/syscap.json' from 'sysCapJsonPath' is not exists, just ignore.
[2026-05-08T21:51:23.904] [DEBUG] debug-file - Task 'entry:default@SyscapTransform' cost while wrapping incremental declarations: 1 ms 
[2026-05-08T21:51:23.907] [DEBUG] debug-file - entry:default@SyscapTransform is not up-to-date, since the output file '/Users/jordanzt/Work/Projects/opencalc-harmonyos/entry/build/default/intermediates/syscap/default/rpcid.sc' does not exist.
[2026-05-08T21:51:23.907] [DEBUG] debug-file - Incremental task entry:default@SyscapTransform pre-execution cost: 3 ms .
[2026-05-08T21:51:23.907] [DEBUG] debug-file - entry : default@SyscapTransform cost memory 0.10735321044921875
[2026-05-08T21:51:23.907] [DEBUG] debug-file - runTaskFromQueue task cost before running: 322 ms 
[2026-05-08T21:51:23.908] [INFO] debug-file - Finished :entry:default@SyscapTransform... after 4 ms 
[2026-05-08T21:51:23.911] [DEBUG] debug-file - Executing task :entry:default@ProcessProfile
[2026-05-08T21:51:23.912] [DEBUG] debug-file - Task 'entry:default@ProcessProfile' cost while wrapping incremental declarations: 1 ms 
[2026-05-08T21:51:23.914] [DEBUG] debug-file - Incremental task entry:default@ProcessProfile pre-execution cost: 1 ms .
[2026-05-08T21:51:23.914] [DEBUG] debug-file - entry : default@ProcessProfile cost memory 0.10915374755859375
[2026-05-08T21:51:23.915] [INFO] debug-file - UP-TO-DATE :entry:default@ProcessProfile...  
[2026-05-08T21:51:23.916] [DEBUG] debug-file - Executing task :entry:default@ProcessRouterMap
[2026-05-08T21:51:23.917] [DEBUG] debug-file - Incremental task entry:default@ProcessRouterMap pre-execution cost: 1 ms .
[2026-05-08T21:51:23.917] [DEBUG] debug-file - entry : default@ProcessRouterMap cost memory 0.2866363525390625
[2026-05-08T21:51:23.918] [INFO] debug-file - UP-TO-DATE :entry:default@ProcessRouterMap...  
[2026-05-08T21:51:23.919] [DEBUG] debug-file - Executing task :entry:default@ProcessShareConfig
[2026-05-08T21:51:23.920] [DEBUG] debug-file - Incremental task entry:default@ProcessShareConfig pre-execution cost: 1 ms .
[2026-05-08T21:51:23.920] [DEBUG] debug-file - entry : default@ProcessShareConfig cost memory 0.086151123046875
[2026-05-08T21:51:23.921] [INFO] debug-file - UP-TO-DATE :entry:default@ProcessShareConfig...  
[2026-05-08T21:51:23.922] [DEBUG] debug-file - Executing task :entry:default@ProcessStartupConfig
[2026-05-08T21:51:23.922] [DEBUG] debug-file - Task 'entry:default@ProcessStartupConfig' cost while wrapping incremental declarations: 1 ms 
[2026-05-08T21:51:23.922] [DEBUG] debug-file - entry:default@ProcessStartupConfig is not up-to-date, since the output file '/Users/jordanzt/Work/Projects/opencalc-harmonyos/entry/build/default/intermediates/startup/default/startup_config.json' does not exist.
[2026-05-08T21:51:23.922] [DEBUG] debug-file - Incremental task entry:default@ProcessStartupConfig pre-execution cost: 1 ms .
[2026-05-08T21:51:23.922] [DEBUG] debug-file - entry : default@ProcessStartupConfig cost memory 0.08513641357421875
[2026-05-08T21:51:23.922] [DEBUG] debug-file - runTaskFromQueue task cost before running: 337 ms 
[2026-05-08T21:51:23.923] [INFO] debug-file - Finished :entry:default@ProcessStartupConfig... after 1 ms 
[2026-05-08T21:51:23.924] [DEBUG] debug-file - Executing task :entry:default@BuildNativeWithNinja
[2026-05-08T21:51:23.924] [DEBUG] debug-file - entry : default@BuildNativeWithNinja cost memory 0.01953887939453125
[2026-05-08T21:51:23.924] [DEBUG] debug-file - runTaskFromQueue task cost before running: 338 ms 
[2026-05-08T21:51:23.924] [INFO] debug-file - Finished :entry:default@BuildNativeWithNinja... after 1 ms 
[2026-05-08T21:51:23.925] [DEBUG] debug-file - restool module names: entry; moduleName=entry, taskName=default@ProcessResource
[2026-05-08T21:51:23.927] [DEBUG] debug-file - Executing task :entry:default@ProcessResource
[2026-05-08T21:51:23.927] [DEBUG] debug-file - Task 'entry:default@ProcessResource' cost while wrapping incremental declarations: 1 ms 
[2026-05-08T21:51:23.928] [DEBUG] debug-file - Incremental task entry:default@ProcessResource pre-execution cost: 1 ms .
[2026-05-08T21:51:23.928] [DEBUG] debug-file - entry : default@ProcessResource cost memory 0.12693023681640625
[2026-05-08T21:51:23.929] [INFO] debug-file - UP-TO-DATE :entry:default@ProcessResource...  
[2026-05-08T21:51:23.930] [DEBUG] debug-file - Executing task :entry:default@GenerateLoaderJson
[2026-05-08T21:51:23.931] [DEBUG] debug-file - Task 'entry:default@GenerateLoaderJson' cost while wrapping incremental declarations: 1 ms 
[2026-05-08T21:51:23.935] [DEBUG] debug-file - Incremental task entry:default@GenerateLoaderJson pre-execution cost: 3 ms .
[2026-05-08T21:51:23.935] [DEBUG] debug-file - entry : default@GenerateLoaderJson cost memory 0.2602691650390625
[2026-05-08T21:51:23.936] [INFO] debug-file - UP-TO-DATE :entry:default@GenerateLoaderJson...  
[2026-05-08T21:51:23.937] [DEBUG] debug-file - Executing task :entry:default@ProcessLibs
[2026-05-08T21:51:23.938] [DEBUG] debug-file - Incremental task entry:default@ProcessLibs pre-execution cost: 1 ms .
[2026-05-08T21:51:23.938] [DEBUG] debug-file - entry : default@ProcessLibs cost memory 0.07752227783203125
[2026-05-08T21:51:23.938] [INFO] debug-file - UP-TO-DATE :entry:default@ProcessLibs...  
[2026-05-08T21:51:23.939] [DEBUG] debug-file - restool module names: entry; moduleName=entry, taskName=default@CompileResource
[2026-05-08T21:51:23.940] [DEBUG] debug-file - Executing task :entry:default@CompileResource
[2026-05-08T21:51:23.945] [DEBUG] debug-file - Incremental task entry:default@CompileResource pre-execution cost: 4 ms .
[2026-05-08T21:51:23.945] [DEBUG] debug-file - entry : default@CompileResource cost memory 0.2821197509765625
[2026-05-08T21:51:23.946] [INFO] debug-file - UP-TO-DATE :entry:default@CompileResource...  
[2026-05-08T21:51:23.947] [DEBUG] debug-file - Executing task :entry:default@DoNativeStrip
[2026-05-08T21:51:23.947] [DEBUG] debug-file - File: '/Users/jordanzt/Work/Projects/opencalc-harmonyos/entry/build/default/intermediates/binxo/default' from 'doBinxoNativeLibs' is not exists, just ignore.
[2026-05-08T21:51:23.947] [DEBUG] debug-file - Task 'entry:default@DoNativeStrip' cost while wrapping incremental declarations: 1 ms 
[2026-05-08T21:51:23.948] [DEBUG] debug-file - Incremental task entry:default@DoNativeStrip pre-execution cost: 1 ms .
[2026-05-08T21:51:23.948] [DEBUG] debug-file - entry : default@DoNativeStrip cost memory 0.0753326416015625
[2026-05-08T21:51:23.948] [INFO] debug-file - UP-TO-DATE :entry:default@DoNativeStrip...  
[2026-05-08T21:51:23.949] [DEBUG] debug-file - Executing task :entry:default@CompileArkTS
[2026-05-08T21:51:23.949] [DEBUG] debug-file - obfuscationOptions: undefined
[2026-05-08T21:51:23.950] [DEBUG] debug-file - Task 'entry:default@CompileArkTS' cost while wrapping incremental declarations: 1 ms 
[2026-05-08T21:51:23.954] [DEBUG] debug-file - entry:default@CompileArkTS is not up-to-date, since the input file '/Users/jordanzt/Work/Projects/opencalc-harmonyos/entry/src/main/ets' has been changed.
[2026-05-08T21:51:23.954] [DEBUG] debug-file - Incremental task entry:default@CompileArkTS pre-execution cost: 4 ms .
[2026-05-08T21:51:23.963] [DEBUG] debug-file - build config:
[2026-05-08T21:51:23.964] [DEBUG] debug-file - {
  moduleType: 'entry',
  perf: 0,
  targetName: '.default',
  packageManagerType: 'ohpm',
  localPropertiesPath: '/Users/jordanzt/Work/Projects/opencalc-harmonyos/local.properties',
  isPreview: false,
  isOhosTest: false,
  isLocalTest: false,
  buildMode: 'Debug',
  hotReloadBuild: undefined,
  watchMode: 'false',
  aceProfilePath: '/Users/jordanzt/Work/Projects/opencalc-harmonyos/entry/build/default/intermediates/res/default/resources/base/profile',
  etsLoaderPath: '/Applications/DevEco-Studio.app/Contents/sdk/default/openharmony/ets/build-tools/ets-loader',
  modulePath: '/Users/jordanzt/Work/Projects/opencalc-harmonyos/entry',
  testFrameworkPar: {
    testMode: undefined,
    coveragePathFilter: undefined,
    coverageMode: undefined
  },
  needCoverageInsert: false,
  debugLine: false,
  projectTopDir: '/Users/jordanzt/Work/Projects/opencalc-harmonyos',
  compileSdkVersion: 23,
  compatibleSdkVersion: 12,
  originCompatibleSdkVersion: '5.0.0(12)',
  compatibleSdkVersionStage: 'beta1',
  bundleName: 'c***r',
  etsLoaderVersion: '6.1.0.105',
  etsLoaderReleaseType: 'Release',
  aotCompileMode: 'type',
  apPath: '/Users/jordanzt/Work/Projects/opencalc-harmonyos/entry/modules.ap',
  entryModuleName: 'entry',
  entryModuleVersion: '1.0.0',
  entryPackageName: 'entry',
  allModuleNameHash: '6671a194f23c271af8c958055775f1e8fca00d4e2e30f4305728b40b020624b2',
  externalApiPaths: [ '/Applications/DevEco-Studio.app/Contents/sdk/default/hms/ets' ],
  compilerTypes: [],
  isCrossplatform: false,
  hvigorPluginFile: undefined,
  compilePluginPath: undefined,
  buildGeneratedProfilePath: '/Users/jordanzt/Work/Projects/opencalc-harmonyos/entry/build/default/generated/profile/default',
  bundleType: 'app',
  arkTSVersion: undefined,
  apiVersion: 23,
  needCompleteSourcesMap: false,
  isFaMode: false,
  buildDir: '/Users/jordanzt/Work/Projects/opencalc-harmonyos/entry/build',
  deviceTypes: [ 'phone', 'tablet' ],
  pkgContextInfo: undefined,
  ohPackagePathMap: {},
  dependencyAliasMap: {},
  permission: { requestPermissions: [ [Object] ], definePermissions: undefined },
  useGetCurrentBundleName: false,
  projectArkOption: undefined,
  sourceMapDir: undefined,
  branchElimination: false,
  transformLib: undefined,
  tsImportSendable: false,
  resolveConflictMode: true,
  depName2RootPath: {},
  depName2DepInfo: {},
  depName2OhExports: {},
  rootPathSet: [ '/Users/jordanzt/Work/Projects/opencalc-harmonyos' ],
  useNativeResolver: true,
  shouldEmitJs: true,
  useTscResolve: false,
  singleFileEmit: false,
  userProjectConfig: {
    autoLazyImport: false,
    allowEmptyBundleName: false,
    reExportCheckMode: 'noCheck',
    executionMode: 'memory',
    usePathPlaceholder: false,
    writeRollupCache: true,
    isExpandImportEnabled: false,
    expandImportExclude: '',
    lazyImportExclude: '',
    lazyImportInclude: '',
    ignoreCrossplatformCheck: false,
    isHarDeduplicateEnabled: false,
    skipOhModulesLint: false,
    enableStrictCheckOHModule: false,
    disableSendableCheckRules: [],
    useDeclarationFileSignature: false,
    customizedOptions: undefined,
    integratedHsp: false,
    isPreloadSoEnabled: false
  },
  executionMode: 'memory',
  arkCompileCachePath: '/Users/jordanzt/Work/Projects/opencalc-harmonyos/entry/build/default/cache/default/default@CompileArkTS/esmodule',
  autoLazyFilter: undefined,
  isHarDeduplicateEnabled: false,
  intermediateHarDuplicateDirPath: '/Users/jordanzt/Work/Projects/opencalc-harmonyos/entry/build/default/intermediates/har_duplicate/default',
  autoLazyImport: false,
  allowEmptyBundleName: false,
  reExportCheckMode: 'noCheck',
  usePathPlaceholder: false,
  writeRollupCache: true,
  isExpandImportEnabled: false,
  expandImportExclude: '',
  lazyImportExclude: '',
  lazyImportInclude: '',
  ignoreCrossplatformCheck: false,
  skipOhModulesLint: false,
  enableStrictCheckOHModule: false,
  disableSendableCheckRules: [],
  useDeclarationFileSignature: false,
  customizedOptions: undefined,
  integratedHsp: false,
  isPreloadSoEnabled: false,
  strictMode: undefined,
  useNormalizedOHMUrl: false,
  caseSensitiveCheck: false,
  aceModuleJsonPath: '/Users/jordanzt/Work/Projects/opencalc-harmonyos/entry/build/default/intermediates/res/default/ark_module.json',
  appResource: '/Users/jordanzt/Work/Projects/opencalc-harmonyos/entry/build/default/intermediates/res/default/ResourceTable.txt',
  rawFileResource: '/Users/jordanzt/Work/Projects/opencalc-harmonyos/entry/build/default/intermediates/res/default/resources/rawfile',
  resourceTableHash: '15a61ac8d9e6adf561b61d3e27a374d205464ba7d77ce5a6c1be29eb60539798',
  runtimeOS: 'HarmonyOS',
  sdkInfo: 'false:23:6.1.0.105:Release',
  aceModuleRoot: '/Users/jordanzt/Work/Projects/opencalc-harmonyos/entry/src/main/ets',
  compileMode: 'esmodule',
  aceSuperVisualPath: '/Users/jordanzt/Work/Projects/opencalc-harmonyos/entry/src/main/supervisual',
  aceBuildJson: '/Users/jordanzt/Work/Projects/opencalc-harmonyos/entry/build/default/intermediates/loader/default/loader.json',
  cachePath: '/Users/jordanzt/Work/Projects/opencalc-harmonyos/entry/build/default/cache/default/default@CompileArkTS/esmodule/debug',
  aceModuleBuild: '/Users/jordanzt/Work/Projects/opencalc-harmonyos/entry/build/default/intermediates/loader_out/default/ets',
  supportChunks: true,
  declaredFilesPath: undefined,
  shouldCollectDirectImportees: false,
  isByteCodeHarOptimize: false,
  expandImportPath: undefined,
  resourceTableTs: '/Users/jordanzt/Work/Projects/opencalc-harmonyos/entry/build/default/generated/r/default/ResourceTable.ts',
  moduleMetaInfoFiles: [
    {
      filePath: '/Users/jordanzt/Work/Projects/opencalc-harmonyos/entry/build/default/generated/r/default/ResourceTable.ts',
      ohmurl: 'com.darkempire78.opencalculator/entry/build/generated/r/ResourceTable'
    }
  ],
  pkgNameToPkgBriefInfo: {
    entry: {
      pkgRoot: '/Users/jordanzt/Work/Projects/opencalc-harmonyos/entry',
      originalSourceRoots: undefined,
      sourceRoots: [Array],
      pkgName: 'entry'
    }
  },
  projectModel: {
    '/Users/jordanzt/Work/Projects/opencalc-harmonyos/entry/src/main': {
      moduleName: 'entry',
      modulePkgPath: '/Users/jordanzt/Work/Projects/opencalc-harmonyos/entry',
      belongProjectPath: '/Users/jordanzt/Work/Projects/opencalc-harmonyos'
    },
    '/Users/jordanzt/Work/Projects/opencalc-harmonyos/entry': {
      moduleName: 'entry',
      modulePkgPath: '/Users/jordanzt/Work/Projects/opencalc-harmonyos/entry',
      belongProjectPath: '/Users/jordanzt/Work/Projects/opencalc-harmonyos'
    },
    '/Users/jordanzt/Work/Projects/opencalc-harmonyos': {
      moduleName: 'opencalc-harmonyos',
      modulePkgPath: '/Users/jordanzt/Work/Projects/opencalc-harmonyos',
      belongProjectPath: '/Users/jordanzt/Work/Projects/opencalc-harmonyos'
    }
  },
  pkgJsonFileHash: '9598d6ed3debbacd1532769d4ef187be335bd6b4f7ea12b707b184fd0505ba47',
  allModulePaths: [ '/Users/jordanzt/Work/Projects/opencalc-harmonyos/entry' ],
  routerMap: {},
  obfuscationOptions: undefined,
  byteCodeHarToDependencyKeys: undefined,
  compileBlockPkg: [],
  mockParams: {
    decorator: '@MockSetup',
    packageName: '@ohos/hamock',
    etsSourceRootPath: 'src/main/ets',
    mockConfigPath: undefined,
    mockConfigKey2ModuleInfo: {},
    source2ModuleIdMap: {}
  },
  copyCodeResourceEnable: true,
  copyCodeResourceExcludes: [],
  copyCodeResourceIncludes: undefined,
  uiTransformOptimization: false,
  sdkPath: '/Applications/DevEco-Studio.app/Contents/sdk',
  needPreloadSoFileSet: {},
  preloadSoFilePath: '/Users/jordanzt/Work/Projects/opencalc-harmonyos/entry/build/default/intermediates/preload/default/preload.json',
  useSourceHash: false,
  localModuleParamMap: {},
  otherPaths: {
    'entry/*': [ '../*', '../../../build/default/generated/profile/default/*' ]
  },
  collectImportersConfig: undefined
}
[2026-05-08T21:51:23.964] [DEBUG] debug-file - Compile arkts with external api path: /Applications/DevEco-Studio.app/Contents/sdk/default/hms/ets
[2026-05-08T21:51:23.965] [DEBUG] debug-file - default@CompileArkTS work[16] is submitted.
[2026-05-08T21:51:23.965] [DEBUG] debug-file - default@CompileArkTS work[16] is pushed to ready queue.
[2026-05-08T21:51:23.965] [DEBUG] debug-file - A work dispatched to worker[3] failed because unable to get work from ready queue.
[2026-05-08T21:51:23.965] [DEBUG] debug-file - default@CompileArkTS work[16] has been dispatched to worker[2].
[2026-05-08T21:51:23.965] [DEBUG] debug-file - default@CompileArkTS work[16] is dispatched.
[2026-05-08T21:51:23.966] [DEBUG] debug-file - CopyResources startTime: 225687409203181
[2026-05-08T21:51:23.966] [DEBUG] debug-file - default@CompileArkTS work[17] is submitted.
[2026-05-08T21:51:23.966] [DEBUG] debug-file - default@CompileArkTS work[17] is pushed to ready queue.
[2026-05-08T21:51:23.966] [DEBUG] debug-file - A work dispatched to worker[3] failed because unable to get work from ready queue.
[2026-05-08T21:51:23.966] [DEBUG] debug-file - A work dispatched to worker[2] failed because of worker busy.
[2026-05-08T21:51:23.967] [DEBUG] debug-file - Create  resident worker with id: 1.
[2026-05-08T21:51:24.007] [DEBUG] debug-file - default@CompileArkTS work[17] has been dispatched to worker[1].
[2026-05-08T21:51:24.008] [DEBUG] debug-file - default@CompileArkTS work[17] is dispatched.
[2026-05-08T21:51:24.008] [DEBUG] debug-file - entry : default@CompileArkTS cost memory 1.1402206420898438
[2026-05-08T21:51:24.044] [DEBUG] debug-file - Executing task :entry:default@BuildJS
[2026-05-08T21:51:24.048] [DEBUG] debug-file - Task 'entry:default@BuildJS' cost while wrapping incremental declarations: 1 ms 
[2026-05-08T21:51:24.057] [DEBUG] debug-file - entry : default@BuildJS cost memory 0.11199951171875
[2026-05-08T21:51:24.058] [DEBUG] debug-file - runTaskFromQueue task cost before running: 472 ms 
[2026-05-08T21:51:24.059] [INFO] debug-file - Finished :entry:default@BuildJS... after 15 ms 
[2026-05-08T21:51:24.072] [DEBUG] debug-file - Executing task :entry:default@CacheNativeLibs
[2026-05-08T21:51:24.074] [DEBUG] debug-file - File: '/Users/jordanzt/Work/Projects/opencalc-harmonyos/entry/build/default/intermediates/binxo/default' from 'cacheBinxoNativeLibs' is not exists, just ignore.
[2026-05-08T21:51:24.074] [DEBUG] debug-file - Task 'entry:default@CacheNativeLibs' cost while wrapping incremental declarations: 2 ms 
[2026-05-08T21:51:24.082] [DEBUG] debug-file - Incremental task entry:default@CacheNativeLibs pre-execution cost: 7 ms .
[2026-05-08T21:51:24.098] [DEBUG] debug-file - entry : default@CacheNativeLibs cost memory 0.09477996826171875
[2026-05-08T21:51:24.100] [INFO] debug-file - UP-TO-DATE :entry:default@CacheNativeLibs...  
[2026-05-08T21:51:26.090] [DEBUG] debug-file - worker[1] has one work done.
[2026-05-08T21:51:26.090] [DEBUG] debug-file - CopyResources is end, endTime: 225689533543415
[2026-05-08T21:51:26.090] [DEBUG] debug-file - default@CompileArkTS work[17] done.
[2026-05-08T21:51:26.090] [DEBUG] debug-file - A work dispatched to worker[1] failed because unable to get work from ready queue.
[2026-05-08T21:51:26.995] [WARN] debug-file - [33mWARN: [33m[33mArkTS:WARN File: /Users/jordanzt/Work/Projects/opencalc-harmonyos/entry/src/main/ets/pages/Index.ets:7:5
 Function may throw exceptions. Special handling is required.
[39m[39m
[33mWARN: [33m[33mArkTS:WARN File: /Users/jordanzt/Work/Projects/opencalc-harmonyos/entry/src/main/ets/pages/Index.ets:7:12
 'replaceUrl' has been deprecated.
[39m[39m
[33mWARN: [33m[33mArkTS:WARN File: /Users/jordanzt/Work/Projects/opencalc-harmonyos/entry/src/main/ets/preferences/PreferencesStore.ets:33:24
 Function may throw exceptions. Special handling is required.
[39m[39m
[33mWARN: [33m[33mArkTS:WARN File: /Users/jordanzt/Work/Projects/opencalc-harmonyos/entry/src/main/ets/preferences/PreferencesStore.ets:41:18
 Function may throw exceptions. Special handling is required.
[39m[39m
[33mWARN: [33m[33mArkTS:WARN File: /Users/jordanzt/Work/Projects/opencalc-harmonyos/entry/src/main/ets/preferences/PreferencesStore.ets:47:11
 Function may throw exceptions. Special handling is required.
[39m[39m
[33mWARN: [33m[33mArkTS:WARN File: /Users/jordanzt/Work/Projects/opencalc-harmonyos/entry/src/main/ets/preferences/PreferencesStore.ets:48:11
 Function may throw exceptions. Special handling is required.
[39m[39m
[33mWARN: [33m[33mArkTS:WARN File: /Users/jordanzt/Work/Projects/opencalc-harmonyos/entry/src/main/ets/preferences/PreferencesStore.ets:54:18
 Function may throw exceptions. Special handling is required.
[39m[39m
[33mWARN: [33m[33mArkTS:WARN File: /Users/jordanzt/Work/Projects/opencalc-harmonyos/entry/src/main/ets/preferences/PreferencesStore.ets:60:11
 Function may throw exceptions. Special handling is required.
[39m[39m
[33mWARN: [33m[33mArkTS:WARN File: /Users/jordanzt/Work/Projects/opencalc-harmonyos/entry/src/main/ets/preferences/PreferencesStore.ets:61:11
 Function may throw exceptions. Special handling is required.
[39m[39m
[33mWARN: [33m[33mArkTS:WARN File: /Users/jordanzt/Work/Projects/opencalc-harmonyos/entry/src/main/ets/preferences/PreferencesStore.ets:69:18
 Function may throw exceptions. Special handling is required.
[39m[39m
[33mWARN: [33m[33mArkTS:WARN File: /Users/jordanzt/Work/Projects/opencalc-harmonyos/entry/src/main/ets/preferences/PreferencesStore.ets:75:11
 Function may throw exceptions. Special handling is required.
[39m[39m
[33mWARN: [33m[33mArkTS:WARN File: /Users/jordanzt/Work/Projects/opencalc-harmonyos/entry/src/main/ets/preferences/PreferencesStore.ets:76:11
 Function may throw exceptions. Special handling is required.
[39m[39m
[33mWARN: [33m[33mArkTS:WARN File: /Users/jordanzt/Work/Projects/opencalc-harmonyos/entry/src/main/ets/preferences/PreferencesStore.ets:84:18
 Function may throw exceptions. Special handling is required.
[39m[39m
[33mWARN: [33m[33mArkTS:WARN File: /Users/jordanzt/Work/Projects/opencalc-harmonyos/entry/src/main/ets/preferences/PreferencesStore.ets:90:11
 Function may throw exceptions. Special handling is required.
[39m[39m
[33mWARN: [33m[33mArkTS:WARN File: /Users/jordanzt/Work/Projects/opencalc-harmonyos/entry/src/main/ets/preferences/PreferencesStore.ets:91:11
 Function may throw exceptions. Special handling is required.
[39m[39m
[33mWARN: [33m[33mArkTS:WARN File: /Users/jordanzt/Work/Projects/opencalc-harmonyos/entry/src/main/ets/preferences/PreferencesStore.ets:99:18
 Function may throw exceptions. Special handling is required.
[39m[39m
[33mWARN: [33m[33mArkTS:WARN File: /Users/jordanzt/Work/Projects/opencalc-harmonyos/entry/src/main/ets/preferences/PreferencesStore.ets:105:11
 Function may throw exceptions. Special handling is required.
[39m[39m
[33mWARN: [33m[33mArkTS:WARN File: /Users/jordanzt/Work/Projects/opencalc-harmonyos/entry/src/main/ets/preferences/PreferencesStore.ets:106:11
 Function may throw exceptions. Special handling is required.
[39m[39m
[33mWARN: [33m[33mArkTS:WARN File: /Users/jordanzt/Work/Projects/opencalc-harmonyos/entry/src/main/ets/preferences/PreferencesStore.ets:115:32
 Function may throw exceptions. Special handling is required.
[39m[39m
[33mWARN: [33m[33mArkTS:WARN File: /Users/jordanzt/Work/Projects/opencalc-harmonyos/entry/src/main/ets/preferences/PreferencesStore.ets:131:11
 Function may throw exceptions. Special handling is required.
[39m[39m
[33mWARN: [33m[33mArkTS:WARN File: /Users/jordanzt/Work/Projects/opencalc-harmonyos/entry/src/main/ets/preferences/PreferencesStore.ets:132:11
 Function may throw exceptions. Special handling is required.
[39m[39m
[33mWARN: [33m[33mArkTS:WARN File: /Users/jordanzt/Work/Projects/opencalc-harmonyos/entry/src/main/ets/preferences/PreferencesStore.ets:140:18
 Function may throw exceptions. Special handling is required.
[39m[39m
[33mWARN: [33m[33mArkTS:WARN File: /Users/jordanzt/Work/Projects/opencalc-harmonyos/entry/src/main/ets/preferences/PreferencesStore.ets:146:11
 Function may throw exceptions. Special handling is required.
[39m[39m
[33mWARN: [33m[33mArkTS:WARN File: /Users/jordanzt/Work/Projects/opencalc-harmonyos/entry/src/main/ets/preferences/PreferencesStore.ets:147:11
 Function may throw exceptions. Special handling is required.
[39m[39m
[33mWARN: [33m[33mArkTS:WARN File: /Users/jordanzt/Work/Projects/opencalc-harmonyos/entry/src/main/ets/preferences/PreferencesStore.ets:155:18
 Function may throw exceptions. Special handling is required.
[39m[39m
[33mWARN: [33m[33mArkTS:WARN File: /Users/jordanzt/Work/Projects/opencalc-harmonyos/entry/src/main/ets/preferences/PreferencesStore.ets:161:11
 Function may throw exceptions. Special handling is required.
[39m[39m
[33mWARN: [33m[33mArkTS:WARN File: /Users/jordanzt/Work/Projects/opencalc-harmonyos/entry/src/main/ets/preferences/PreferencesStore.ets:162:11
 Function may throw exceptions. Special handling is required.
[39m[39m
[33mWARN: [33m[33mArkTS:WARN File: /Users/jordanzt/Work/Projects/opencalc-harmonyos/entry/src/main/ets/preferences/PreferencesStore.ets:170:18
 Function may throw exceptions. Special handling is required.
[39m[39m
[33mWARN: [33m[33mArkTS:WARN File: /Users/jordanzt/Work/Projects/opencalc-harmonyos/entry/src/main/ets/preferences/PreferencesStore.ets:176:11
 Function may throw exceptions. Special handling is required.
[39m[39m
[33mWARN: [33m[33mArkTS:WARN File: /Users/jordanzt/Work/Projects/opencalc-harmonyos/entry/src/main/ets/preferences/PreferencesStore.ets:177:11
 Function may throw exceptions. Special handling is required.
[39m[39m
[33mWARN: [33m[33mArkTS:WARN File: /Users/jordanzt/Work/Projects/opencalc-harmonyos/entry/src/main/ets/preferences/PreferencesStore.ets:185:18
 Function may throw exceptions. Special handling is required.
[39m[39m
[33mWARN: [33m[33mArkTS:WARN File: /Users/jordanzt/Work/Projects/opencalc-harmonyos/entry/src/main/ets/preferences/PreferencesStore.ets:191:11
 Function may throw exceptions. Special handling is required.
[39m[39m
[33mWARN: [33m[33mArkTS:WARN File: /Users/jordanzt/Work/Projects/opencalc-harmonyos/entry/src/main/ets/preferences/PreferencesStore.ets:192:11
 Function may throw exceptions. Special handling is required.
[39m[39m
[33mWARN: [33m[33mArkTS:WARN File: /Users/jordanzt/Work/Projects/opencalc-harmonyos/entry/src/main/ets/preferences/PreferencesStore.ets:198:18
 Function may throw exceptions. Special handling is required.
[39m[39m
[33mWARN: [33m[33mArkTS:WARN File: /Users/jordanzt/Work/Projects/opencalc-harmonyos/entry/src/main/ets/preferences/PreferencesStore.ets:204:11
 Function may throw exceptions. Special handling is required.
[39m[39m
[33mWARN: [33m[33mArkTS:WARN File: /Users/jordanzt/Work/Projects/opencalc-harmonyos/entry/src/main/ets/preferences/PreferencesStore.ets:205:11
 Function may throw exceptions. Special handling is required.
[39m[39m
[33mWARN: [33m[33mArkTS:WARN File: /Users/jordanzt/Work/Projects/opencalc-harmonyos/entry/src/main/ets/pages/CalculatorPage.ets:40:42
 'getContext' has been deprecated.
[39m[39m
[33mWARN: [33m[33mArkTS:WARN File: /Users/jordanzt/Work/Projects/opencalc-harmonyos/entry/src/main/ets/pages/CalculatorPage.ets:103:5
 Function may throw exceptions. Special handling is required.
[39m[39m
[33mWARN: [33m[33mArkTS:WARN File: /Users/jordanzt/Work/Projects/opencalc-harmonyos/entry/src/main/ets/pages/CalculatorPage.ets:104:5
 Function may throw exceptions. Special handling is required.
[39m[39m
[33mWARN: [33m[33mArkTS:WARN File: /Users/jordanzt/Work/Projects/opencalc-harmonyos/entry/src/main/ets/pages/CalculatorPage.ets:104:18
 'showToast' has been deprecated.
[39m[39m
[33mWARN: [33mArkTS:WARN File: /Users/jordanzt/Work/Projects/opencalc-harmonyos/entry/src/main/ets/pages/CalculatorPage.ets:13:1
 It's not a recommended way to export struct with '@Entry' decorator, which may cause ACE Engine error in component preview mode.[39m[39m

[2026-05-08T21:51:26.995] [DEBUG] debug-file - worker[2] has one work done.
[2026-05-08T21:51:26.996] [DEBUG] debug-file - default@CompileArkTS work[16] done.
[2026-05-08T21:51:26.996] [DEBUG] debug-file - A work dispatched to worker[2] failed because unable to get work from ready queue.
[2026-05-08T21:51:26.998] [INFO] debug-file - Finished :entry:default@CompileArkTS... after 3 s 46 ms 
[2026-05-08T21:51:26.999] [DEBUG] debug-file - Ark compile task finished.finished time is 225690438587697
[2026-05-08T21:51:26.999] [DEBUG] debug-file - Executing task :entry:default@GeneratePkgModuleJson
[2026-05-08T21:51:26.999] [DEBUG] debug-file - File: '/Users/jordanzt/Work/Projects/opencalc-harmonyos/entry/build/default/intermediates/preload/default/preload.json' from 'preloadSoJsonPath' is not exists, just ignore.
[2026-05-08T21:51:27.000] [DEBUG] debug-file - Error occurs while handling @Input 'shouldDeduplicateHar': The "data" argument must be of type string or an instance of Buffer, TypedArray, or DataView. Received undefined
[2026-05-08T21:51:27.000] [DEBUG] debug-file - Task 'entry:default@GeneratePkgModuleJson' cost while wrapping incremental declarations: 1 ms 
[2026-05-08T21:51:27.000] [DEBUG] debug-file - Incremental task entry:default@GeneratePkgModuleJson pre-execution cost: 1 ms .
[2026-05-08T21:51:27.001] [DEBUG] debug-file - entry : default@GeneratePkgModuleJson cost memory 0.086517333984375
[2026-05-08T21:51:27.001] [INFO] debug-file - UP-TO-DATE :entry:default@GeneratePkgModuleJson...  
[2026-05-08T21:51:27.002] [DEBUG] debug-file - Executing task :entry:default@ProcessCompiledResources
[2026-05-08T21:51:27.002] [DEBUG] debug-file - File: '/Users/jordanzt/Work/Projects/opencalc-harmonyos/entry/build/default/intermediates/preload/default/preload.json' from 'preloadSoJsonPath' is not exists, just ignore.
[2026-05-08T21:51:27.002] [DEBUG] debug-file - Task 'entry:default@ProcessCompiledResources' cost while wrapping incremental declarations: 1 ms 
[2026-05-08T21:51:27.003] [DEBUG] debug-file - entry : default@ProcessCompiledResources cost memory 0.055419921875
[2026-05-08T21:51:27.003] [DEBUG] debug-file - runTaskFromQueue task cost before running: 3 s 417 ms 
[2026-05-08T21:51:27.003] [INFO] debug-file - Finished :entry:default@ProcessCompiledResources... after 1 ms 
[2026-05-08T21:51:27.005] [DEBUG] debug-file - Executing task :entry:default@PackageHap
[2026-05-08T21:51:27.008] [DEBUG] debug-file - entry:default@PackageHap is not up-to-date, since the input file '/Users/jordanzt/Work/Projects/opencalc-harmonyos/entry/build/default/intermediates/loader_out/default/ets' has been changed.
[2026-05-08T21:51:27.008] [DEBUG] debug-file - Incremental task entry:default@PackageHap pre-execution cost: 3 ms .
[2026-05-08T21:51:27.010] [DEBUG] debug-file - Use tool [/Applications/DevEco-Studio.app/Contents/sdk/default/openharmony/toolchains/lib/app_packing_tool.jar]
 [
  'java',
  '-Dfile.encoding=utf-8',
  '-jar',
  '/Applications/DevEco-Studio.app/Contents/sdk/default/openharmony/toolchains/lib/app_packing_tool.jar',
  '--mode',
  'hap',
  '--force',
  'true',
  '--lib-path',
  '/Users/jordanzt/Work/Projects/opencalc-harmonyos/entry/build/default/intermediates/stripped_native_libs/default',
  '--json-path',
  '/Users/jordanzt/Work/Projects/opencalc-harmonyos/entry/build/default/intermediates/package/default/module.json',
  '--resources-path',
  '/Users/jordanzt/Work/Projects/opencalc-harmonyos/entry/build/default/intermediates/res/default/resources',
  '--index-path',
  '/Users/jordanzt/Work/Projects/opencalc-harmonyos/entry/build/default/intermediates/res/default/resources.index',
  '--pack-info-path',
  '/Users/jordanzt/Work/Projects/opencalc-harmonyos/entry/build/default/outputs/default/pack.info',
  '--out-path',
  '/Users/jordanzt/Work/Projects/opencalc-harmonyos/entry/build/default/outputs/default/entry-default-unsigned.hap',
  '--ets-path',
  '/Users/jordanzt/Work/Projects/opencalc-harmonyos/entry/build/default/intermediates/loader_out/default/ets',
  '--pkg-sdk-info-path',
  '/Users/jordanzt/Work/Projects/opencalc-harmonyos/entry/build/default/intermediates/loader/default/pkgSdkInfo.json'
]
[2026-05-08T21:51:27.011] [DEBUG] debug-file - default@PackageHap work[18] is submitted.
[2026-05-08T21:51:27.011] [DEBUG] debug-file - default@PackageHap work[18] is pushed to ready queue.
[2026-05-08T21:51:27.011] [DEBUG] debug-file - A work dispatched to worker[3] failed because unable to get work from ready queue.
[2026-05-08T21:51:27.011] [DEBUG] debug-file - default@PackageHap work[18] has been dispatched to worker[2].
[2026-05-08T21:51:27.011] [DEBUG] debug-file - default@PackageHap work[18] is dispatched.
[2026-05-08T21:51:27.014] [DEBUG] debug-file - entry : default@PackageHap cost memory 0.38483428955078125
[2026-05-08T21:51:27.015] [DEBUG] debug-file - current process  memoryUsage: {
  rss: 590114816,
  heapTotal: 340152320,
  heapUsed: 296793944,
  external: 4794543,
  arrayBuffers: 942022
} os memoryUsage :7.82086181640625
[2026-05-08T21:51:28.688] [DEBUG] debug-file - worker[2] has one work done.
[2026-05-08T21:51:28.688] [DEBUG] debug-file - default@PackageHap work[18] done.
[2026-05-08T21:51:28.689] [INFO] debug-file - Finished :entry:default@PackageHap... after 1 s 684 ms 
[2026-05-08T21:51:28.690] [DEBUG] debug-file - Executing task :entry:default@PackingCheck
[2026-05-08T21:51:28.695] [DEBUG] debug-file - entry : default@PackingCheck cost memory 0.31951141357421875
[2026-05-08T21:51:28.696] [DEBUG] debug-file - runTaskFromQueue task cost before running: 5 s 110 ms 
[2026-05-08T21:51:28.696] [INFO] debug-file - Finished :entry:default@PackingCheck... after 6 ms 
[2026-05-08T21:51:28.697] [DEBUG] debug-file - Executing task :entry:default@SignHap
[2026-05-08T21:51:28.697] [WARN] debug-file - No signingConfig found for product default
[2026-05-08T21:51:28.697] [DEBUG] debug-file - entry:default@SignHap is not up-to-date, since the input file '/Users/jordanzt/Work/Projects/opencalc-harmonyos/entry/build/default/outputs/default/entry-default-unsigned.hap' has been changed.
[2026-05-08T21:51:28.697] [DEBUG] debug-file - Incremental task entry:default@SignHap pre-execution cost: 1 ms .
[2026-05-08T21:51:28.698] [DEBUG] debug-file - entry : default@SignHap cost memory 0.07025909423828125
[2026-05-08T21:51:28.698] [DEBUG] debug-file - runTaskFromQueue task cost before running: 5 s 112 ms 
[2026-05-08T21:51:28.699] [INFO] debug-file - Finished :entry:default@SignHap... after 1 ms 
[2026-05-08T21:51:28.700] [DEBUG] debug-file - Executing task :entry:default@CollectDebugSymbol
[2026-05-08T21:51:28.701] [DEBUG] debug-file - entry : default@CollectDebugSymbol cost memory 0.08577728271484375
[2026-05-08T21:51:28.701] [DEBUG] debug-file - runTaskFromQueue task cost before running: 5 s 116 ms 
[2026-05-08T21:51:28.702] [INFO] debug-file - Finished :entry:default@CollectDebugSymbol... after 2 ms 
[2026-05-08T21:51:28.702] [DEBUG] debug-file - Executing task :entry:assembleHap
[2026-05-08T21:51:28.702] [DEBUG] debug-file - entry : assembleHap cost memory 0.01221466064453125
[2026-05-08T21:51:28.702] [DEBUG] debug-file - runTaskFromQueue task cost before running: 5 s 117 ms 
[2026-05-08T21:51:28.703] [INFO] debug-file - Finished :entry:assembleHap... after 1 ms 
[2026-05-08T21:51:28.705] [INFO] debug-file - BUILD SUCCESSFUL in 5 s 118 ms 
[2026-05-08T21:51:28.705] [DEBUG] debug-file - There is no need to refresh cache, since the incremental task entry:default@PreBuild is up-to-date.
[2026-05-08T21:51:28.705] [DEBUG] debug-file - Update task entry:default@CreateModuleInfo output file:/Users/jordanzt/Work/Projects/opencalc-harmonyos/entry/build/default/generated/profile/default/ModuleInfo.ts cache.
[2026-05-08T21:51:28.705] [DEBUG] debug-file - Incremental task entry:default@CreateModuleInfo post-execution cost:1 ms .
[2026-05-08T21:51:28.708] [DEBUG] debug-file - There is no need to refresh cache, since the incremental task entry:default@GenerateMetadata is up-to-date.
[2026-05-08T21:51:28.708] [DEBUG] debug-file - There is no need to refresh cache, since the incremental task entry:default@MergeProfile is up-to-date.
[2026-05-08T21:51:28.708] [DEBUG] debug-file - There is no need to refresh cache, since the incremental task entry:default@CreateBuildProfile is up-to-date.
[2026-05-08T21:51:28.708] [DEBUG] debug-file - Update task entry:default@GeneratePkgContextInfo output file:/Users/jordanzt/Work/Projects/opencalc-harmonyos/entry/build/default/intermediates/loader/default/pkgContextInfo.json cache.
[2026-05-08T21:51:28.708] [DEBUG] debug-file - Incremental task entry:default@GeneratePkgContextInfo post-execution cost:1 ms .
[2026-05-08T21:51:28.708] [DEBUG] debug-file - There is no need to refresh cache, since the incremental task entry:default@GeneratePkgSdkInfo is up-to-date.
[2026-05-08T21:51:28.708] [DEBUG] debug-file - Update task entry:default@ProcessIntegratedHsp output file:/Users/jordanzt/Work/Projects/opencalc-harmonyos/build/cache/default/integrated_hsp/integratedHspCache.json cache.
[2026-05-08T21:51:28.709] [DEBUG] debug-file - Incremental task entry:default@ProcessIntegratedHsp post-execution cost:1 ms .
[2026-05-08T21:51:28.709] [DEBUG] debug-file - There is no need to refresh cache, since the incremental task entry:default@MakePackInfo is up-to-date.
[2026-05-08T21:51:28.709] [DEBUG] debug-file - Update task entry:default@SyscapTransform input file:/Applications/DevEco-Studio.app/Contents/sdk/default/openharmony/toolchains/syscap_tool cache by regenerate.
[2026-05-08T21:51:28.709] [DEBUG] debug-file - Update task entry:default@SyscapTransform input file:/Applications/DevEco-Studio.app/Contents/sdk/default/openharmony/ets/api/device-define cache by regenerate.
[2026-05-08T21:51:28.710] [DEBUG] debug-file - Update task entry:default@SyscapTransform output file:/Users/jordanzt/Work/Projects/opencalc-harmonyos/entry/build/default/intermediates/syscap/default/rpcid.sc cache.
[2026-05-08T21:51:28.710] [DEBUG] debug-file - Incremental task entry:default@SyscapTransform post-execution cost:2 ms .
[2026-05-08T21:51:28.710] [DEBUG] debug-file - There is no need to refresh cache, since the incremental task entry:default@ProcessProfile is up-to-date.
[2026-05-08T21:51:28.710] [DEBUG] debug-file - There is no need to refresh cache, since the incremental task entry:default@ProcessRouterMap is up-to-date.
[2026-05-08T21:51:28.710] [DEBUG] debug-file - There is no need to refresh cache, since the incremental task entry:default@ProcessShareConfig is up-to-date.
[2026-05-08T21:51:28.711] [DEBUG] debug-file - Update task entry:default@ProcessStartupConfig output file:/Users/jordanzt/Work/Projects/opencalc-harmonyos/entry/build/default/intermediates/startup/default/startup_config.json cache.
[2026-05-08T21:51:28.711] [DEBUG] debug-file - Incremental task entry:default@ProcessStartupConfig post-execution cost:1 ms .
[2026-05-08T21:51:28.711] [DEBUG] debug-file - There is no need to refresh cache, since the incremental task entry:default@ProcessResource is up-to-date.
[2026-05-08T21:51:28.711] [DEBUG] debug-file - There is no need to refresh cache, since the incremental task entry:default@GenerateLoaderJson is up-to-date.
[2026-05-08T21:51:28.711] [DEBUG] debug-file - There is no need to refresh cache, since the incremental task entry:default@ProcessLibs is up-to-date.
[2026-05-08T21:51:28.711] [DEBUG] debug-file - There is no need to refresh cache, since the incremental task entry:default@CompileResource is up-to-date.
[2026-05-08T21:51:28.711] [DEBUG] debug-file - There is no need to refresh cache, since the incremental task entry:default@DoNativeStrip is up-to-date.
[2026-05-08T21:51:28.716] [DEBUG] debug-file - Update task entry:default@CompileArkTS input file:/Users/jordanzt/Work/Projects/opencalc-harmonyos/entry/build/default/intermediates/loader/default cache by regenerate.
[2026-05-08T21:51:28.717] [DEBUG] debug-file - Update task entry:default@CompileArkTS input file:/Users/jordanzt/Work/Projects/opencalc-harmonyos/entry/build/default/intermediates/res/default/ResourceTable.txt cache by regenerate.
[2026-05-08T21:51:28.717] [DEBUG] debug-file - Update task entry:default@CompileArkTS input file:/Users/jordanzt/Work/Projects/opencalc-harmonyos/entry/build/default/intermediates/res/default/ark_module.json cache by regenerate.
[2026-05-08T21:51:28.717] [DEBUG] debug-file - Update task entry:default@CompileArkTS input file:/Users/jordanzt/Work/Projects/opencalc-harmonyos/entry/build/default/intermediates/res/default/resources/base/profile cache by regenerate.
[2026-05-08T21:51:28.717] [DEBUG] debug-file - Update task entry:default@CompileArkTS input file:/Users/jordanzt/Work/Projects/opencalc-harmonyos/entry/src/main/ets cache from map.
[2026-05-08T21:51:28.717] [DEBUG] debug-file - Update task entry:default@CompileArkTS input file:/Users/jordanzt/Work/Projects/opencalc-harmonyos/entry/build/default/generated/profile/default/BuildProfile.ets cache by regenerate.
[2026-05-08T21:51:28.718] [DEBUG] debug-file - Update task entry:default@CompileArkTS output file:/Users/jordanzt/Work/Projects/opencalc-harmonyos/entry/build/default/intermediates/loader_out/default/ets cache.
[2026-05-08T21:51:28.718] [DEBUG] debug-file - Incremental task entry:default@CompileArkTS post-execution cost:8 ms .
[2026-05-08T21:51:28.719] [DEBUG] debug-file - Update task entry:default@BuildJS input file:/Users/jordanzt/Work/Projects/opencalc-harmonyos/entry/build/default/intermediates/loader/default cache by regenerate.
[2026-05-08T21:51:28.720] [DEBUG] debug-file - Update task entry:default@BuildJS input file:/Users/jordanzt/Work/Projects/opencalc-harmonyos/entry/build/default/intermediates/res/default/ResourceTable.txt cache by regenerate.
[2026-05-08T21:51:28.720] [DEBUG] debug-file - Update task entry:default@BuildJS input file:/Users/jordanzt/Work/Projects/opencalc-harmonyos/entry/build/default/intermediates/res/default/ark_module.json cache by regenerate.
[2026-05-08T21:51:28.720] [DEBUG] debug-file - Update task entry:default@BuildJS input file:/Users/jordanzt/Work/Projects/opencalc-harmonyos/entry/build/default/intermediates/res/default/resources/base/profile cache by regenerate.
[2026-05-08T21:51:28.721] [DEBUG] debug-file - Update task entry:default@BuildJS output file:/Users/jordanzt/Work/Projects/opencalc-harmonyos/entry/build/default/intermediates/loader_out/default/js cache.
[2026-05-08T21:51:28.722] [DEBUG] debug-file - Incremental task entry:default@BuildJS post-execution cost:4 ms .
[2026-05-08T21:51:28.722] [DEBUG] debug-file - There is no need to refresh cache, since the incremental task entry:default@CacheNativeLibs is up-to-date.
[2026-05-08T21:51:28.722] [DEBUG] debug-file - There is no need to refresh cache, since the incremental task entry:default@GeneratePkgModuleJson is up-to-date.
[2026-05-08T21:51:28.722] [DEBUG] debug-file - Incremental task entry:default@ProcessCompiledResources post-execution cost:1 ms .
[2026-05-08T21:51:28.723] [DEBUG] debug-file - Update task entry:default@PackageHap input file:/Users/jordanzt/Work/Projects/opencalc-harmonyos/entry/build/default/intermediates/stripped_native_libs/default cache by regenerate.
[2026-05-08T21:51:28.723] [DEBUG] debug-file - Update task entry:default@PackageHap input file:/Users/jordanzt/Work/Projects/opencalc-harmonyos/entry/build/default/intermediates/res/default/module.json cache by regenerate.
[2026-05-08T21:51:28.723] [DEBUG] debug-file - Update task entry:default@PackageHap input file:/Users/jordanzt/Work/Projects/opencalc-harmonyos/entry/build/default/intermediates/res/default/resources cache by regenerate.
[2026-05-08T21:51:28.724] [DEBUG] debug-file - Update task entry:default@PackageHap input file:/Users/jordanzt/Work/Projects/opencalc-harmonyos/entry/build/default/intermediates/res/default/resources.index cache by regenerate.
[2026-05-08T21:51:28.724] [DEBUG] debug-file - Update task entry:default@PackageHap input file:/Users/jordanzt/Work/Projects/opencalc-harmonyos/entry/build/default/outputs/default/pack.info cache by regenerate.
[2026-05-08T21:51:28.725] [DEBUG] debug-file - Update task entry:default@PackageHap input file:/Users/jordanzt/Work/Projects/opencalc-harmonyos/entry/build/default/intermediates/loader_out/default/ets cache from map.
[2026-05-08T21:51:28.725] [DEBUG] debug-file - Update task entry:default@PackageHap input file:/Users/jordanzt/Work/Projects/opencalc-harmonyos/entry/build/default/intermediates/loader/default/pkgSdkInfo.json cache by regenerate.
[2026-05-08T21:51:28.725] [DEBUG] debug-file - Update task entry:default@PackageHap input file:/Users/jordanzt/Work/Projects/opencalc-harmonyos/entry/build/default/intermediates/loader_out/default/ets/sourceMaps.map cache by regenerate.
[2026-05-08T21:51:28.725] [DEBUG] debug-file - Update task entry:default@PackageHap input file:/Users/jordanzt/Work/Projects/opencalc-harmonyos/entry/build/default/generated/profile/default/BuildProfile.ets cache by regenerate.
[2026-05-08T21:51:28.726] [DEBUG] debug-file - Update task entry:default@PackageHap output file:/Users/jordanzt/Work/Projects/opencalc-harmonyos/entry/build/default/outputs/default/entry-default-unsigned.hap cache.
[2026-05-08T21:51:28.726] [DEBUG] debug-file - Update task entry:default@PackageHap output file:/Users/jordanzt/Work/Projects/opencalc-harmonyos/entry/build/default/intermediates/source_map/default/sourceMaps.map cache.
[2026-05-08T21:51:28.726] [DEBUG] debug-file - Update task entry:default@PackageHap output file:/Users/jordanzt/Work/Projects/opencalc-harmonyos/entry/build/default/outputs/default/mapping/sourceMaps.map cache.
[2026-05-08T21:51:28.727] [DEBUG] debug-file - Incremental task entry:default@PackageHap post-execution cost:4 ms .
[2026-05-08T21:51:28.727] [DEBUG] debug-file - Update task entry:default@SignHap input file:/Users/jordanzt/Work/Projects/opencalc-harmonyos/entry/build/default/outputs/default/entry-default-unsigned.hap cache from map.
[2026-05-08T21:51:28.728] [DEBUG] debug-file - Update task entry:default@SignHap output file:/Users/jordanzt/Work/Projects/opencalc-harmonyos/entry/build/default/outputs/default/entry-default-signed.hap cache.
[2026-05-08T21:51:28.728] [DEBUG] debug-file - Incremental task entry:default@SignHap post-execution cost:1 ms .
[2026-05-08T21:51:28.728] [DEBUG] debug-file - Update task entry:default@CollectDebugSymbol input file:/Users/jordanzt/Work/Projects/opencalc-harmonyos/entry/build/default/intermediates/loader_out/default/ets/sourceMaps.map cache by regenerate.
[2026-05-08T21:51:28.728] [DEBUG] debug-file - Update task entry:default@CollectDebugSymbol input file:/Users/jordanzt/Work/Projects/opencalc-harmonyos/entry/build/default/intermediates/libs/default cache by regenerate.
[2026-05-08T21:51:28.728] [DEBUG] debug-file - Update task entry:default@CollectDebugSymbol output file:/Users/jordanzt/Work/Projects/opencalc-harmonyos/entry/build/default/outputs/default/symbol cache.
[2026-05-08T21:51:28.729] [DEBUG] debug-file - Incremental task entry:default@CollectDebugSymbol post-execution cost:1 ms .
[2026-05-08T21:51:28.739] [DEBUG] debug-file - Cleanup worker 1.
[2026-05-08T21:51:28.739] [DEBUG] debug-file - Worker 1 has been cleaned up.
[2026-05-08T21:51:28.739] [DEBUG] debug-file - Current idle worker size: 1.
[2026-05-08T21:51:28.739] [DEBUG] debug-file - Current resident worker size: 2.
[2026-05-08T21:51:28.740] [DEBUG] debug-file - hvigor build process will be closed.
[2026-05-08T21:51:28.751] [DEBUG] debug-file - session manager: send message to worker process.
[2026-05-08T21:51:28.751] [DEBUG] debug-file - session manager: send message to worker process.
[2026-05-08T21:51:28.759] [DEBUG] debug-file - watch worker: worker id should be larger than 0. Nothing will be sent to any worker thread.
[2026-05-08T21:51:28.759] [DEBUG] debug-file - watch worker: worker id should be larger than 0. Nothing will be sent to any worker thread.
[2026-05-08T21:51:28.760] [DEBUG] debug-file - worker[1] exits with exit code 1.
[2026-05-19T14:21:25.175] [DEBUG] debug-file - env: nodejsVersion=v18.20.1
[2026-05-19T14:21:25.187] [DEBUG] debug-file - env: daemon=true
[2026-05-19T14:21:25.175] [DEBUG] debug-file - env: hvigor-config.json5 content = { modelVersion: '6.0.2', dependencies: {} }
[2026-05-19T14:21:25.413] [DEBUG] debug-file - session manager: set active socket. socketId=poVdtHPkuRFMgIgoAAAB
[2026-05-19T14:21:25.455] [DEBUG] debug-file - java daemon tryConnect success
[2026-05-19T14:21:25.647] [DEBUG] debug-file - watch worker: worker id should be larger than 0. Nothing will be sent to any worker thread.
[2026-05-19T14:21:25.648] [DEBUG] debug-file - Since there is no instance or instance is terminated, create a new worker pool.
[2026-05-19T14:21:25.648] [DEBUG] debug-file - Worker pool is initialized with config:  {
  minPoolNum: 2,
  maxPoolNum: undefined,
  maxCoreSize: undefined,
  cacheCapacity: undefined,
  cacheTtl: undefined
}
[2026-05-19T14:21:25.649] [DEBUG] debug-file - Create  resident worker with id: 0.
[2026-05-19T14:21:25.650] [DEBUG] debug-file - Create  resident worker with id: 1.
[2026-05-19T14:21:25.651] [DEBUG] debug-file - Workers' log level updated to INFO
[2026-05-19T14:21:25.655] [DEBUG] debug-file - Hvigor init with startParameters:{
  hvigorfileTypeCheck: false,
  parallelExecution: true,
  incrementalExecution: true,
  printStackTrace: false,
  daemon: true,
  analyze: 0,
  logLevel: Level { level: 20000, levelStr: 'INFO', colour: 'green' },
  optimizationStrategy: 'memory',
  hotCompile: undefined,
  hotReloadBuild: undefined,
  customizedParam: undefined
}
[2026-05-19T14:21:25.655] [DEBUG] debug-file - Since current hvigor version 6.22.3 differs from last hvigor version 
      6.23.5, delete file-cache.json and task-cache.json.
[2026-05-19T14:21:25.656] [DEBUG] debug-file - Cache service initialization finished in 2 ms 
[2026-05-19T14:21:25.657] [DEBUG] debug-file - hvigorfile, resolving /Users/jordanzt/Work/HuaweiWork/Others/Projects/JungleTestLabs/opencalc-harmonyos/hvigorfile.ts
[2026-05-19T14:21:26.306] [DEBUG] debug-file - hvigorfile, require result:  {}
[2026-05-19T14:21:26.306] [DEBUG] debug-file - hvigorfile, binding system plugins {}
[2026-05-19T14:21:26.306] [DEBUG] debug-file - Starting plugin build process
[2026-05-19T14:21:26.306] [DEBUG] debug-file - App plugin prepare start...
[2026-05-19T14:21:26.306] [DEBUG] debug-file - App plugin prepare end...
[2026-05-19T14:21:26.306] [DEBUG] debug-file - App plugin creating...
[2026-05-19T14:21:26.396] [DEBUG] debug-file - App plugin register hook start...
[2026-05-19T14:21:26.396] [DEBUG] debug-file - App plugin register hook end...
[2026-05-19T14:21:26.396] [DEBUG] debug-file - Plugin build process completed
[2026-05-19T14:21:26.397] [DEBUG] debug-file - Start initialize project's product build option map with build mode debug.
[2026-05-19T14:21:26.397] [DEBUG] debug-file - Picking option from product 'default' with build mode 'debug'.
[2026-05-19T14:21:26.397] [DEBUG] debug-file - Product 'default' build option initialized
[2026-05-19T14:21:26.397] [DEBUG] debug-file - End initialize project's product build option map with build mode 'debug'.
[2026-05-19T14:21:26.398] [DEBUG] debug-file - Obtain build option for product 'default'in this build.
[2026-05-19T14:21:26.399] [DEBUG] debug-file - No signingConfig found, initRemoteHspCache failed.
[2026-05-19T14:21:26.400] [DEBUG] debug-file - Local scan or download HarmonyOS sdk components toolchains,ets,js,native,previewer
[2026-05-19T14:21:26.410] [DEBUG] debug-file - hvigor build process will be closed with an error.
[2026-05-19T14:21:26.410] [ERROR] debug-file - [31m00303168 Configuration Error
Error Message: SDK component missing.

* Try the following:
  > Please verify the integrity of your SDK.
  > Please update the SDK at the download link below.
  > More info: https://developer.huawei.com/consumer/en/download
[39m

[31m* Try:
> Run with --stacktrace option to get the stack trace.
> Run with --debug option to get more log output.

[2026-05-19T14:21:26.411] [DEBUG] debug-file - ERROR: stacktrace = AdaptorError: [31m00303168 Configuration Error
Error Message: SDK component missing.

* Try the following:
  > Please verify the integrity of your SDK.
  > Please update the SDK at the download link below.
  > More info: https://developer.huawei.com/consumer/en/download
[39m
    at OhosLogger.printErrorExit (/Applications/DevEco-Studio.app/contents/tools/hvigor/hvigor/src/base/log/hvigor-log.js:1:5087)
    at HmosSdkLoader.getHmosSdkComponents (/Applications/DevEco-Studio.app/contents/tools/hvigor/hvigor-ohos-plugin/src/sdk/hmos-sdk-loader.js:1:1895)
    at HosSdkInfo.setup (/Applications/DevEco-Studio.app/contents/tools/hvigor/hvigor-ohos-plugin/src/sdk/info/hos-sdk-info.js:1:1537)
    at ProjectTaskService.setup (/Applications/DevEco-Studio.app/contents/tools/hvigor/hvigor-ohos-plugin/src/tasks/service/project-task-service.js:1:2525)
    at ProjectImpl.<anonymous> (/Applications/DevEco-Studio.app/contents/tools/hvigor/hvigor-ohos-plugin/src/plugin/builder/app-plugin-builder.js:1:2236)
    at ProjectImpl.executeAfterBindSystemPluginsHook (/Applications/DevEco-Studio.app/contents/tools/hvigor/hvigor/src/base/internal/lifecycle/hvigor-node-impl/default-node-impl.js:1:5526)
    at evaluateNodeVigorFile (/Applications/DevEco-Studio.app/contents/tools/hvigor/hvigor/src/base/internal/lifecycle/configuration.js:1:9340)
    at process.processTicksAndRejections (node:internal/process/task_queues:95:5)
    at async evalProject (/Applications/DevEco-Studio.app/contents/tools/hvigor/hvigor/src/base/internal/lifecycle/configuration.js:1:3544)
    at async configuration (/Applications/DevEco-Studio.app/contents/tools/hvigor/hvigor/src/base/internal/lifecycle/configuration.js:1:2288)
[2026-05-19T14:21:26.411] [ERROR] debug-file - AdaptorError: [31m00303168 Configuration Error
Error Message: SDK component missing.

* Try the following:
  > Please verify the integrity of your SDK.
  > Please update the SDK at the download link below.
  > More info: https://developer.huawei.com/consumer/en/download
[39m
    at OhosLogger.printErrorExit (/Applications/DevEco-Studio.app/contents/tools/hvigor/hvigor/src/base/log/hvigor-log.js:1:5087)
    at HmosSdkLoader.getHmosSdkComponents (/Applications/DevEco-Studio.app/contents/tools/hvigor/hvigor-ohos-plugin/src/sdk/hmos-sdk-loader.js:1:1895)
    at HosSdkInfo.setup (/Applications/DevEco-Studio.app/contents/tools/hvigor/hvigor-ohos-plugin/src/sdk/info/hos-sdk-info.js:1:1537)
    at ProjectTaskService.setup (/Applications/DevEco-Studio.app/contents/tools/hvigor/hvigor-ohos-plugin/src/tasks/service/project-task-service.js:1:2525)
    at ProjectImpl.<anonymous> (/Applications/DevEco-Studio.app/contents/tools/hvigor/hvigor-ohos-plugin/src/plugin/builder/app-plugin-builder.js:1:2236)
    at ProjectImpl.executeAfterBindSystemPluginsHook (/Applications/DevEco-Studio.app/contents/tools/hvigor/hvigor/src/base/internal/lifecycle/hvigor-node-impl/default-node-impl.js:1:5526)
    at evaluateNodeVigorFile (/Applications/DevEco-Studio.app/contents/tools/hvigor/hvigor/src/base/internal/lifecycle/configuration.js:1:9340)
    at process.processTicksAndRejections (node:internal/process/task_queues:95:5)
    at async evalProject (/Applications/DevEco-Studio.app/contents/tools/hvigor/hvigor/src/base/internal/lifecycle/configuration.js:1:3544)
    at async configuration (/Applications/DevEco-Studio.app/contents/tools/hvigor/hvigor/src/base/internal/lifecycle/configuration.js:1:2288)
[2026-05-19T14:21:26.411] [ERROR] debug-file - BUILD FAILED in 760 ms 
[2026-05-19T14:21:26.414] [DEBUG] debug-file - Cleanup worker 0.
[2026-05-19T14:21:26.414] [DEBUG] debug-file - Worker 0 has been cleaned up.
[2026-05-19T14:21:26.414] [DEBUG] debug-file - Current idle worker size: 1.
[2026-05-19T14:21:26.414] [DEBUG] debug-file - Current resident worker size: 2.
[2026-05-19T14:21:26.414] [DEBUG] debug-file - Cleanup worker 1.
[2026-05-19T14:21:26.414] [DEBUG] debug-file - Worker 1 has been cleaned up.
[2026-05-19T14:21:26.414] [DEBUG] debug-file - Current idle worker size: 0.
[2026-05-19T14:21:26.414] [DEBUG] debug-file - Current resident worker size: 2.
[2026-05-19T14:21:26.415] [DEBUG] debug-file - session manager: send message to worker process.
[2026-05-19T14:21:26.415] [DEBUG] debug-file - session manager: send message to worker process.
[2026-05-19T14:21:26.417] [DEBUG] debug-file - hvigor build process will be closed.
[2026-05-19T14:21:26.418] [DEBUG] debug-file - worker[1] exits with exit code 1.
[2026-05-19T14:21:26.418] [DEBUG] debug-file - worker[0] exits with exit code 1.
[2026-05-19T14:21:26.419] [DEBUG] debug-file - watch worker: worker id should be larger than 0. Nothing will be sent to any worker thread.
[2026-05-19T14:21:26.419] [DEBUG] debug-file - watch worker: worker id should be larger than 0. Nothing will be sent to any worker thread.
[2026-05-19T14:21:38.969] [DEBUG] debug-file - env: nodejsVersion=v18.20.1
[2026-05-19T14:21:39.120] [DEBUG] debug-file - Hvigor init with startParameters:{
  hvigorfileTypeCheck: false,
  parallelExecution: true,
  incrementalExecution: true,
  printStackTrace: false,
  daemon: false,
  analyze: 0,
  logLevel: Level { level: 20000, levelStr: 'INFO', colour: 'green' },
  optimizationStrategy: 'memory',
  hotCompile: undefined,
  hotReloadBuild: undefined,
  customizedParam: undefined
}
[2026-05-19T14:21:39.789] [DEBUG] debug-file - hvigorfile, require result:  { appTasks: [Getter] }
[2026-05-19T14:21:39.790] [DEBUG] debug-file - Starting plugin build process
[2026-05-19T14:21:39.882] [DEBUG] debug-file - App plugin register hook start...
[2026-05-19T14:21:39.883] [DEBUG] debug-file - Start initialize project's product build option map with build mode debug.
[2026-05-19T14:21:39.884] [DEBUG] debug-file - Obtain build option for product 'default'in this build.
[2026-05-19T14:21:38.970] [DEBUG] debug-file - env: hvigor-config.json5 content = { modelVersion: '6.0.2', dependencies: {} }
[2026-05-19T14:21:39.120] [DEBUG] debug-file - Since current hvigor version 6.22.3 differs from last hvigor version 
      6.23.5, delete file-cache.json and task-cache.json.
[2026-05-19T14:21:39.903] [DEBUG] debug-file - Create  resident worker with id: 0.
[2026-05-19T14:21:39.789] [DEBUG] debug-file - hvigorfile, binding system plugins { appTasks: [Getter] }
[2026-05-19T14:21:39.790] [DEBUG] debug-file - App plugin prepare start...
[2026-05-19T14:21:39.882] [DEBUG] debug-file - App plugin register hook end...
[2026-05-19T14:21:39.883] [DEBUG] debug-file - Picking option from product 'default' with build mode 'debug'.
[2026-05-19T14:21:39.885] [DEBUG] debug-file - No signingConfig found, initRemoteHspCache failed.
[2026-05-19T14:21:38.971] [DEBUG] debug-file - env: daemon=false
[2026-05-19T14:21:39.120] [DEBUG] debug-file - Cache service initialization finished in 1 ms 
[2026-05-19T14:21:39.904] [DEBUG] debug-file - Create  resident worker with id: 1.
[2026-05-19T14:21:39.790] [DEBUG] debug-file - App plugin prepare end...
[2026-05-19T14:21:39.882] [DEBUG] debug-file - Plugin build process completed
[2026-05-19T14:21:39.883] [DEBUG] debug-file - Product 'default' build option initialized
[2026-05-19T14:21:39.886] [DEBUG] debug-file - Local scan or download HarmonyOS sdk components toolchains,ets,js,native,previewer
[2026-05-19T14:21:38.971] [DEBUG] debug-file - no-daemon, use the parent process.execArgv --max-old-space-size=8192,--max-semi-space-size=16,--expose-gc
[2026-05-19T14:21:39.121] [DEBUG] debug-file - hvigorfile, resolving /Users/jordanzt/Work/HuaweiWork/Others/Projects/JungleTestLabs/opencalc-harmonyos/hvigorfile.ts
[2026-05-19T14:21:39.905] [DEBUG] debug-file - Current worker pool is stopped or closed.
[2026-05-19T14:21:39.790] [DEBUG] debug-file - App plugin creating...
[2026-05-19T14:21:39.883] [DEBUG] debug-file - End initialize project's product build option map with build mode 'debug'.
[2026-05-19T14:21:39.896] [DEBUG] debug-file - hvigor build process will be closed with an error.
[2026-05-19T14:21:39.905] [DEBUG] debug-file - Clear worker 0.
[2026-05-19T14:21:39.897] [ERROR] debug-file - [31m00303168 Configuration Error
Error Message: SDK component missing.

* Try the following:
  > Please verify the integrity of your SDK.
  > Please update the SDK at the download link below.
  > More info: https://developer.huawei.com/consumer/en/download
[39m

[31m* Try:
> Run with --stacktrace option to get the stack trace.
> Run with --debug option to get more log output.

[2026-05-19T14:21:39.905] [DEBUG] debug-file - Worker 0 has been cleared.
[2026-05-19T14:21:39.897] [DEBUG] debug-file - ERROR: stacktrace = AdaptorError: [31m00303168 Configuration Error
Error Message: SDK component missing.

* Try the following:
  > Please verify the integrity of your SDK.
  > Please update the SDK at the download link below.
  > More info: https://developer.huawei.com/consumer/en/download
[39m
    at OhosLogger.printErrorExit (/Applications/DevEco-Studio.app/contents/tools/hvigor/hvigor/src/base/log/hvigor-log.js:1:5087)
    at HmosSdkLoader.getHmosSdkComponents (/Applications/DevEco-Studio.app/contents/tools/hvigor/hvigor-ohos-plugin/src/sdk/hmos-sdk-loader.js:1:1895)
    at HosSdkInfo.setup (/Applications/DevEco-Studio.app/contents/tools/hvigor/hvigor-ohos-plugin/src/sdk/info/hos-sdk-info.js:1:1537)
    at ProjectTaskService.setup (/Applications/DevEco-Studio.app/contents/tools/hvigor/hvigor-ohos-plugin/src/tasks/service/project-task-service.js:1:2525)
    at ProjectImpl.<anonymous> (/Applications/DevEco-Studio.app/contents/tools/hvigor/hvigor-ohos-plugin/src/plugin/builder/app-plugin-builder.js:1:2236)
    at ProjectImpl.executeAfterBindSystemPluginsHook (/Applications/DevEco-Studio.app/contents/tools/hvigor/hvigor/src/base/internal/lifecycle/hvigor-node-impl/default-node-impl.js:1:5526)
    at evaluateNodeVigorFile (/Applications/DevEco-Studio.app/contents/tools/hvigor/hvigor/src/base/internal/lifecycle/configuration.js:1:9340)
    at process.processTicksAndRejections (node:internal/process/task_queues:95:5)
    at async evalProject (/Applications/DevEco-Studio.app/contents/tools/hvigor/hvigor/src/base/internal/lifecycle/configuration.js:1:3544)
    at async configuration (/Applications/DevEco-Studio.app/contents/tools/hvigor/hvigor/src/base/internal/lifecycle/configuration.js:1:2288)
[2026-05-19T14:21:39.905] [DEBUG] debug-file - Current idle worker size: 1.
[2026-05-19T14:21:39.897] [ERROR] debug-file - AdaptorError: [31m00303168 Configuration Error
Error Message: SDK component missing.

* Try the following:
  > Please verify the integrity of your SDK.
  > Please update the SDK at the download link below.
  > More info: https://developer.huawei.com/consumer/en/download
[39m
    at OhosLogger.printErrorExit (/Applications/DevEco-Studio.app/contents/tools/hvigor/hvigor/src/base/log/hvigor-log.js:1:5087)
    at HmosSdkLoader.getHmosSdkComponents (/Applications/DevEco-Studio.app/contents/tools/hvigor/hvigor-ohos-plugin/src/sdk/hmos-sdk-loader.js:1:1895)
    at HosSdkInfo.setup (/Applications/DevEco-Studio.app/contents/tools/hvigor/hvigor-ohos-plugin/src/sdk/info/hos-sdk-info.js:1:1537)
    at ProjectTaskService.setup (/Applications/DevEco-Studio.app/contents/tools/hvigor/hvigor-ohos-plugin/src/tasks/service/project-task-service.js:1:2525)
    at ProjectImpl.<anonymous> (/Applications/DevEco-Studio.app/contents/tools/hvigor/hvigor-ohos-plugin/src/plugin/builder/app-plugin-builder.js:1:2236)
    at ProjectImpl.executeAfterBindSystemPluginsHook (/Applications/DevEco-Studio.app/contents/tools/hvigor/hvigor/src/base/internal/lifecycle/hvigor-node-impl/default-node-impl.js:1:5526)
    at evaluateNodeVigorFile (/Applications/DevEco-Studio.app/contents/tools/hvigor/hvigor/src/base/internal/lifecycle/configuration.js:1:9340)
    at process.processTicksAndRejections (node:internal/process/task_queues:95:5)
    at async evalProject (/Applications/DevEco-Studio.app/contents/tools/hvigor/hvigor/src/base/internal/lifecycle/configuration.js:1:3544)
    at async configuration (/Applications/DevEco-Studio.app/contents/tools/hvigor/hvigor/src/base/internal/lifecycle/configuration.js:1:2288)
[2026-05-19T14:21:39.905] [DEBUG] debug-file - Current busy worker size: 0.
[2026-05-19T14:21:39.898] [ERROR] debug-file - BUILD FAILED in 781 ms 
[2026-05-19T14:21:39.905] [DEBUG] debug-file - Clear worker 1.
[2026-05-19T14:21:39.903] [DEBUG] debug-file - Since there is no instance or instance is terminated, create a new worker pool.
[2026-05-19T14:21:39.905] [DEBUG] debug-file - Worker 1 has been cleared.
[2026-05-19T14:21:39.903] [DEBUG] debug-file - Worker pool is initialized with config:  {
  minPoolNum: 2,
  maxPoolNum: undefined,
  maxCoreSize: undefined,
  cacheCapacity: undefined,
  cacheTtl: undefined
}
[2026-05-19T14:21:39.906] [DEBUG] debug-file - Current idle worker size: 0.
[2026-05-19T14:21:39.906] [DEBUG] debug-file - Current busy worker size: 0.
[2026-05-19T14:21:39.910] [DEBUG] debug-file - hvigor build process will be closed.
[2026-05-19T14:21:39.912] [DEBUG] debug-file - worker[0] exits with exit code 0.
[2026-05-19T14:21:39.912] [DEBUG] debug-file - worker[1] exits with exit code 0.
[2026-05-19T14:21:39.912] [DEBUG] debug-file - Current worker pool is terminated.
[2026-05-19T14:52:07.787] [DEBUG] debug-file - env: nodejsVersion=v18.20.1
[2026-05-19T14:52:07.940] [DEBUG] debug-file - Hvigor init with startParameters:{
  hvigorfileTypeCheck: false,
  parallelExecution: true,
  incrementalExecution: true,
  printStackTrace: false,
  daemon: false,
  analyze: 0,
  logLevel: Level { level: 20000, levelStr: 'INFO', colour: 'green' },
  optimizationStrategy: 'memory',
  hotCompile: undefined,
  hotReloadBuild: undefined,
  customizedParam: undefined
}
[2026-05-19T14:52:08.596] [DEBUG] debug-file - hvigorfile, require result:  { appTasks: [Getter] }
[2026-05-19T14:52:08.596] [DEBUG] debug-file - Starting plugin build process
[2026-05-19T14:52:08.687] [DEBUG] debug-file - App plugin register hook start...
[2026-05-19T14:52:08.688] [DEBUG] debug-file - Start initialize project's product build option map with build mode debug.
[2026-05-19T14:52:08.689] [DEBUG] debug-file - Obtain build option for product 'default'in this build.
[2026-05-19T14:52:07.788] [DEBUG] debug-file - env: hvigor-config.json5 content = { modelVersion: '6.0.2', dependencies: {} }
[2026-05-19T14:52:07.940] [DEBUG] debug-file - Since current hvigor version 6.22.3 differs from last hvigor version 
      6.23.5, delete file-cache.json and task-cache.json.
[2026-05-19T14:52:08.709] [DEBUG] debug-file - Create  resident worker with id: 0.
[2026-05-19T14:52:08.596] [DEBUG] debug-file - hvigorfile, binding system plugins { appTasks: [Getter] }
[2026-05-19T14:52:08.596] [DEBUG] debug-file - App plugin prepare start...
[2026-05-19T14:52:08.687] [DEBUG] debug-file - App plugin register hook end...
[2026-05-19T14:52:08.688] [DEBUG] debug-file - Picking option from product 'default' with build mode 'debug'.
[2026-05-19T14:52:08.690] [DEBUG] debug-file - No signingConfig found, initRemoteHspCache failed.
[2026-05-19T14:52:07.789] [DEBUG] debug-file - env: daemon=false
[2026-05-19T14:52:07.940] [DEBUG] debug-file - Cache service initialization finished in 1 ms 
[2026-05-19T14:52:08.710] [DEBUG] debug-file - Create  resident worker with id: 1.
[2026-05-19T14:52:08.596] [DEBUG] debug-file - App plugin prepare end...
[2026-05-19T14:52:08.687] [DEBUG] debug-file - Plugin build process completed
[2026-05-19T14:52:08.688] [DEBUG] debug-file - Product 'default' build option initialized
[2026-05-19T14:52:08.691] [DEBUG] debug-file - Local scan or download HarmonyOS sdk components toolchains,ets,js,native,previewer
[2026-05-19T14:52:07.789] [DEBUG] debug-file - no-daemon, use the parent process.execArgv --max-old-space-size=8192,--max-semi-space-size=16,--expose-gc
[2026-05-19T14:52:07.941] [DEBUG] debug-file - hvigorfile, resolving /Users/jordanzt/Work/HuaweiWork/Others/Projects/JungleTestLabs/opencalc-harmonyos/hvigorfile.ts
[2026-05-19T14:52:08.711] [DEBUG] debug-file - Current worker pool is stopped or closed.
[2026-05-19T14:52:08.596] [DEBUG] debug-file - App plugin creating...
[2026-05-19T14:52:08.688] [DEBUG] debug-file - End initialize project's product build option map with build mode 'debug'.
[2026-05-19T14:52:08.703] [DEBUG] debug-file - hvigor build process will be closed with an error.
[2026-05-19T14:52:08.711] [DEBUG] debug-file - Clear worker 0.
[2026-05-19T14:52:08.703] [ERROR] debug-file - [31m00303168 Configuration Error
Error Message: SDK component missing.

* Try the following:
  > Please verify the integrity of your SDK.
  > Please update the SDK at the download link below.
  > More info: https://developer.huawei.com/consumer/en/download
[39m

[31m* Try:
> Run with --stacktrace option to get the stack trace.
> Run with --debug option to get more log output.

[2026-05-19T14:52:08.711] [DEBUG] debug-file - Worker 0 has been cleared.
[2026-05-19T14:52:08.703] [DEBUG] debug-file - ERROR: stacktrace = AdaptorError: [31m00303168 Configuration Error
Error Message: SDK component missing.

* Try the following:
  > Please verify the integrity of your SDK.
  > Please update the SDK at the download link below.
  > More info: https://developer.huawei.com/consumer/en/download
[39m
    at OhosLogger.printErrorExit (/Applications/DevEco-Studio.app/contents/tools/hvigor/hvigor/src/base/log/hvigor-log.js:1:5087)
    at HmosSdkLoader.getHmosSdkComponents (/Applications/DevEco-Studio.app/contents/tools/hvigor/hvigor-ohos-plugin/src/sdk/hmos-sdk-loader.js:1:1895)
    at HosSdkInfo.setup (/Applications/DevEco-Studio.app/contents/tools/hvigor/hvigor-ohos-plugin/src/sdk/info/hos-sdk-info.js:1:1537)
    at ProjectTaskService.setup (/Applications/DevEco-Studio.app/contents/tools/hvigor/hvigor-ohos-plugin/src/tasks/service/project-task-service.js:1:2525)
    at ProjectImpl.<anonymous> (/Applications/DevEco-Studio.app/contents/tools/hvigor/hvigor-ohos-plugin/src/plugin/builder/app-plugin-builder.js:1:2236)
    at ProjectImpl.executeAfterBindSystemPluginsHook (/Applications/DevEco-Studio.app/contents/tools/hvigor/hvigor/src/base/internal/lifecycle/hvigor-node-impl/default-node-impl.js:1:5526)
    at evaluateNodeVigorFile (/Applications/DevEco-Studio.app/contents/tools/hvigor/hvigor/src/base/internal/lifecycle/configuration.js:1:9340)
    at process.processTicksAndRejections (node:internal/process/task_queues:95:5)
    at async evalProject (/Applications/DevEco-Studio.app/contents/tools/hvigor/hvigor/src/base/internal/lifecycle/configuration.js:1:3544)
    at async configuration (/Applications/DevEco-Studio.app/contents/tools/hvigor/hvigor/src/base/internal/lifecycle/configuration.js:1:2288)
[2026-05-19T14:52:08.711] [DEBUG] debug-file - Current idle worker size: 1.
[2026-05-19T14:52:08.703] [ERROR] debug-file - AdaptorError: [31m00303168 Configuration Error
Error Message: SDK component missing.

* Try the following:
  > Please verify the integrity of your SDK.
  > Please update the SDK at the download link below.
  > More info: https://developer.huawei.com/consumer/en/download
[39m
    at OhosLogger.printErrorExit (/Applications/DevEco-Studio.app/contents/tools/hvigor/hvigor/src/base/log/hvigor-log.js:1:5087)
    at HmosSdkLoader.getHmosSdkComponents (/Applications/DevEco-Studio.app/contents/tools/hvigor/hvigor-ohos-plugin/src/sdk/hmos-sdk-loader.js:1:1895)
    at HosSdkInfo.setup (/Applications/DevEco-Studio.app/contents/tools/hvigor/hvigor-ohos-plugin/src/sdk/info/hos-sdk-info.js:1:1537)
    at ProjectTaskService.setup (/Applications/DevEco-Studio.app/contents/tools/hvigor/hvigor-ohos-plugin/src/tasks/service/project-task-service.js:1:2525)
    at ProjectImpl.<anonymous> (/Applications/DevEco-Studio.app/contents/tools/hvigor/hvigor-ohos-plugin/src/plugin/builder/app-plugin-builder.js:1:2236)
    at ProjectImpl.executeAfterBindSystemPluginsHook (/Applications/DevEco-Studio.app/contents/tools/hvigor/hvigor/src/base/internal/lifecycle/hvigor-node-impl/default-node-impl.js:1:5526)
    at evaluateNodeVigorFile (/Applications/DevEco-Studio.app/contents/tools/hvigor/hvigor/src/base/internal/lifecycle/configuration.js:1:9340)
    at process.processTicksAndRejections (node:internal/process/task_queues:95:5)
    at async evalProject (/Applications/DevEco-Studio.app/contents/tools/hvigor/hvigor/src/base/internal/lifecycle/configuration.js:1:3544)
    at async configuration (/Applications/DevEco-Studio.app/contents/tools/hvigor/hvigor/src/base/internal/lifecycle/configuration.js:1:2288)
[2026-05-19T14:52:08.711] [DEBUG] debug-file - Current busy worker size: 0.
[2026-05-19T14:52:08.704] [ERROR] debug-file - BUILD FAILED in 768 ms 
[2026-05-19T14:52:08.711] [DEBUG] debug-file - Clear worker 1.
[2026-05-19T14:52:08.709] [DEBUG] debug-file - Since there is no instance or instance is terminated, create a new worker pool.
[2026-05-19T14:52:08.711] [DEBUG] debug-file - Worker 1 has been cleared.
[2026-05-19T14:52:08.709] [DEBUG] debug-file - Worker pool is initialized with config:  {
  minPoolNum: 2,
  maxPoolNum: undefined,
  maxCoreSize: undefined,
  cacheCapacity: undefined,
  cacheTtl: undefined
}
[2026-05-19T14:52:08.711] [DEBUG] debug-file - Current idle worker size: 0.
[2026-05-19T14:52:08.711] [DEBUG] debug-file - Current busy worker size: 0.
[2026-05-19T14:52:08.715] [DEBUG] debug-file - hvigor build process will be closed.
[2026-05-19T14:52:08.717] [DEBUG] debug-file - worker[0] exits with exit code 0.
[2026-05-19T14:52:08.717] [DEBUG] debug-file - worker[1] exits with exit code 0.
[2026-05-19T14:52:08.717] [DEBUG] debug-file - Current worker pool is terminated.
[2026-05-19T14:58:16.762] [DEBUG] debug-file - env: nodejsVersion=v18.20.1
[2026-05-19T14:58:16.913] [DEBUG] debug-file - Hvigor init with startParameters:{
  hvigorfileTypeCheck: false,
  parallelExecution: true,
  incrementalExecution: true,
  printStackTrace: false,
  daemon: false,
  analyze: 0,
  logLevel: Level { level: 20000, levelStr: 'INFO', colour: 'green' },
  optimizationStrategy: 'memory',
  hotCompile: undefined,
  hotReloadBuild: undefined,
  customizedParam: undefined
}
[2026-05-19T14:58:17.574] [DEBUG] debug-file - hvigorfile, require result:  { appTasks: [Getter] }
[2026-05-19T14:58:17.575] [DEBUG] debug-file - Starting plugin build process
[2026-05-19T14:58:17.667] [DEBUG] debug-file - App plugin register hook start...
[2026-05-19T14:58:17.668] [DEBUG] debug-file - Start initialize project's product build option map with build mode debug.
[2026-05-19T14:58:17.669] [DEBUG] debug-file - Obtain build option for product 'default'in this build.
[2026-05-19T14:58:16.763] [DEBUG] debug-file - env: hvigor-config.json5 content = { modelVersion: '6.0.2', dependencies: {} }
[2026-05-19T14:58:16.914] [DEBUG] debug-file - Since current hvigor version 6.22.3 differs from last hvigor version 
      6.23.5, delete file-cache.json and task-cache.json.
[2026-05-19T14:58:17.689] [DEBUG] debug-file - Create  resident worker with id: 0.
[2026-05-19T14:58:17.574] [DEBUG] debug-file - hvigorfile, binding system plugins { appTasks: [Getter] }
[2026-05-19T14:58:17.575] [DEBUG] debug-file - App plugin prepare start...
[2026-05-19T14:58:17.667] [DEBUG] debug-file - App plugin register hook end...
[2026-05-19T14:58:17.668] [DEBUG] debug-file - Picking option from product 'default' with build mode 'debug'.
[2026-05-19T14:58:17.670] [DEBUG] debug-file - No signingConfig found, initRemoteHspCache failed.
[2026-05-19T14:58:16.765] [DEBUG] debug-file - env: daemon=false
[2026-05-19T14:58:16.914] [DEBUG] debug-file - Cache service initialization finished in 1 ms 
[2026-05-19T14:58:17.689] [DEBUG] debug-file - Create  resident worker with id: 1.
[2026-05-19T14:58:17.575] [DEBUG] debug-file - App plugin prepare end...
[2026-05-19T14:58:17.667] [DEBUG] debug-file - Plugin build process completed
[2026-05-19T14:58:17.668] [DEBUG] debug-file - Product 'default' build option initialized
[2026-05-19T14:58:17.671] [DEBUG] debug-file - Local scan or download HarmonyOS sdk components toolchains,ets,js,native,previewer
[2026-05-19T14:58:16.765] [DEBUG] debug-file - no-daemon, use the parent process.execArgv --max-old-space-size=8192,--max-semi-space-size=16,--expose-gc
[2026-05-19T14:58:16.915] [DEBUG] debug-file - hvigorfile, resolving /Users/jordanzt/Work/HuaweiWork/Others/Projects/JungleTestLabs/opencalc-harmonyos/hvigorfile.ts
[2026-05-19T14:58:17.690] [DEBUG] debug-file - Current worker pool is stopped or closed.
[2026-05-19T14:58:17.575] [DEBUG] debug-file - App plugin creating...
[2026-05-19T14:58:17.668] [DEBUG] debug-file - End initialize project's product build option map with build mode 'debug'.
[2026-05-19T14:58:17.682] [DEBUG] debug-file - hvigor build process will be closed with an error.
[2026-05-19T14:58:17.690] [DEBUG] debug-file - Clear worker 0.
[2026-05-19T14:58:17.682] [ERROR] debug-file - [31m00303168 Configuration Error
Error Message: SDK component missing.

* Try the following:
  > Please verify the integrity of your SDK.
  > Please update the SDK at the download link below.
  > More info: https://developer.huawei.com/consumer/en/download
[39m

[31m* Try:
> Run with --stacktrace option to get the stack trace.
> Run with --debug option to get more log output.

[2026-05-19T14:58:17.690] [DEBUG] debug-file - Worker 0 has been cleared.
[2026-05-19T14:58:17.682] [DEBUG] debug-file - ERROR: stacktrace = AdaptorError: [31m00303168 Configuration Error
Error Message: SDK component missing.

* Try the following:
  > Please verify the integrity of your SDK.
  > Please update the SDK at the download link below.
  > More info: https://developer.huawei.com/consumer/en/download
[39m
    at OhosLogger.printErrorExit (/Applications/DevEco-Studio.app/contents/tools/hvigor/hvigor/src/base/log/hvigor-log.js:1:5087)
    at HmosSdkLoader.getHmosSdkComponents (/Applications/DevEco-Studio.app/contents/tools/hvigor/hvigor-ohos-plugin/src/sdk/hmos-sdk-loader.js:1:1895)
    at HosSdkInfo.setup (/Applications/DevEco-Studio.app/contents/tools/hvigor/hvigor-ohos-plugin/src/sdk/info/hos-sdk-info.js:1:1537)
    at ProjectTaskService.setup (/Applications/DevEco-Studio.app/contents/tools/hvigor/hvigor-ohos-plugin/src/tasks/service/project-task-service.js:1:2525)
    at ProjectImpl.<anonymous> (/Applications/DevEco-Studio.app/contents/tools/hvigor/hvigor-ohos-plugin/src/plugin/builder/app-plugin-builder.js:1:2236)
    at ProjectImpl.executeAfterBindSystemPluginsHook (/Applications/DevEco-Studio.app/contents/tools/hvigor/hvigor/src/base/internal/lifecycle/hvigor-node-impl/default-node-impl.js:1:5526)
    at evaluateNodeVigorFile (/Applications/DevEco-Studio.app/contents/tools/hvigor/hvigor/src/base/internal/lifecycle/configuration.js:1:9340)
    at process.processTicksAndRejections (node:internal/process/task_queues:95:5)
    at async evalProject (/Applications/DevEco-Studio.app/contents/tools/hvigor/hvigor/src/base/internal/lifecycle/configuration.js:1:3544)
    at async configuration (/Applications/DevEco-Studio.app/contents/tools/hvigor/hvigor/src/base/internal/lifecycle/configuration.js:1:2288)
[2026-05-19T14:58:17.690] [DEBUG] debug-file - Current idle worker size: 1.
[2026-05-19T14:58:17.682] [ERROR] debug-file - AdaptorError: [31m00303168 Configuration Error
Error Message: SDK component missing.

* Try the following:
  > Please verify the integrity of your SDK.
  > Please update the SDK at the download link below.
  > More info: https://developer.huawei.com/consumer/en/download
[39m
    at OhosLogger.printErrorExit (/Applications/DevEco-Studio.app/contents/tools/hvigor/hvigor/src/base/log/hvigor-log.js:1:5087)
    at HmosSdkLoader.getHmosSdkComponents (/Applications/DevEco-Studio.app/contents/tools/hvigor/hvigor-ohos-plugin/src/sdk/hmos-sdk-loader.js:1:1895)
    at HosSdkInfo.setup (/Applications/DevEco-Studio.app/contents/tools/hvigor/hvigor-ohos-plugin/src/sdk/info/hos-sdk-info.js:1:1537)
    at ProjectTaskService.setup (/Applications/DevEco-Studio.app/contents/tools/hvigor/hvigor-ohos-plugin/src/tasks/service/project-task-service.js:1:2525)
    at ProjectImpl.<anonymous> (/Applications/DevEco-Studio.app/contents/tools/hvigor/hvigor-ohos-plugin/src/plugin/builder/app-plugin-builder.js:1:2236)
    at ProjectImpl.executeAfterBindSystemPluginsHook (/Applications/DevEco-Studio.app/contents/tools/hvigor/hvigor/src/base/internal/lifecycle/hvigor-node-impl/default-node-impl.js:1:5526)
    at evaluateNodeVigorFile (/Applications/DevEco-Studio.app/contents/tools/hvigor/hvigor/src/base/internal/lifecycle/configuration.js:1:9340)
    at process.processTicksAndRejections (node:internal/process/task_queues:95:5)
    at async evalProject (/Applications/DevEco-Studio.app/contents/tools/hvigor/hvigor/src/base/internal/lifecycle/configuration.js:1:3544)
    at async configuration (/Applications/DevEco-Studio.app/contents/tools/hvigor/hvigor/src/base/internal/lifecycle/configuration.js:1:2288)
[2026-05-19T14:58:17.690] [DEBUG] debug-file - Current busy worker size: 0.
[2026-05-19T14:58:17.683] [ERROR] debug-file - BUILD FAILED in 773 ms 
[2026-05-19T14:58:17.690] [DEBUG] debug-file - Clear worker 1.
[2026-05-19T14:58:17.688] [DEBUG] debug-file - Since there is no instance or instance is terminated, create a new worker pool.
[2026-05-19T14:58:17.690] [DEBUG] debug-file - Worker 1 has been cleared.
[2026-05-19T14:58:17.688] [DEBUG] debug-file - Worker pool is initialized with config:  {
  minPoolNum: 2,
  maxPoolNum: undefined,
  maxCoreSize: undefined,
  cacheCapacity: undefined,
  cacheTtl: undefined
}
[2026-05-19T14:58:17.690] [DEBUG] debug-file - Current idle worker size: 0.
[2026-05-19T14:58:17.691] [DEBUG] debug-file - Current busy worker size: 0.
[2026-05-19T14:58:17.694] [DEBUG] debug-file - hvigor build process will be closed.
[2026-05-19T14:58:17.696] [DEBUG] debug-file - worker[0] exits with exit code 0.
[2026-05-19T14:58:17.696] [DEBUG] debug-file - worker[1] exits with exit code 0.
[2026-05-19T14:58:17.696] [DEBUG] debug-file - Current worker pool is terminated.
[2026-05-19T15:29:09.246] [DEBUG] debug-file - env: nodejsVersion=v18.20.1
[2026-05-19T15:29:09.409] [DEBUG] debug-file - Hvigor init with startParameters:{
  hvigorfileTypeCheck: false,
  parallelExecution: true,
  incrementalExecution: true,
  printStackTrace: false,
  daemon: false,
  analyze: 0,
  logLevel: Level { level: 20000, levelStr: 'INFO', colour: 'green' },
  optimizationStrategy: 'memory',
  hotCompile: undefined,
  hotReloadBuild: undefined,
  customizedParam: undefined
}
[2026-05-19T15:29:10.112] [DEBUG] debug-file - hvigorfile, require result:  { appTasks: [Getter] }
[2026-05-19T15:29:10.205] [DEBUG] debug-file - App plugin register hook start...
[2026-05-19T15:29:10.113] [DEBUG] debug-file - Starting plugin build process
[2026-05-19T15:29:10.206] [DEBUG] debug-file - Start initialize project's product build option map with build mode debug.
[2026-05-19T15:29:10.207] [DEBUG] debug-file - Obtain build option for product 'default'in this build.
[2026-05-19T15:29:09.247] [DEBUG] debug-file - env: hvigor-config.json5 content = { modelVersion: '6.0.2', dependencies: {} }
[2026-05-19T15:29:09.410] [DEBUG] debug-file - Since current hvigor version 6.22.3 differs from last hvigor version 
      6.23.5, delete file-cache.json and task-cache.json.
[2026-05-19T15:29:10.225] [DEBUG] debug-file - Create  resident worker with id: 0.
[2026-05-19T15:29:10.112] [DEBUG] debug-file - hvigorfile, binding system plugins { appTasks: [Getter] }
[2026-05-19T15:29:10.205] [DEBUG] debug-file - App plugin register hook end...
[2026-05-19T15:29:10.113] [DEBUG] debug-file - App plugin prepare start...
[2026-05-19T15:29:10.206] [DEBUG] debug-file - Picking option from product 'default' with build mode 'debug'.
[2026-05-19T15:29:10.208] [DEBUG] debug-file - No signingConfig found, initRemoteHspCache failed.
[2026-05-19T15:29:09.248] [DEBUG] debug-file - env: daemon=false
[2026-05-19T15:29:09.410] [DEBUG] debug-file - Cache service initialization finished in 1 ms 
[2026-05-19T15:29:10.226] [DEBUG] debug-file - Create  resident worker with id: 1.
[2026-05-19T15:29:10.205] [DEBUG] debug-file - Plugin build process completed
[2026-05-19T15:29:10.113] [DEBUG] debug-file - App plugin prepare end...
[2026-05-19T15:29:10.206] [DEBUG] debug-file - Product 'default' build option initialized
[2026-05-19T15:29:10.209] [DEBUG] debug-file - Local scan or download HarmonyOS sdk components toolchains,ets,js,native,previewer
[2026-05-19T15:29:09.248] [DEBUG] debug-file - no-daemon, use the parent process.execArgv --max-old-space-size=8192,--max-semi-space-size=16,--expose-gc
[2026-05-19T15:29:09.411] [DEBUG] debug-file - hvigorfile, resolving /Users/jordanzt/Work/HuaweiWork/Others/Projects/JungleTestLabs/opencalc-harmonyos/hvigorfile.ts
[2026-05-19T15:29:10.227] [DEBUG] debug-file - Current worker pool is stopped or closed.
[2026-05-19T15:29:10.113] [DEBUG] debug-file - App plugin creating...
[2026-05-19T15:29:10.206] [DEBUG] debug-file - End initialize project's product build option map with build mode 'debug'.
[2026-05-19T15:29:10.218] [DEBUG] debug-file - hvigor build process will be closed with an error.
[2026-05-19T15:29:10.227] [DEBUG] debug-file - Clear worker 0.
[2026-05-19T15:29:10.219] [ERROR] debug-file - [31m00303168 Configuration Error
Error Message: SDK component missing.

* Try the following:
  > Please verify the integrity of your SDK.
  > Please update the SDK at the download link below.
  > More info: https://developer.huawei.com/consumer/en/download
[39m

[31m* Try:
> Run with --stacktrace option to get the stack trace.
> Run with --debug option to get more log output.

[2026-05-19T15:29:10.227] [DEBUG] debug-file - Worker 0 has been cleared.
[2026-05-19T15:29:10.219] [DEBUG] debug-file - ERROR: stacktrace = AdaptorError: [31m00303168 Configuration Error
Error Message: SDK component missing.

* Try the following:
  > Please verify the integrity of your SDK.
  > Please update the SDK at the download link below.
  > More info: https://developer.huawei.com/consumer/en/download
[39m
    at OhosLogger.printErrorExit (/Applications/DevEco-Studio.app/Contents/tools/hvigor/hvigor/src/base/log/hvigor-log.js:1:5087)
    at HmosSdkLoader.getHmosSdkComponents (/Applications/DevEco-Studio.app/Contents/tools/hvigor/hvigor-ohos-plugin/src/sdk/hmos-sdk-loader.js:1:1895)
    at HosSdkInfo.setup (/Applications/DevEco-Studio.app/Contents/tools/hvigor/hvigor-ohos-plugin/src/sdk/info/hos-sdk-info.js:1:1537)
    at ProjectTaskService.setup (/Applications/DevEco-Studio.app/Contents/tools/hvigor/hvigor-ohos-plugin/src/tasks/service/project-task-service.js:1:2525)
    at ProjectImpl.<anonymous> (/Applications/DevEco-Studio.app/Contents/tools/hvigor/hvigor-ohos-plugin/src/plugin/builder/app-plugin-builder.js:1:2236)
    at ProjectImpl.executeAfterBindSystemPluginsHook (/Applications/DevEco-Studio.app/Contents/tools/hvigor/hvigor/src/base/internal/lifecycle/hvigor-node-impl/default-node-impl.js:1:5526)
    at evaluateNodeVigorFile (/Applications/DevEco-Studio.app/Contents/tools/hvigor/hvigor/src/base/internal/lifecycle/configuration.js:1:9340)
    at process.processTicksAndRejections (node:internal/process/task_queues:95:5)
    at async evalProject (/Applications/DevEco-Studio.app/Contents/tools/hvigor/hvigor/src/base/internal/lifecycle/configuration.js:1:3544)
    at async configuration (/Applications/DevEco-Studio.app/Contents/tools/hvigor/hvigor/src/base/internal/lifecycle/configuration.js:1:2288)
[2026-05-19T15:29:10.227] [DEBUG] debug-file - Current idle worker size: 1.
[2026-05-19T15:29:10.219] [ERROR] debug-file - AdaptorError: [31m00303168 Configuration Error
Error Message: SDK component missing.

* Try the following:
  > Please verify the integrity of your SDK.
  > Please update the SDK at the download link below.
  > More info: https://developer.huawei.com/consumer/en/download
[39m
    at OhosLogger.printErrorExit (/Applications/DevEco-Studio.app/Contents/tools/hvigor/hvigor/src/base/log/hvigor-log.js:1:5087)
    at HmosSdkLoader.getHmosSdkComponents (/Applications/DevEco-Studio.app/Contents/tools/hvigor/hvigor-ohos-plugin/src/sdk/hmos-sdk-loader.js:1:1895)
    at HosSdkInfo.setup (/Applications/DevEco-Studio.app/Contents/tools/hvigor/hvigor-ohos-plugin/src/sdk/info/hos-sdk-info.js:1:1537)
    at ProjectTaskService.setup (/Applications/DevEco-Studio.app/Contents/tools/hvigor/hvigor-ohos-plugin/src/tasks/service/project-task-service.js:1:2525)
    at ProjectImpl.<anonymous> (/Applications/DevEco-Studio.app/Contents/tools/hvigor/hvigor-ohos-plugin/src/plugin/builder/app-plugin-builder.js:1:2236)
    at ProjectImpl.executeAfterBindSystemPluginsHook (/Applications/DevEco-Studio.app/Contents/tools/hvigor/hvigor/src/base/internal/lifecycle/hvigor-node-impl/default-node-impl.js:1:5526)
    at evaluateNodeVigorFile (/Applications/DevEco-Studio.app/Contents/tools/hvigor/hvigor/src/base/internal/lifecycle/configuration.js:1:9340)
    at process.processTicksAndRejections (node:internal/process/task_queues:95:5)
    at async evalProject (/Applications/DevEco-Studio.app/Contents/tools/hvigor/hvigor/src/base/internal/lifecycle/configuration.js:1:3544)
    at async configuration (/Applications/DevEco-Studio.app/Contents/tools/hvigor/hvigor/src/base/internal/lifecycle/configuration.js:1:2288)
[2026-05-19T15:29:10.227] [DEBUG] debug-file - Current busy worker size: 0.
[2026-05-19T15:29:10.220] [ERROR] debug-file - BUILD FAILED in 814 ms 
[2026-05-19T15:29:10.227] [DEBUG] debug-file - Clear worker 1.
[2026-05-19T15:29:10.225] [DEBUG] debug-file - Since there is no instance or instance is terminated, create a new worker pool.
[2026-05-19T15:29:10.227] [DEBUG] debug-file - Worker 1 has been cleared.
[2026-05-19T15:29:10.225] [DEBUG] debug-file - Worker pool is initialized with config:  {
  minPoolNum: 2,
  maxPoolNum: undefined,
  maxCoreSize: undefined,
  cacheCapacity: undefined,
  cacheTtl: undefined
}
[2026-05-19T15:29:10.227] [DEBUG] debug-file - Current idle worker size: 0.
[2026-05-19T15:29:10.227] [DEBUG] debug-file - Current busy worker size: 0.
[2026-05-19T15:29:10.230] [DEBUG] debug-file - hvigor build process will be closed.
[2026-05-19T15:29:10.232] [DEBUG] debug-file - worker[0] exits with exit code 0.
[2026-05-19T15:29:10.232] [DEBUG] debug-file - worker[1] exits with exit code 0.
[2026-05-19T15:29:10.232] [DEBUG] debug-file - Current worker pool is terminated.
[2026-05-19T15:33:44.691] [DEBUG] debug-file - env: nodejsVersion=v18.20.1
[2026-05-19T15:33:44.856] [DEBUG] debug-file - Hvigor init with startParameters:{
  hvigorfileTypeCheck: false,
  parallelExecution: true,
  incrementalExecution: true,
  printStackTrace: false,
  daemon: false,
  analyze: 0,
  logLevel: Level { level: 20000, levelStr: 'INFO', colour: 'green' },
  optimizationStrategy: 'memory',
  hotCompile: undefined,
  hotReloadBuild: undefined,
  customizedParam: undefined
}
[2026-05-19T15:33:45.573] [DEBUG] debug-file - hvigorfile, require result:  { appTasks: [Getter] }
[2026-05-19T15:33:45.574] [DEBUG] debug-file - Starting plugin build process
[2026-05-19T15:33:45.665] [DEBUG] debug-file - App plugin register hook start...
[2026-05-19T15:33:45.666] [DEBUG] debug-file - Start initialize project's product build option map with build mode debug.
[2026-05-19T15:33:45.667] [DEBUG] debug-file - Obtain build option for product 'default'in this build.
[2026-05-19T15:33:45.695] [DEBUG] debug-file - Project task initialization takes 3 ms 
[2026-05-19T15:33:45.699] [DEBUG] debug-file - failed to load cangjie to dynamically generate schemas: Error: Cannot find module '@ohos/cangjie-build-support/index'
Require stack:
- /Applications/DevEco-Studio.app/Contents/tools/hvigor/hvigor-ohos-plugin/src/plugin/hooks/cangjie-register.js
- /Applications/DevEco-Studio.app/Contents/tools/hvigor/hvigor-ohos-plugin/src/plugin/strategy/stage-init-strategy.js
- /Applications/DevEco-Studio.app/Contents/tools/hvigor/hvigor-ohos-plugin/src/plugin/builder/abstract-plugin-builder.js
- /Applications/DevEco-Studio.app/Contents/tools/hvigor/hvigor-ohos-plugin/src/plugin/builder/app-plugin-builder.js
- /Applications/DevEco-Studio.app/Contents/tools/hvigor/hvigor-ohos-plugin/src/plugin/factory/plugin-factory.js
- /Applications/DevEco-Studio.app/Contents/tools/hvigor/hvigor-ohos-plugin/index.js
- /Users/jordanzt/Work/HuaweiWork/Others/Projects/JungleTestLabs/opencalc-harmonyos/hvigorfile.ts
- /Applications/DevEco-Studio.app/Contents/tools/hvigor/hvigor/src/base/internal/lifecycle/configuration.js
- /Applications/DevEco-Studio.app/Contents/tools/hvigor/hvigor/src/base/boot/index.js
- /Applications/DevEco-Studio.app/Contents/tools/hvigor/hvigor/src/cli/main/cli.js
- /Applications/DevEco-Studio.app/Contents/tools/hvigor/hvigor/bin/hvigor.js
[2026-05-19T15:33:45.705] [DEBUG] debug-file - Start initialize module-target build option map, moduleName=entry, buildMode=debug
[2026-05-19T15:33:45.709] [DEBUG] debug-file - start to load updatedOhPackageInfo to the disk
[2026-05-19T15:33:45.708] [DEBUG] debug-file - project has submodules:entry
[2026-05-19T15:33:45.715] [DEBUG] debug-file - Start to initialize dependency information.
[2026-05-19T15:33:45.732] [DEBUG] debug-file - entry : clean cost memory 0.7978134155273438
[2026-05-19T15:33:45.735] [DEBUG] debug-file - Executing task :entry:default@PreBuild
[2026-05-19T15:33:45.800] [DEBUG] debug-file - Executing task :entry:default@GenerateMetadata
[2026-05-19T15:33:45.805] [DEBUG] debug-file - Executing task :entry:default@CreateBuildProfile
[2026-05-19T15:33:45.807] [DEBUG] debug-file - Executing task :entry:default@GeneratePkgContextInfo
[2026-05-19T15:33:45.806] [DEBUG] debug-file - Executing task :entry:default@PreCheckSyscap
[2026-05-19T15:33:45.812] [DEBUG] debug-file - Executing task :entry:default@ProcessIntegratedHsp
[2026-05-19T15:33:45.813] [DEBUG] debug-file - Executing task :entry:default@MakePackInfo
[2026-05-19T15:33:45.812] [DEBUG] debug-file - Executing task :entry:default@BuildNativeWithCmake
[2026-05-19T15:33:45.815] [DEBUG] debug-file - Executing task :entry:default@ProcessProfile
[2026-05-19T15:33:45.814] [DEBUG] debug-file - Executing task :entry:default@SyscapTransform
[2026-05-19T15:33:45.871] [DEBUG] debug-file - Executing task :entry:default@ProcessShareConfig
[2026-05-19T15:33:45.870] [DEBUG] debug-file - Executing task :entry:default@ProcessRouterMap
[2026-05-19T15:33:45.672] [DEBUG] debug-file - Start recording SDK configuration permission data.
[2026-05-19T15:33:45.875] [DEBUG] debug-file - Executing task :entry:default@ProcessResource
[2026-05-19T15:33:45.877] [DEBUG] debug-file - Executing task :entry:default@GenerateLoaderJson
[2026-05-19T15:33:45.874] [DEBUG] debug-file - Executing task :entry:default@BuildNativeWithNinja
[2026-05-19T15:33:45.873] [DEBUG] debug-file - Executing task :entry:default@ProcessStartupConfig
[2026-05-19T15:33:45.880] [DEBUG] debug-file - Executing task :entry:default@ProcessLibs
[2026-05-19T15:33:45.883] [DEBUG] debug-file - Executing task :entry:default@CompileResource
[2026-05-19T15:33:44.691] [DEBUG] debug-file - env: hvigor-config.json5 content = { modelVersion: '6.0.2', dependencies: {} }
[2026-05-19T15:33:45.887] [DEBUG] debug-file - current process  memoryUsage: {
  rss: 274497536,
  heapTotal: 169852928,
  heapUsed: 134759824,
  external: 2990802,
  arrayBuffers: 183018
} os memoryUsage :15.752975463867188
[2026-05-19T15:33:44.856] [DEBUG] debug-file - Since current hvigor version 6.22.3 differs from last hvigor version 
      6.23.5, delete file-cache.json and task-cache.json.
[2026-05-19T15:33:45.574] [DEBUG] debug-file - hvigorfile, binding system plugins { appTasks: [Getter] }
[2026-05-19T15:33:45.574] [DEBUG] debug-file - App plugin prepare start...
[2026-05-19T15:33:45.665] [DEBUG] debug-file - App plugin register hook end...
[2026-05-19T15:33:45.666] [DEBUG] debug-file - Picking option from product 'default' with build mode 'debug'.
[2026-05-19T15:33:45.668] [DEBUG] debug-file - No signingConfig found, initRemoteHspCache failed.
[2026-05-19T15:33:45.695] [DEBUG] debug-file - hvigorfile, resolve finished /Users/jordanzt/Work/HuaweiWork/Others/Projects/JungleTestLabs/opencalc-harmonyos/hvigorfile.ts
[2026-05-19T15:33:45.705] [DEBUG] debug-file - Target 'default' config initialized
[2026-05-19T15:33:45.711] [DEBUG] debug-file - load to the disk finished
[2026-05-19T15:33:45.716] [DEBUG] debug-file - Module entry Collected Dependency: 
[2026-05-19T15:33:45.732] [DEBUG] debug-file - runTaskFromQueue task cost before running: 880 ms 
[2026-05-19T15:33:45.736] [DEBUG] debug-file - Task 'entry:default@PreBuild' cost while wrapping incremental declarations: 1 ms 
[2026-05-19T15:33:45.801] [DEBUG] debug-file - Task 'entry:default@GenerateMetadata' cost while wrapping incremental declarations: 1 ms 
[2026-05-19T15:33:45.805] [DEBUG] debug-file - Task 'entry:default@CreateBuildProfile' cost while wrapping incremental declarations: 1 ms 
[2026-05-19T15:33:45.810] [DEBUG] debug-file - Task 'entry:default@GeneratePkgContextInfo' cost while wrapping incremental declarations: 1 ms 
[2026-05-19T15:33:45.806] [DEBUG] debug-file - entry : default@PreCheckSyscap cost memory 0.013458251953125
[2026-05-19T15:33:45.812] [DEBUG] debug-file - entry : default@ProcessIntegratedHsp cost memory 0.030792236328125
[2026-05-19T15:33:45.813] [DEBUG] debug-file - Module Pack Info:  {
  summary: {
    app: { bundleName: 'c***r', bundleType: 'app', version: [Object] },
    modules: [ [Object] ]
  },
  packages: [
    {
      deviceType: [Array],
      moduleType: 'entry',
      deliveryWithInstall: true,
      name: 'entry-default'
    }
  ]
}
[2026-05-19T15:33:45.812] [DEBUG] debug-file - entry : default@BuildNativeWithCmake cost memory 0.0139007568359375
[2026-05-19T15:33:45.816] [DEBUG] debug-file - Task 'entry:default@ProcessProfile' cost while wrapping incremental declarations: 1 ms 
[2026-05-19T15:33:45.814] [DEBUG] debug-file - File: '/Users/jordanzt/Work/HuaweiWork/Others/Projects/JungleTestLabs/opencalc-harmonyos/entry/src/main/syscap.json' from 'sysCapJsonPath' is not exists, just ignore.
[2026-05-19T15:33:45.872] [DEBUG] debug-file - entry : default@ProcessShareConfig cost memory 0.06207275390625
[2026-05-19T15:33:45.871] [DEBUG] debug-file - entry : default@ProcessRouterMap cost memory 0.07430267333984375
[2026-05-19T15:33:45.692] [DEBUG] debug-file - Sdk init in 24 ms 
[2026-05-19T15:33:45.875] [DEBUG] debug-file - Task 'entry:default@ProcessResource' cost while wrapping incremental declarations: 1 ms 
[2026-05-19T15:33:45.877] [DEBUG] debug-file - Task 'entry:default@GenerateLoaderJson' cost while wrapping incremental declarations: 1 ms 
[2026-05-19T15:33:45.874] [DEBUG] debug-file - entry : default@BuildNativeWithNinja cost memory 0.02483367919921875
[2026-05-19T15:33:45.873] [DEBUG] debug-file - Task 'entry:default@ProcessStartupConfig' cost while wrapping incremental declarations: 1 ms 
[2026-05-19T15:33:45.882] [DEBUG] debug-file - Worker dispatch failed, running processLibs on main thread.
[2026-05-19T15:33:45.887] [DEBUG] debug-file - Use tool [/Applications/DevEco-Studio.app/Contents/sdk/default/openharmony/toolchains/restool]
 [
  '/Applications/DevEco-Studio.app/Contents/sdk/default/openharmony/toolchains/restool',
  '-l',
  '/Users/jordanzt/Work/HuaweiWork/Others/Projects/JungleTestLabs/opencalc-harmonyos/entry/build/default/intermediates/res/default/resConfig.json'
]
[2026-05-19T15:33:44.692] [DEBUG] debug-file - env: daemon=false
[2026-05-19T15:33:44.857] [DEBUG] debug-file - Cache service initialization finished in 1 ms 
[2026-05-19T15:33:45.574] [DEBUG] debug-file - App plugin prepare end...
[2026-05-19T15:33:45.665] [DEBUG] debug-file - Plugin build process completed
[2026-05-19T15:33:45.666] [DEBUG] debug-file - Product 'default' build option initialized
[2026-05-19T15:33:45.669] [DEBUG] debug-file - Local scan or download HarmonyOS sdk components toolchains,ets,js,native,previewer
[2026-05-19T15:33:45.695] [DEBUG] debug-file - hvigorfile, resolving /Users/jordanzt/Work/HuaweiWork/Others/Projects/JungleTestLabs/opencalc-harmonyos/entry/hvigorfile.ts
[2026-05-19T15:33:45.705] [DEBUG] debug-file - Module 'entry' target 'default' build option initialized
[2026-05-19T15:33:45.712] [DEBUG] debug-file - Start to initialize dependency information.
[2026-05-19T15:33:45.716] [DEBUG] debug-file - Module entry's total dependency: 0
[2026-05-19T15:33:45.733] [INFO] debug-file - Finished :entry:clean... after 14 ms 
[2026-05-19T15:33:45.798] [DEBUG] debug-file - current product is not Atomic service.
[2026-05-19T15:33:45.801] [DEBUG] debug-file - entry : default@GenerateMetadata cost memory 0.0566558837890625
[2026-05-19T15:33:45.805] [DEBUG] debug-file - entry : default@CreateBuildProfile cost memory 0.05989837646484375
[2026-05-19T15:33:45.810] [DEBUG] debug-file - entry : default@GeneratePkgContextInfo cost memory 0.36661529541015625
[2026-05-19T15:33:45.806] [DEBUG] debug-file - runTaskFromQueue task cost before running: 954 ms 
[2026-05-19T15:33:45.812] [DEBUG] debug-file - runTaskFromQueue task cost before running: 960 ms 
[2026-05-19T15:33:45.814] [DEBUG] debug-file - entry : default@MakePackInfo cost memory 0.33571624755859375
[2026-05-19T15:33:45.812] [DEBUG] debug-file - runTaskFromQueue task cost before running: 961 ms 
[2026-05-19T15:33:45.816] [DEBUG] debug-file - [
  '/Applications/DevEco-Studio.app/Contents/tools/node/bin/node',
  '/Applications/DevEco-Studio.app/Contents/sdk/default/openharmony/ets/build-tools/ets-loader/bin/ark/ts2abc.js',
  '--target-api-version',
  '22'
]
[2026-05-19T15:33:45.814] [DEBUG] debug-file - Task 'entry:default@SyscapTransform' cost while wrapping incremental declarations: 1 ms 
[2026-05-19T15:33:45.872] [DEBUG] debug-file - runTaskFromQueue task cost before running: 1 s 20 ms 
[2026-05-19T15:33:45.871] [DEBUG] debug-file - runTaskFromQueue task cost before running: 1 s 19 ms 
[2026-05-19T15:33:45.876] [DEBUG] debug-file - entry : default@ProcessResource cost memory 0.11275482177734375
[2026-05-19T15:33:45.879] [DEBUG] debug-file - entry : default@GenerateLoaderJson cost memory 0.268463134765625
[2026-05-19T15:33:45.874] [DEBUG] debug-file - runTaskFromQueue task cost before running: 1 s 22 ms 
[2026-05-19T15:33:45.873] [DEBUG] debug-file - entry : default@ProcessStartupConfig cost memory 0.05893707275390625
[2026-05-19T15:33:45.882] [DEBUG] debug-file - entry : default@ProcessLibs cost memory 0.5411453247070312
[2026-05-19T15:33:44.692] [DEBUG] debug-file - no-daemon, use the parent process.execArgv --max-old-space-size=8192,--max-semi-space-size=16,--expose-gc
[2026-05-19T15:33:44.857] [DEBUG] debug-file - hvigorfile, resolving /Users/jordanzt/Work/HuaweiWork/Others/Projects/JungleTestLabs/opencalc-harmonyos/hvigorfile.ts
[2026-05-19T15:33:45.574] [DEBUG] debug-file - App plugin creating...
[2026-05-19T15:33:45.666] [DEBUG] debug-file - End initialize project's product build option map with build mode 'debug'.
[2026-05-19T15:33:45.670] [DEBUG] debug-file - Local scan or download hmscore sdk components toolchains,ets,native
[2026-05-19T15:33:45.698] [DEBUG] debug-file - hvigorfile, require result:  { hapTasks: [Getter] }
[2026-05-19T15:33:45.705] [DEBUG] debug-file - End initialize module-target build option map, moduleName=entry
[2026-05-19T15:33:45.715] [DEBUG] debug-file - Module opencalc-harmonyos Collected Dependency: 
[2026-05-19T15:33:45.717] [DEBUG] debug-file - Configuration phase cost:861 ms 
[2026-05-19T15:33:45.733] [DEBUG] debug-file - Executing task ::clean
[2026-05-19T15:33:45.798] [DEBUG] debug-file - Use tool [darwin: JAVA_HOME, CLASSPATH]
 [
  {
    JAVA_HOME: '/Applications/DevEco-Studio.app/Contents/jbr/Contents/Home'
  },
  { CLASSPATH: undefined }
]
[2026-05-19T15:33:45.801] [DEBUG] debug-file - runTaskFromQueue task cost before running: 950 ms 
[2026-05-19T15:33:45.805] [DEBUG] debug-file - runTaskFromQueue task cost before running: 954 ms 
[2026-05-19T15:33:45.810] [DEBUG] debug-file - runTaskFromQueue task cost before running: 959 ms 
[2026-05-19T15:33:45.806] [INFO] debug-file - Finished :entry:default@PreCheckSyscap... after 1 ms 
[2026-05-19T15:33:45.812] [INFO] debug-file - Finished :entry:default@ProcessIntegratedHsp... after 1 ms 
[2026-05-19T15:33:45.814] [DEBUG] debug-file - runTaskFromQueue task cost before running: 962 ms 
[2026-05-19T15:33:45.812] [INFO] debug-file - Finished :entry:default@BuildNativeWithCmake... after 1 ms 
[2026-05-19T15:33:45.868] [DEBUG] debug-file - 13.0.1.0
[2026-05-19T15:33:45.815] [DEBUG] debug-file - entry : default@SyscapTransform cost memory 0.047698974609375
[2026-05-19T15:33:45.872] [INFO] debug-file - Finished :entry:default@ProcessShareConfig... after 1 ms 
[2026-05-19T15:33:45.871] [INFO] debug-file - Finished :entry:default@ProcessRouterMap... after 1 ms 
[2026-05-19T15:33:45.879] [DEBUG] debug-file - runTaskFromQueue task cost before running: 1 s 28 ms 
[2026-05-19T15:33:45.873] [DEBUG] debug-file - runTaskFromQueue task cost before running: 1 s 21 ms 
[2026-05-19T15:33:45.882] [DEBUG] debug-file - runTaskFromQueue task cost before running: 1 s 31 ms 
[2026-05-19T15:33:45.876] [DEBUG] debug-file - runTaskFromQueue task cost before running: 1 s 24 ms 
[2026-05-19T15:33:45.874] [INFO] debug-file - Finished :entry:default@BuildNativeWithNinja... after 1 ms 
[2026-05-19T15:33:45.705] [DEBUG] debug-file - Start initialize module-target build option map, moduleName=entry, buildMode=release
[2026-05-19T15:33:45.715] [DEBUG] debug-file - Module opencalc-harmonyos's total dependency: 0
[2026-05-19T15:33:45.698] [DEBUG] debug-file - hvigorfile, binding system plugins { hapTasks: [Getter] }
[2026-05-19T15:33:45.718] [DEBUG] debug-file - Configuration task cost before running: 867 ms 
[2026-05-19T15:33:45.733] [DEBUG] debug-file - clean: Worker pool is inactive.
[2026-05-19T15:33:45.802] [INFO] debug-file - Finished :entry:default@GenerateMetadata... after 2 ms 
[2026-05-19T15:33:45.805] [INFO] debug-file - Finished :entry:default@CreateBuildProfile... after 1 ms 
[2026-05-19T15:33:45.810] [INFO] debug-file - Finished :entry:default@GeneratePkgContextInfo... after 4 ms 
[2026-05-19T15:33:45.798] [DEBUG] debug-file - Use tool [darwin: NODE_HOME]
 [ { NODE_HOME: undefined } ]
[2026-05-19T15:33:45.815] [DEBUG] debug-file - runTaskFromQueue task cost before running: 963 ms 
[2026-05-19T15:33:45.880] [INFO] debug-file - Finished :entry:default@GenerateLoaderJson... after 3 ms 
[2026-05-19T15:33:45.873] [INFO] debug-file - Finished :entry:default@ProcessStartupConfig... after 1 ms 
[2026-05-19T15:33:45.883] [INFO] debug-file - Finished :entry:default@ProcessLibs... after 3 ms 
[2026-05-19T15:33:45.814] [INFO] debug-file - Finished :entry:default@MakePackInfo... after 2 ms 
[2026-05-19T15:33:45.869] [DEBUG] debug-file - No need to add fake ui ability because of not in preview process.
[2026-05-19T15:33:45.876] [INFO] debug-file - Finished :entry:default@ProcessResource... after 2 ms 
[2026-05-19T15:33:45.874] [DEBUG] debug-file - restool module names: entry; moduleName=entry, taskName=default@ProcessResource
[2026-05-19T15:33:45.705] [DEBUG] debug-file - Target 'default' config initialized
[2026-05-19T15:33:45.698] [DEBUG] debug-file - Starting plugin build process
[2026-05-19T15:33:45.719] [DEBUG] debug-file - Executing task :entry:clean
[2026-05-19T15:33:45.733] [DEBUG] debug-file - opencalc-harmonyos : clean cost memory 0.01944732666015625
[2026-05-19T15:33:45.802] [DEBUG] debug-file - Executing task :entry:default@ConfigureCmake
[2026-05-19T15:33:45.815] [INFO] debug-file - Finished :entry:default@SyscapTransform... after 1 ms 
[2026-05-19T15:33:45.883] [DEBUG] debug-file - restool module names: entry; moduleName=entry, taskName=default@CompileResource
[2026-05-19T15:33:45.799] [DEBUG] debug-file - entry : default@PreBuild cost memory 5.486114501953125
[2026-05-19T15:33:45.869] [DEBUG] debug-file - entry : default@ProcessProfile cost memory 0.23851776123046875
[2026-05-19T15:33:45.705] [DEBUG] debug-file - Module 'entry' target 'default' build option initialized
[2026-05-19T15:33:45.719] [DEBUG] debug-file - clean: Worker pool is inactive.
[2026-05-19T15:33:45.802] [DEBUG] debug-file - entry : default@ConfigureCmake cost memory 0.01210784912109375
[2026-05-19T15:33:45.733] [DEBUG] debug-file - runTaskFromQueue task cost before running: 881 ms 
[2026-05-19T15:33:45.698] [DEBUG] debug-file - Hap plugin creating...
[2026-05-19T15:33:45.705] [DEBUG] debug-file - End initialize module-target build option map, moduleName=entry
[2026-05-19T15:33:45.799] [DEBUG] debug-file - runTaskFromQueue task cost before running: 947 ms 
[2026-05-19T15:33:45.733] [INFO] debug-file - Finished ::clean... after 1 ms 
[2026-05-19T15:33:45.869] [DEBUG] debug-file - runTaskFromQueue task cost before running: 1 s 18 ms 
[2026-05-19T15:33:45.802] [DEBUG] debug-file - runTaskFromQueue task cost before running: 950 ms 
[2026-05-19T15:33:45.705] [DEBUG] debug-file - Start initialize module-target build option map, moduleName=entry, buildMode=debug
[2026-05-19T15:33:45.799] [INFO] debug-file - Finished :entry:default@PreBuild... after 64 ms 
[2026-05-19T15:33:45.869] [INFO] debug-file - Finished :entry:default@ProcessProfile... after 54 ms 
[2026-05-19T15:33:45.802] [INFO] debug-file - Finished :entry:default@ConfigureCmake... after 1 ms 
[2026-05-19T15:33:45.705] [DEBUG] debug-file - Target 'default' config initialized
[2026-05-19T15:33:45.799] [DEBUG] debug-file - Executing task :entry:default@CreateModuleInfo
[2026-05-19T15:33:45.802] [DEBUG] debug-file - Executing task :entry:default@MergeProfile
[2026-05-19T15:33:45.705] [DEBUG] debug-file - Module 'entry' target 'default' build option initialized
[2026-05-19T15:33:45.800] [DEBUG] debug-file - Task 'entry:default@CreateModuleInfo' cost while wrapping incremental declarations: 1 ms 
[2026-05-19T15:33:45.802] [DEBUG] debug-file - Task 'entry:default@MergeProfile' cost while wrapping incremental declarations: 1 ms 
[2026-05-19T15:33:45.705] [DEBUG] debug-file - End initialize module-target build option map, moduleName=entry
[2026-05-19T15:33:45.800] [DEBUG] debug-file - entry : default@CreateModuleInfo cost memory 0.03768157958984375
[2026-05-19T15:33:45.803] [DEBUG] debug-file - Change app api release type with 'Release'
[2026-05-19T15:33:45.705] [DEBUG] debug-file - Obtain build option for module 'entry' target 'default'in this build.
[2026-05-19T15:33:45.800] [DEBUG] debug-file - runTaskFromQueue task cost before running: 948 ms 
[2026-05-19T15:33:45.803] [DEBUG] debug-file - Change app compile API version with '6.0.2.130'
[2026-05-19T15:33:45.800] [INFO] debug-file - Finished :entry:default@CreateModuleInfo... after 1 ms 
[2026-05-19T15:33:45.708] [DEBUG] debug-file - Module entry task initialization takes 2 ms 
[2026-05-19T15:33:45.803] [DEBUG] debug-file - Change app target API version with '60002022'
[2026-05-19T15:33:45.708] [DEBUG] debug-file - Hap plugin register hook start...
[2026-05-19T15:33:45.803] [DEBUG] debug-file - Change app minimum API version with '60002022'
[2026-05-19T15:33:45.708] [DEBUG] debug-file - Hap plugin register hook end...
[2026-05-19T15:33:45.803] [DEBUG] debug-file - Use cli appEnvironment
[2026-05-19T15:33:45.708] [DEBUG] debug-file - Plugin build process completed
[2026-05-19T15:33:45.804] [DEBUG] debug-file - entry : default@MergeProfile cost memory 0.1236572265625
[2026-05-19T15:33:45.708] [DEBUG] debug-file - hvigorfile, resolve finished /Users/jordanzt/Work/HuaweiWork/Others/Projects/JungleTestLabs/opencalc-harmonyos/entry/hvigorfile.ts
[2026-05-19T15:33:45.804] [DEBUG] debug-file - runTaskFromQueue task cost before running: 952 ms 
[2026-05-19T15:33:45.804] [INFO] debug-file - Finished :entry:default@MergeProfile... after 2 ms 
[2026-05-19T15:33:45.901] [DEBUG] debug-file - Info: Pack: normal pack mode

[2026-05-19T15:33:45.920] [DEBUG] debug-file - Info: hardware concurrency count is : 12
Info: thread count is : 12
Info: thread pool is started

[2026-05-19T15:33:45.921] [DEBUG] debug-file - Info: GenericCompiler::CompileFiles

[2026-05-19T15:33:45.921] [DEBUG] debug-file - Info: GenericCompiler::CompileFiles

[2026-05-19T15:33:45.923] [DEBUG] debug-file - 05-19 15:33:45.922 69203 5839418 E C01400/ImageTranscoderUtils: DecodeToRGBA IN
05-19 15:33:45.923 69203 5839418 E C01400/ImageTranscoderUtils: ImageFilter IN /Users/jordanzt/Work/HuaweiWork/Others/Projects/JungleTestLabs/opencalc-harmonyos/entry/src/main/resources/base/media/app_icon.png

[2026-05-19T15:33:45.925] [DEBUG] debug-file - 05-19 15:33:45.925 69203 5839418 E C01400/ImageTranscoder: TranscodeSLR Only zoom-out is supported.

[2026-05-19T15:33:45.925] [DEBUG] debug-file - Warning: ScaleImage failed, error message: INVALID_PARAMETERS, file path = /Users/jordanzt/Work/HuaweiWork/Others/Projects/JungleTestLabs/opencalc-harmonyos/entry/src/main/resources/base/media/app_icon.png

[2026-05-19T15:33:45.926] [DEBUG] debug-file - Info: restool resources compile success.

[2026-05-19T15:33:45.927] [DEBUG] debug-file - Info: thread pool is stopped

[2026-05-19T15:33:45.928] [WARN] debug-file - Warning: 'record' node is empty, please check the JSON file.
at /Applications/DevEco-Studio.app/Contents/sdk/default/hms/toolchains/id_defined.json
Warning: 'record' node is empty, please check the JSON file.
at /Applications/DevEco-Studio.app/Contents/sdk/default/openharmony/toolchains/id_defined.json

[2026-05-19T15:33:45.928] [DEBUG] debug-file - entry : default@CompileResource cost memory -8.819557189941406
[2026-05-19T15:33:45.929] [DEBUG] debug-file - Executing task :entry:default@DoNativeStrip
[2026-05-19T15:33:45.928] [DEBUG] debug-file - runTaskFromQueue task cost before running: 1 s 77 ms 
[2026-05-19T15:33:45.929] [DEBUG] debug-file - Task 'entry:default@DoNativeStrip' cost while wrapping incremental declarations: 1 ms 
[2026-05-19T15:33:45.929] [INFO] debug-file - Finished :entry:default@CompileResource... after 46 ms 
[2026-05-19T15:33:45.930] [DEBUG] debug-file - entry : default@DoNativeStrip cost memory 0.05510711669921875
[2026-05-19T15:33:45.930] [DEBUG] debug-file - runTaskFromQueue task cost before running: 1 s 78 ms 
[2026-05-19T15:33:45.931] [DEBUG] debug-file - Executing task :entry:default@CompileArkTS
[2026-05-19T15:33:45.937] [DEBUG] debug-file - Create  resident worker with id: 0.
[2026-05-19T15:33:45.942] [DEBUG] debug-file - Executing task :entry:default@CacheNativeLibs
[2026-05-19T15:33:45.941] [DEBUG] debug-file - Executing task :entry:default@BuildJS
[2026-05-19T15:33:45.930] [INFO] debug-file - Finished :entry:default@DoNativeStrip... after 1 ms 
[2026-05-19T15:33:45.931] [DEBUG] debug-file - obfuscationOptions: undefined
[2026-05-19T15:33:45.938] [DEBUG] debug-file - Create  resident worker with id: 1.
[2026-05-19T15:33:45.942] [DEBUG] debug-file - Task 'entry:default@CacheNativeLibs' cost while wrapping incremental declarations: 1 ms 
[2026-05-19T15:33:45.941] [DEBUG] debug-file - Task 'entry:default@BuildJS' cost while wrapping incremental declarations: 1 ms 
[2026-05-19T15:33:45.931] [DEBUG] debug-file - Task 'entry:default@CompileArkTS' cost while wrapping incremental declarations: 1 ms 
[2026-05-19T15:33:45.939] [DEBUG] debug-file - default@CompileArkTS work[0] is submitted.
[2026-05-19T15:33:45.942] [DEBUG] debug-file - default@CacheNativeLibs work[2] is submitted.
[2026-05-19T15:33:45.941] [DEBUG] debug-file - entry : default@BuildJS cost memory 0.12099456787109375
[2026-05-19T15:33:45.936] [DEBUG] debug-file - build config:
[2026-05-19T15:33:45.939] [DEBUG] debug-file - default@CompileArkTS work[0] is pushed to ready queue.
[2026-05-19T15:33:45.942] [DEBUG] debug-file - default@CacheNativeLibs work[2] is pushed to ready queue.
[2026-05-19T15:33:45.941] [DEBUG] debug-file - runTaskFromQueue task cost before running: 1 s 90 ms 
[2026-05-19T15:33:45.936] [DEBUG] debug-file - {
  moduleType: 'entry',
  perf: 0,
  targetName: '.default',
  packageManagerType: 'ohpm',
  localPropertiesPath: '/Users/jordanzt/Work/HuaweiWork/Others/Projects/JungleTestLabs/opencalc-harmonyos/local.properties',
  isPreview: false,
  isOhosTest: false,
  isLocalTest: false,
  buildMode: 'Debug',
  hotReloadBuild: undefined,
  watchMode: 'false',
  aceProfilePath: '/Users/jordanzt/Work/HuaweiWork/Others/Projects/JungleTestLabs/opencalc-harmonyos/entry/build/default/intermediates/res/default/resources/base/profile',
  etsLoaderPath: '/Applications/DevEco-Studio.app/Contents/sdk/default/openharmony/ets/build-tools/ets-loader',
  modulePath: '/Users/jordanzt/Work/HuaweiWork/Others/Projects/JungleTestLabs/opencalc-harmonyos/entry',
  testFrameworkPar: {
    testMode: undefined,
    coveragePathFilter: undefined,
    coverageMode: undefined
  },
  needCoverageInsert: false,
  debugLine: false,
  projectTopDir: '/Users/jordanzt/Work/HuaweiWork/Others/Projects/JungleTestLabs/opencalc-harmonyos',
  compileSdkVersion: 22,
  compatibleSdkVersion: 22,
  originCompatibleSdkVersion: '6.0.2(22)',
  compatibleSdkVersionStage: undefined,
  bundleName: 'c***r',
  etsLoaderVersion: '6.0.2.130',
  etsLoaderReleaseType: 'Release',
  aotCompileMode: 'type',
  apPath: '/Users/jordanzt/Work/HuaweiWork/Others/Projects/JungleTestLabs/opencalc-harmonyos/entry/modules.ap',
  entryModuleName: 'entry',
  entryModuleVersion: '1.0.0',
  entryPackageName: 'entry',
  allModuleNameHash: '6671a194f23c271af8c958055775f1e8fca00d4e2e30f4305728b40b020624b2',
  externalApiPaths: [ '/Applications/DevEco-Studio.app/Contents/sdk/default/hms/ets' ],
  compilerTypes: [],
  isCrossplatform: false,
  hvigorPluginFile: undefined,
  compilePluginPath: undefined,
  buildGeneratedProfilePath: '/Users/jordanzt/Work/HuaweiWork/Others/Projects/JungleTestLabs/opencalc-harmonyos/entry/build/default/generated/profile/default',
  bundleType: 'app',
  arkTSVersion: undefined,
  apiVersion: 22,
  needCompleteSourcesMap: false,
  isFaMode: false,
  buildDir: '/Users/jordanzt/Work/HuaweiWork/Others/Projects/JungleTestLabs/opencalc-harmonyos/entry/build',
  deviceTypes: [ 'phone', 'tablet' ],
  pkgContextInfo: undefined,
  ohPackagePathMap: {},
  dependencyAliasMap: {},
  permission: { requestPermissions: [ [Object] ], definePermissions: undefined },
  useGetCurrentBundleName: false,
  projectArkOption: undefined,
  sourceMapDir: undefined,
  branchElimination: false,
  transformLib: undefined,
  tsImportSendable: false,
  resolveConflictMode: true,
  depName2RootPath: {},
  depName2DepInfo: {},
  rootPathSet: [
    '/Users/jordanzt/Work/HuaweiWork/Others/Projects/JungleTestLabs/opencalc-harmonyos'
  ],
  useNativeResolver: true,
  shouldEmitJs: true,
  useTscResolve: false,
  singleFileEmit: false,
  userProjectConfig: {
    autoLazyImport: false,
    allowEmptyBundleName: false,
    reExportCheckMode: 'noCheck',
    executionMode: 'memory',
    usePathPlaceholder: false,
    writeRollupCache: true,
    isExpandImportEnabled: false,
    expandImportExclude: '',
    lazyImportExclude: '',
    lazyImportInclude: '',
    ignoreCrossplatformCheck: false,
    isHarDeduplicateEnabled: false,
    skipOhModulesLint: false,
    enableStrictCheckOHModule: false,
    disableSendableCheckRules: [],
    useDeclarationFileSignature: false,
    customizedOptions: undefined,
    integratedHsp: false,
    isPreloadSoEnabled: false
  },
  executionMode: 'memory',
  arkCompileCachePath: '/Users/jordanzt/Work/HuaweiWork/Others/Projects/JungleTestLabs/opencalc-harmonyos/entry/build/default/cache/default/default@CompileArkTS/esmodule',
  autoLazyFilter: undefined,
  isHarDeduplicateEnabled: false,
  intermediateHarDuplicateDirPath: '/Users/jordanzt/Work/HuaweiWork/Others/Projects/JungleTestLabs/opencalc-harmonyos/entry/build/default/intermediates/har_duplicate/default',
  autoLazyImport: false,
  allowEmptyBundleName: false,
  reExportCheckMode: 'noCheck',
  usePathPlaceholder: false,
  writeRollupCache: true,
  isExpandImportEnabled: false,
  expandImportExclude: '',
  lazyImportExclude: '',
  lazyImportInclude: '',
  ignoreCrossplatformCheck: false,
  skipOhModulesLint: false,
  enableStrictCheckOHModule: false,
  disableSendableCheckRules: [],
  useDeclarationFileSignature: false,
  customizedOptions: undefined,
  integratedHsp: false,
  isPreloadSoEnabled: false,
  strictMode: undefined,
  useNormalizedOHMUrl: false,
  caseSensitiveCheck: false,
  aceModuleJsonPath: '/Users/jordanzt/Work/HuaweiWork/Others/Projects/JungleTestLabs/opencalc-harmonyos/entry/build/default/intermediates/res/default/ark_module.json',
  appResource: '/Users/jordanzt/Work/HuaweiWork/Others/Projects/JungleTestLabs/opencalc-harmonyos/entry/build/default/intermediates/res/default/ResourceTable.txt',
  rawFileResource: '/Users/jordanzt/Work/HuaweiWork/Others/Projects/JungleTestLabs/opencalc-harmonyos/entry/build/default/intermediates/res/default/resources/rawfile',
  resourceTableHash: '15a61ac8d9e6adf561b61d3e27a374d205464ba7d77ce5a6c1be29eb60539798',
  runtimeOS: 'HarmonyOS',
  sdkInfo: 'false:22:6.0.2.130:Release',
  aceModuleRoot: '/Users/jordanzt/Work/HuaweiWork/Others/Projects/JungleTestLabs/opencalc-harmonyos/entry/src/main/ets',
  compileMode: 'esmodule',
  aceSuperVisualPath: '/Users/jordanzt/Work/HuaweiWork/Others/Projects/JungleTestLabs/opencalc-harmonyos/entry/src/main/supervisual',
  aceBuildJson: '/Users/jordanzt/Work/HuaweiWork/Others/Projects/JungleTestLabs/opencalc-harmonyos/entry/build/default/intermediates/loader/default/loader.json',
  cachePath: '/Users/jordanzt/Work/HuaweiWork/Others/Projects/JungleTestLabs/opencalc-harmonyos/entry/build/default/cache/default/default@CompileArkTS/esmodule/debug',
  aceModuleBuild: '/Users/jordanzt/Work/HuaweiWork/Others/Projects/JungleTestLabs/opencalc-harmonyos/entry/build/default/intermediates/loader_out/default/ets',
  supportChunks: true,
  declaredFilesPath: undefined,
  shouldCollectDirectImportees: false,
  isByteCodeHarOptimize: false,
  expandImportPath: undefined,
  pkgNameToPkgBriefInfo: {
    entry: {
      pkgRoot: '/Users/jordanzt/Work/HuaweiWork/Others/Projects/JungleTestLabs/opencalc-harmonyos/entry',
      originalSourceRoots: undefined,
      sourceRoots: [Array],
      pkgName: 'entry'
    }
  },
  projectModel: {
    '/Users/jordanzt/Work/HuaweiWork/Others/Projects/JungleTestLabs/opencalc-harmonyos/entry/src/main': {
      moduleName: 'entry',
      modulePkgPath: '/Users/jordanzt/Work/HuaweiWork/Others/Projects/JungleTestLabs/opencalc-harmonyos/entry',
      belongProjectPath: '/Users/jordanzt/Work/HuaweiWork/Others/Projects/JungleTestLabs/opencalc-harmonyos'
    },
    '/Users/jordanzt/Work/HuaweiWork/Others/Projects/JungleTestLabs/opencalc-harmonyos/entry': {
      moduleName: 'entry',
      modulePkgPath: '/Users/jordanzt/Work/HuaweiWork/Others/Projects/JungleTestLabs/opencalc-harmonyos/entry',
      belongProjectPath: '/Users/jordanzt/Work/HuaweiWork/Others/Projects/JungleTestLabs/opencalc-harmonyos'
    },
    '/Users/jordanzt/Work/HuaweiWork/Others/Projects/JungleTestLabs/opencalc-harmonyos': {
      moduleName: 'opencalc-harmonyos',
      modulePkgPath: '/Users/jordanzt/Work/HuaweiWork/Others/Projects/JungleTestLabs/opencalc-harmonyos',
      belongProjectPath: '/Users/jordanzt/Work/HuaweiWork/Others/Projects/JungleTestLabs/opencalc-harmonyos'
    }
  },
  pkgJsonFileHash: '9598d6ed3debbacd1532769d4ef187be335bd6b4f7ea12b707b184fd0505ba47',
  allModulePaths: [
    '/Users/jordanzt/Work/HuaweiWork/Others/Projects/JungleTestLabs/opencalc-harmonyos/entry'
  ],
  routerMap: {},
  obfuscationOptions: undefined,
  byteCodeHarToDependencyKeys: undefined,
  compileBlockPkg: [],
  mockParams: {
    decorator: '@MockSetup',
    packageName: '@ohos/hamock',
    etsSourceRootPath: 'src/main/ets',
    mockConfigPath: undefined,
    mockConfigKey2ModuleInfo: {},
    source2ModuleIdMap: {}
  },
  copyCodeResourceEnable: true,
  copyCodeResourceExcludes: [],
  copyCodeResourceIncludes: undefined,
  uiTransformOptimization: false,
  sdkPath: '/Applications/DevEco-Studio.app/Contents/sdk',
  needPreloadSoFileSet: {},
  preloadSoFilePath: '/Users/jordanzt/Work/HuaweiWork/Others/Projects/JungleTestLabs/opencalc-harmonyos/entry/build/default/intermediates/preload/default/preload.json',
  useSourceHash: false,
  localModuleParamMap: {},
  otherPaths: {
    'entry/*': [ '../*', '../../../build/default/generated/profile/default/*' ]
  },
  collectImportersConfig: undefined
}
[2026-05-19T15:33:45.939] [DEBUG] debug-file - A work dispatched to worker[11] failed because unable to get work from ready queue.
[2026-05-19T15:33:45.942] [DEBUG] debug-file - A work dispatched to worker[11] failed because unable to get work from ready queue.
[2026-05-19T15:33:45.941] [INFO] debug-file - Finished :entry:default@BuildJS... after 1 ms 
[2026-05-19T15:33:45.936] [DEBUG] debug-file - Compile arkts with external api path: /Applications/DevEco-Studio.app/Contents/sdk/default/hms/ets
[2026-05-19T15:33:45.939] [DEBUG] debug-file - A work dispatched to worker[10] failed because unable to get work from ready queue.
[2026-05-19T15:33:45.942] [DEBUG] debug-file - A work dispatched to worker[10] failed because of worker busy.
[2026-05-19T15:33:45.936] [DEBUG] debug-file - Since there is no instance or instance is terminated, create a new worker pool.
[2026-05-19T15:33:45.939] [DEBUG] debug-file - A work dispatched to worker[9] failed because unable to get work from ready queue.
[2026-05-19T15:33:45.942] [DEBUG] debug-file - Create  resident worker with id: 9.
[2026-05-19T15:33:45.936] [DEBUG] debug-file - Worker pool is initialized with config:  {
  minPoolNum: 2,
  maxPoolNum: undefined,
  maxCoreSize: undefined,
  cacheCapacity: undefined,
  cacheTtl: undefined
}
[2026-05-19T15:33:45.939] [DEBUG] debug-file - A work dispatched to worker[8] failed because unable to get work from ready queue.
[2026-05-19T15:33:45.943] [DEBUG] debug-file - default@CacheNativeLibs work[2] has been dispatched to worker[9].
[2026-05-19T15:33:45.939] [DEBUG] debug-file - A work dispatched to worker[7] failed because unable to get work from ready queue.
[2026-05-19T15:33:45.943] [DEBUG] debug-file - default@CacheNativeLibs work[2] is dispatched.
[2026-05-19T15:33:45.939] [DEBUG] debug-file - A work dispatched to worker[6] failed because unable to get work from ready queue.
[2026-05-19T15:33:45.943] [DEBUG] debug-file - entry : default@CacheNativeLibs cost memory 0.12714385986328125
[2026-05-19T15:33:45.939] [DEBUG] debug-file - A work dispatched to worker[5] failed because unable to get work from ready queue.
[2026-05-19T15:33:45.939] [DEBUG] debug-file - Create  resident worker with id: 4.
[2026-05-19T15:33:45.939] [DEBUG] debug-file - default@CompileArkTS work[0] has been dispatched to worker[4].
[2026-05-19T15:33:45.939] [DEBUG] debug-file - default@CompileArkTS work[0] is dispatched.
[2026-05-19T15:33:45.939] [DEBUG] debug-file - CopyResources startTime: 247782788295875
[2026-05-19T15:33:45.939] [DEBUG] debug-file - default@CompileArkTS work[1] is submitted.
[2026-05-19T15:33:45.939] [DEBUG] debug-file - default@CompileArkTS work[1] is pushed to ready queue.
[2026-05-19T15:33:45.939] [DEBUG] debug-file - A work dispatched to worker[11] failed because unable to get work from ready queue.
[2026-05-19T15:33:45.939] [DEBUG] debug-file - Create  resident worker with id: 10.
[2026-05-19T15:33:45.940] [DEBUG] debug-file - default@CompileArkTS work[1] has been dispatched to worker[10].
[2026-05-19T15:33:45.940] [DEBUG] debug-file - default@CompileArkTS work[1] is dispatched.
[2026-05-19T15:33:45.940] [DEBUG] debug-file - entry : default@CompileArkTS cost memory 2.2093734741210938
[2026-05-19T15:33:46.251] [DEBUG] debug-file - worker[10] has one work done.
[2026-05-19T15:33:46.251] [DEBUG] debug-file - CopyResources is end, endTime: 247783099993875
[2026-05-19T15:33:46.251] [DEBUG] debug-file - default@CompileArkTS work[1] done.
[2026-05-19T15:33:46.251] [DEBUG] debug-file - A work dispatched to worker[10] failed because unable to get work from ready queue.
[2026-05-19T15:33:46.270] [DEBUG] debug-file - worker[9] has one work done.
[2026-05-19T15:33:46.270] [DEBUG] debug-file - default@CacheNativeLibs work[2] done.
[2026-05-19T15:33:46.270] [DEBUG] debug-file - A work dispatched to worker[9] failed because unable to get work from ready queue.
[2026-05-19T15:33:46.271] [INFO] debug-file - Finished :entry:default@CacheNativeLibs... after 3 ms 
[2026-05-19T15:33:49.300] [WARN] debug-file - [33mWARN: [33m[33mArkTS:WARN File: /Users/jordanzt/Work/HuaweiWork/Others/Projects/JungleTestLabs/opencalc-harmonyos/entry/src/main/ets/pages/Index.ets:7:5
 Function may throw exceptions. Special handling is required.
[39m[39m
[33mWARN: [33m[33mArkTS:WARN File: /Users/jordanzt/Work/HuaweiWork/Others/Projects/JungleTestLabs/opencalc-harmonyos/entry/src/main/ets/pages/Index.ets:7:12
 'replaceUrl' has been deprecated.
[39m[39m
[33mWARN: [33m[33mArkTS:WARN File: /Users/jordanzt/Work/HuaweiWork/Others/Projects/JungleTestLabs/opencalc-harmonyos/entry/src/main/ets/preferences/PreferencesStore.ets:33:24
 Function may throw exceptions. Special handling is required.
[39m[39m
[33mWARN: [33m[33mArkTS:WARN File: /Users/jordanzt/Work/HuaweiWork/Others/Projects/JungleTestLabs/opencalc-harmonyos/entry/src/main/ets/preferences/PreferencesStore.ets:41:18
 Function may throw exceptions. Special handling is required.
[39m[39m
[33mWARN: [33m[33mArkTS:WARN File: /Users/jordanzt/Work/HuaweiWork/Others/Projects/JungleTestLabs/opencalc-harmonyos/entry/src/main/ets/preferences/PreferencesStore.ets:47:11
 Function may throw exceptions. Special handling is required.
[39m[39m
[33mWARN: [33m[33mArkTS:WARN File: /Users/jordanzt/Work/HuaweiWork/Others/Projects/JungleTestLabs/opencalc-harmonyos/entry/src/main/ets/preferences/PreferencesStore.ets:48:11
 Function may throw exceptions. Special handling is required.
[39m[39m
[33mWARN: [33m[33mArkTS:WARN File: /Users/jordanzt/Work/HuaweiWork/Others/Projects/JungleTestLabs/opencalc-harmonyos/entry/src/main/ets/preferences/PreferencesStore.ets:54:18
 Function may throw exceptions. Special handling is required.
[39m[39m
[33mWARN: [33m[33mArkTS:WARN File: /Users/jordanzt/Work/HuaweiWork/Others/Projects/JungleTestLabs/opencalc-harmonyos/entry/src/main/ets/preferences/PreferencesStore.ets:60:11
 Function may throw exceptions. Special handling is required.
[39m[39m
[33mWARN: [33m[33mArkTS:WARN File: /Users/jordanzt/Work/HuaweiWork/Others/Projects/JungleTestLabs/opencalc-harmonyos/entry/src/main/ets/preferences/PreferencesStore.ets:61:11
 Function may throw exceptions. Special handling is required.
[39m[39m
[33mWARN: [33m[33mArkTS:WARN File: /Users/jordanzt/Work/HuaweiWork/Others/Projects/JungleTestLabs/opencalc-harmonyos/entry/src/main/ets/preferences/PreferencesStore.ets:69:18
 Function may throw exceptions. Special handling is required.
[39m[39m
[33mWARN: [33m[33mArkTS:WARN File: /Users/jordanzt/Work/HuaweiWork/Others/Projects/JungleTestLabs/opencalc-harmonyos/entry/src/main/ets/preferences/PreferencesStore.ets:75:11
 Function may throw exceptions. Special handling is required.
[39m[39m
[33mWARN: [33m[33mArkTS:WARN File: /Users/jordanzt/Work/HuaweiWork/Others/Projects/JungleTestLabs/opencalc-harmonyos/entry/src/main/ets/preferences/PreferencesStore.ets:76:11
 Function may throw exceptions. Special handling is required.
[39m[39m
[33mWARN: [33m[33mArkTS:WARN File: /Users/jordanzt/Work/HuaweiWork/Others/Projects/JungleTestLabs/opencalc-harmonyos/entry/src/main/ets/preferences/PreferencesStore.ets:84:18
 Function may throw exceptions. Special handling is required.
[39m[39m
[33mWARN: [33m[33mArkTS:WARN File: /Users/jordanzt/Work/HuaweiWork/Others/Projects/JungleTestLabs/opencalc-harmonyos/entry/src/main/ets/preferences/PreferencesStore.ets:90:11
 Function may throw exceptions. Special handling is required.
[39m[39m
[33mWARN: [33m[33mArkTS:WARN File: /Users/jordanzt/Work/HuaweiWork/Others/Projects/JungleTestLabs/opencalc-harmonyos/entry/src/main/ets/preferences/PreferencesStore.ets:91:11
 Function may throw exceptions. Special handling is required.
[39m[39m
[33mWARN: [33m[33mArkTS:WARN File: /Users/jordanzt/Work/HuaweiWork/Others/Projects/JungleTestLabs/opencalc-harmonyos/entry/src/main/ets/preferences/PreferencesStore.ets:99:18
 Function may throw exceptions. Special handling is required.
[39m[39m
[33mWARN: [33m[33mArkTS:WARN File: /Users/jordanzt/Work/HuaweiWork/Others/Projects/JungleTestLabs/opencalc-harmonyos/entry/src/main/ets/preferences/PreferencesStore.ets:105:11
 Function may throw exceptions. Special handling is required.
[39m[39m
[33mWARN: [33m[33mArkTS:WARN File: /Users/jordanzt/Work/HuaweiWork/Others/Projects/JungleTestLabs/opencalc-harmonyos/entry/src/main/ets/preferences/PreferencesStore.ets:106:11
 Function may throw exceptions. Special handling is required.
[39m[39m
[33mWARN: [33m[33mArkTS:WARN File: /Users/jordanzt/Work/HuaweiWork/Others/Projects/JungleTestLabs/opencalc-harmonyos/entry/src/main/ets/preferences/PreferencesStore.ets:115:32
 Function may throw exceptions. Special handling is required.
[39m[39m
[33mWARN: [33m[33mArkTS:WARN File: /Users/jordanzt/Work/HuaweiWork/Others/Projects/JungleTestLabs/opencalc-harmonyos/entry/src/main/ets/preferences/PreferencesStore.ets:131:11
 Function may throw exceptions. Special handling is required.
[39m[39m
[33mWARN: [33m[33mArkTS:WARN File: /Users/jordanzt/Work/HuaweiWork/Others/Projects/JungleTestLabs/opencalc-harmonyos/entry/src/main/ets/preferences/PreferencesStore.ets:132:11
 Function may throw exceptions. Special handling is required.
[39m[39m
[33mWARN: [33m[33mArkTS:WARN File: /Users/jordanzt/Work/HuaweiWork/Others/Projects/JungleTestLabs/opencalc-harmonyos/entry/src/main/ets/preferences/PreferencesStore.ets:140:18
 Function may throw exceptions. Special handling is required.
[39m[39m
[33mWARN: [33m[33mArkTS:WARN File: /Users/jordanzt/Work/HuaweiWork/Others/Projects/JungleTestLabs/opencalc-harmonyos/entry/src/main/ets/preferences/PreferencesStore.ets:146:11
 Function may throw exceptions. Special handling is required.
[39m[39m
[33mWARN: [33m[33mArkTS:WARN File: /Users/jordanzt/Work/HuaweiWork/Others/Projects/JungleTestLabs/opencalc-harmonyos/entry/src/main/ets/preferences/PreferencesStore.ets:147:11
 Function may throw exceptions. Special handling is required.
[39m[39m
[33mWARN: [33m[33mArkTS:WARN File: /Users/jordanzt/Work/HuaweiWork/Others/Projects/JungleTestLabs/opencalc-harmonyos/entry/src/main/ets/preferences/PreferencesStore.ets:155:18
 Function may throw exceptions. Special handling is required.
[39m[39m
[33mWARN: [33m[33mArkTS:WARN File: /Users/jordanzt/Work/HuaweiWork/Others/Projects/JungleTestLabs/opencalc-harmonyos/entry/src/main/ets/preferences/PreferencesStore.ets:161:11
 Function may throw exceptions. Special handling is required.
[39m[39m
[33mWARN: [33m[33mArkTS:WARN File: /Users/jordanzt/Work/HuaweiWork/Others/Projects/JungleTestLabs/opencalc-harmonyos/entry/src/main/ets/preferences/PreferencesStore.ets:162:11
 Function may throw exceptions. Special handling is required.
[39m[39m
[33mWARN: [33m[33mArkTS:WARN File: /Users/jordanzt/Work/HuaweiWork/Others/Projects/JungleTestLabs/opencalc-harmonyos/entry/src/main/ets/preferences/PreferencesStore.ets:170:18
 Function may throw exceptions. Special handling is required.
[39m[39m
[33mWARN: [33m[33mArkTS:WARN File: /Users/jordanzt/Work/HuaweiWork/Others/Projects/JungleTestLabs/opencalc-harmonyos/entry/src/main/ets/preferences/PreferencesStore.ets:176:11
 Function may throw exceptions. Special handling is required.
[39m[39m
[33mWARN: [33m[33mArkTS:WARN File: /Users/jordanzt/Work/HuaweiWork/Others/Projects/JungleTestLabs/opencalc-harmonyos/entry/src/main/ets/preferences/PreferencesStore.ets:177:11
 Function may throw exceptions. Special handling is required.
[39m[39m
[33mWARN: [33m[33mArkTS:WARN File: /Users/jordanzt/Work/HuaweiWork/Others/Projects/JungleTestLabs/opencalc-harmonyos/entry/src/main/ets/preferences/PreferencesStore.ets:185:18
 Function may throw exceptions. Special handling is required.
[39m[39m
[33mWARN: [33m[33mArkTS:WARN File: /Users/jordanzt/Work/HuaweiWork/Others/Projects/JungleTestLabs/opencalc-harmonyos/entry/src/main/ets/preferences/PreferencesStore.ets:191:11
 Function may throw exceptions. Special handling is required.
[39m[39m
[33mWARN: [33m[33mArkTS:WARN File: /Users/jordanzt/Work/HuaweiWork/Others/Projects/JungleTestLabs/opencalc-harmonyos/entry/src/main/ets/preferences/PreferencesStore.ets:192:11
 Function may throw exceptions. Special handling is required.
[39m[39m
[33mWARN: [33m[33mArkTS:WARN File: /Users/jordanzt/Work/HuaweiWork/Others/Projects/JungleTestLabs/opencalc-harmonyos/entry/src/main/ets/preferences/PreferencesStore.ets:198:18
 Function may throw exceptions. Special handling is required.
[39m[39m
[33mWARN: [33m[33mArkTS:WARN File: /Users/jordanzt/Work/HuaweiWork/Others/Projects/JungleTestLabs/opencalc-harmonyos/entry/src/main/ets/preferences/PreferencesStore.ets:204:11
 Function may throw exceptions. Special handling is required.
[39m[39m
[33mWARN: [33m[33mArkTS:WARN File: /Users/jordanzt/Work/HuaweiWork/Others/Projects/JungleTestLabs/opencalc-harmonyos/entry/src/main/ets/preferences/PreferencesStore.ets:205:11
 Function may throw exceptions. Special handling is required.
[39m[39m
[33mWARN: [33m[33mArkTS:WARN File: /Users/jordanzt/Work/HuaweiWork/Others/Projects/JungleTestLabs/opencalc-harmonyos/entry/src/main/ets/pages/CalculatorPage.ets:41:42
 'getContext' has been deprecated.
[39m[39m
[33mWARN: [33m[33mArkTS:WARN File: /Users/jordanzt/Work/HuaweiWork/Others/Projects/JungleTestLabs/opencalc-harmonyos/entry/src/main/ets/pages/CalculatorPage.ets:104:5
 Function may throw exceptions. Special handling is required.
[39m[39m
[33mWARN: [33m[33mArkTS:WARN File: /Users/jordanzt/Work/HuaweiWork/Others/Projects/JungleTestLabs/opencalc-harmonyos/entry/src/main/ets/pages/CalculatorPage.ets:105:5
 Function may throw exceptions. Special handling is required.
[39m[39m
[33mWARN: [33m[33mArkTS:WARN File: /Users/jordanzt/Work/HuaweiWork/Others/Projects/JungleTestLabs/opencalc-harmonyos/entry/src/main/ets/pages/CalculatorPage.ets:105:18
 'showToast' has been deprecated.
[39m[39m
[33mWARN: [33m[33mArkTS:WARN File: /Users/jordanzt/Work/HuaweiWork/Others/Projects/JungleTestLabs/opencalc-harmonyos/entry/src/main/ets/pages/CalculatorPage.ets:268:18
 'pushUrl' has been deprecated.
[39m[39m
[33mWARN: [33m[33mArkTS:WARN File: /Users/jordanzt/Work/HuaweiWork/Others/Projects/JungleTestLabs/opencalc-harmonyos/entry/src/main/ets/pages/TipCalculatorPage.ets:26:12
 'back' has been deprecated.
[39m[39m
[33mWARN: [33mArkTS:WARN File: /Users/jordanzt/Work/HuaweiWork/Others/Projects/JungleTestLabs/opencalc-harmonyos/entry/src/main/ets/pages/CalculatorPage.ets:14:1
 It's not a recommended way to export struct with '@Entry' decorator, which may cause ACE Engine error in component preview mode.[39m[39m

[2026-05-19T15:33:49.300] [DEBUG] debug-file - Ark compile task finished.finished time is 247786149281166
[2026-05-19T15:33:49.300] [DEBUG] debug-file - worker[4] has one work done.
[2026-05-19T15:33:49.301] [DEBUG] debug-file - default@CompileArkTS work[0] done.
[2026-05-19T15:33:49.304] [DEBUG] debug-file - Executing task :entry:default@PackageHap
[2026-05-19T15:33:49.301] [DEBUG] debug-file - A work dispatched to worker[4] failed because unable to get work from ready queue.
[2026-05-19T15:33:49.305] [DEBUG] debug-file - Use tool [/Applications/DevEco-Studio.app/Contents/sdk/default/openharmony/toolchains/lib/app_packing_tool.jar]
 [
  'java',
  '-Dfile.encoding=utf-8',
  '-jar',
  '/Applications/DevEco-Studio.app/Contents/sdk/default/openharmony/toolchains/lib/app_packing_tool.jar',
  '--mode',
  'hap',
  '--force',
  'true',
  '--lib-path',
  '/Users/jordanzt/Work/HuaweiWork/Others/Projects/JungleTestLabs/opencalc-harmonyos/entry/build/default/intermediates/stripped_native_libs/default',
  '--json-path',
  '/Users/jordanzt/Work/HuaweiWork/Others/Projects/JungleTestLabs/opencalc-harmonyos/entry/build/default/intermediates/package/default/module.json',
  '--resources-path',
  '/Users/jordanzt/Work/HuaweiWork/Others/Projects/JungleTestLabs/opencalc-harmonyos/entry/build/default/intermediates/res/default/resources',
  '--index-path',
  '/Users/jordanzt/Work/HuaweiWork/Others/Projects/JungleTestLabs/opencalc-harmonyos/entry/build/default/intermediates/res/default/resources.index',
  '--pack-info-path',
  '/Users/jordanzt/Work/HuaweiWork/Others/Projects/JungleTestLabs/opencalc-harmonyos/entry/build/default/outputs/default/pack.info',
  '--out-path',
  '/Users/jordanzt/Work/HuaweiWork/Others/Projects/JungleTestLabs/opencalc-harmonyos/entry/build/default/outputs/default/entry-default-unsigned.hap',
  '--ets-path',
  '/Users/jordanzt/Work/HuaweiWork/Others/Projects/JungleTestLabs/opencalc-harmonyos/entry/build/default/intermediates/loader_out/default/ets'
]
[2026-05-19T15:33:49.302] [INFO] debug-file - Finished :entry:default@CompileArkTS... after 2 s 693 ms 
[2026-05-19T15:33:49.302] [DEBUG] debug-file - Executing task :entry:default@GeneratePkgModuleJson
[2026-05-19T15:33:49.302] [DEBUG] debug-file - File: '/Users/jordanzt/Work/HuaweiWork/Others/Projects/JungleTestLabs/opencalc-harmonyos/entry/build/default/intermediates/preload/default/preload.json' from 'preloadSoJsonPath' is not exists, just ignore.
[2026-05-19T15:33:49.302] [DEBUG] debug-file - Error occurs while handling @Input 'shouldDeduplicateHar': The "data" argument must be of type string or an instance of Buffer, TypedArray, or DataView. Received undefined
[2026-05-19T15:33:49.302] [DEBUG] debug-file - Task 'entry:default@GeneratePkgModuleJson' cost while wrapping incremental declarations: 1 ms 
[2026-05-19T15:33:49.303] [DEBUG] debug-file - entry : default@GeneratePkgModuleJson cost memory 0.1344146728515625
[2026-05-19T15:33:49.303] [DEBUG] debug-file - runTaskFromQueue task cost before running: 4 s 451 ms 
[2026-05-19T15:33:49.303] [INFO] debug-file - Finished :entry:default@GeneratePkgModuleJson... after 1 ms 
[2026-05-19T15:33:49.303] [DEBUG] debug-file - Executing task :entry:default@ProcessCompiledResources
[2026-05-19T15:33:49.303] [DEBUG] debug-file - File: '/Users/jordanzt/Work/HuaweiWork/Others/Projects/JungleTestLabs/opencalc-harmonyos/entry/build/default/intermediates/preload/default/preload.json' from 'preloadSoJsonPath' is not exists, just ignore.
[2026-05-19T15:33:49.303] [DEBUG] debug-file - Task 'entry:default@ProcessCompiledResources' cost while wrapping incremental declarations: 1 ms 
[2026-05-19T15:33:49.303] [DEBUG] debug-file - entry : default@ProcessCompiledResources cost memory 0.04889678955078125
[2026-05-19T15:33:49.303] [DEBUG] debug-file - runTaskFromQueue task cost before running: 4 s 452 ms 
[2026-05-19T15:33:49.303] [INFO] debug-file - Finished :entry:default@ProcessCompiledResources... after 1 ms 
[2026-05-19T15:33:49.317] [DEBUG] debug-file - java daemon socket received message:{"code":0,"message":"pack success"}
[2026-05-19T15:33:49.318] [DEBUG] debug-file - entry : default@PackageHap cost memory 0.5856170654296875
[2026-05-19T15:33:49.319] [DEBUG] debug-file - Executing task :entry:default@PackingCheck
[2026-05-19T15:33:49.322] [DEBUG] debug-file - Executing task :entry:default@SignHap
[2026-05-19T15:33:49.323] [DEBUG] debug-file - Executing task :entry:default@CollectDebugSymbol
[2026-05-19T15:33:49.318] [DEBUG] debug-file - runTaskFromQueue task cost before running: 4 s 466 ms 
[2026-05-19T15:33:49.321] [DEBUG] debug-file - entry : default@PackingCheck cost memory 0.3068084716796875
[2026-05-19T15:33:49.323] [DEBUG] debug-file - entry : default@CollectDebugSymbol cost memory 0.10457611083984375
[2026-05-19T15:33:49.322] [WARN] debug-file - No signingConfig found for product default
[2026-05-19T15:33:49.318] [INFO] debug-file - Finished :entry:default@PackageHap... after 15 ms 
[2026-05-19T15:33:49.321] [DEBUG] debug-file - runTaskFromQueue task cost before running: 4 s 469 ms 
[2026-05-19T15:33:49.323] [DEBUG] debug-file - runTaskFromQueue task cost before running: 4 s 471 ms 
[2026-05-19T15:33:49.322] [DEBUG] debug-file - entry : default@SignHap cost memory 0.04303741455078125
[2026-05-19T15:33:49.321] [INFO] debug-file - Finished :entry:default@PackingCheck... after 3 ms 
[2026-05-19T15:33:49.323] [INFO] debug-file - Finished :entry:default@CollectDebugSymbol... after 1 ms 
[2026-05-19T15:33:49.322] [DEBUG] debug-file - runTaskFromQueue task cost before running: 4 s 471 ms 
[2026-05-19T15:33:49.323] [DEBUG] debug-file - Executing task :entry:assembleHap
[2026-05-19T15:33:49.322] [INFO] debug-file - Finished :entry:default@SignHap... after 1 ms 
[2026-05-19T15:33:49.323] [DEBUG] debug-file - entry : assembleHap cost memory 0.0103607177734375
[2026-05-19T15:33:49.323] [DEBUG] debug-file - runTaskFromQueue task cost before running: 4 s 472 ms 
[2026-05-19T15:33:49.323] [INFO] debug-file - Finished :entry:assembleHap... after 1 ms 
[2026-05-19T15:33:49.324] [INFO] debug-file - BUILD SUCCESSFUL in 4 s 472 ms 
[2026-05-19T15:33:49.324] [DEBUG] debug-file - Update task entry:default@PreBuild input file:/Users/jordanzt/Work/HuaweiWork/Others/Projects/JungleTestLabs/opencalc-harmonyos/AppScope/app.json5 cache by regenerate.
[2026-05-19T15:33:49.324] [DEBUG] debug-file - Update task entry:default@PreBuild input file:/Users/jordanzt/Work/HuaweiWork/Others/Projects/JungleTestLabs/opencalc-harmonyos/entry/src/main/module.json5 cache by regenerate.
[2026-05-19T15:33:49.324] [DEBUG] debug-file - Update task entry:default@PreBuild input file:/Users/jordanzt/Work/HuaweiWork/Others/Projects/JungleTestLabs/opencalc-harmonyos/build-profile.json5 cache by regenerate.
[2026-05-19T15:33:49.324] [DEBUG] debug-file - Update task entry:default@PreBuild input file:/Users/jordanzt/Work/HuaweiWork/Others/Projects/JungleTestLabs/opencalc-harmonyos/entry/build-profile.json5 cache by regenerate.
[2026-05-19T15:33:49.324] [DEBUG] debug-file - Update task entry:default@PreBuild input file:/Users/jordanzt/Work/HuaweiWork/Others/Projects/JungleTestLabs/opencalc-harmonyos/entry/src/main/resources/base/profile/main_pages.json cache by regenerate.
[2026-05-19T15:33:49.324] [DEBUG] debug-file - Update task entry:default@PreBuild input file:/Users/jordanzt/Work/HuaweiWork/Others/Projects/JungleTestLabs/opencalc-harmonyos/hvigor/hvigor-config.json5 cache by regenerate.
[2026-05-19T15:33:49.324] [DEBUG] debug-file - Update task entry:default@PreBuild input file:/Users/jordanzt/Work/HuaweiWork/Others/Projects/JungleTestLabs/opencalc-harmonyos/entry/oh-package.json5 cache by regenerate.
[2026-05-19T15:33:49.324] [DEBUG] debug-file - Update task entry:default@PreBuild input file:/Users/jordanzt/Work/HuaweiWork/Others/Projects/JungleTestLabs/opencalc-harmonyos/oh-package.json5 cache by regenerate.
[2026-05-19T15:33:49.325] [DEBUG] debug-file - Incremental task entry:default@PreBuild post-execution cost:1 ms .
[2026-05-19T15:33:49.325] [DEBUG] debug-file - Update task entry:default@CreateModuleInfo output file:/Users/jordanzt/Work/HuaweiWork/Others/Projects/JungleTestLabs/opencalc-harmonyos/entry/build/default/generated/profile/default/ModuleInfo.ts cache.
[2026-05-19T15:33:49.325] [DEBUG] debug-file - Incremental task entry:default@CreateModuleInfo post-execution cost:1 ms .
[2026-05-19T15:33:49.325] [DEBUG] debug-file - Update task entry:default@GenerateMetadata input file:/Users/jordanzt/Work/HuaweiWork/Others/Projects/JungleTestLabs/opencalc-harmonyos/entry/src/main/module.json5 cache by regenerate.
[2026-05-19T15:33:49.325] [DEBUG] debug-file - Update task entry:default@GenerateMetadata output file:/Users/jordanzt/Work/HuaweiWork/Others/Projects/JungleTestLabs/opencalc-harmonyos/entry/build/default/intermediates/hap_metadata/default/output_metadata.json cache.
[2026-05-19T15:33:49.325] [DEBUG] debug-file - Incremental task entry:default@GenerateMetadata post-execution cost:1 ms .
[2026-05-19T15:33:49.325] [DEBUG] debug-file - Update task entry:default@MergeProfile input file:/Users/jordanzt/Work/HuaweiWork/Others/Projects/JungleTestLabs/opencalc-harmonyos/AppScope/app.json5 cache by regenerate.
[2026-05-19T15:33:49.325] [DEBUG] debug-file - Update task entry:default@MergeProfile input file:/Users/jordanzt/Work/HuaweiWork/Others/Projects/JungleTestLabs/opencalc-harmonyos/build-profile.json5 cache by regenerate.
[2026-05-19T15:33:49.325] [DEBUG] debug-file - Update task entry:default@MergeProfile input file:/Users/jordanzt/Work/HuaweiWork/Others/Projects/JungleTestLabs/opencalc-harmonyos/entry/src/main/module.json5 cache by regenerate.
[2026-05-19T15:33:49.325] [DEBUG] debug-file - Update task entry:default@MergeProfile output file:/Users/jordanzt/Work/HuaweiWork/Others/Projects/JungleTestLabs/opencalc-harmonyos/entry/build/default/intermediates/merge_profile/default/module.json cache.
[2026-05-19T15:33:49.325] [DEBUG] debug-file - Incremental task entry:default@MergeProfile post-execution cost:1 ms .
[2026-05-19T15:33:49.325] [DEBUG] debug-file - Update task entry:default@CreateBuildProfile input file:/Users/jordanzt/Work/HuaweiWork/Others/Projects/JungleTestLabs/opencalc-harmonyos/AppScope/app.json5 cache by regenerate.
[2026-05-19T15:33:49.325] [DEBUG] debug-file - Update task entry:default@CreateBuildProfile input file:/Users/jordanzt/Work/HuaweiWork/Others/Projects/JungleTestLabs/opencalc-harmonyos/build-profile.json5 cache by regenerate.
[2026-05-19T15:33:49.325] [DEBUG] debug-file - Update task entry:default@CreateBuildProfile output file:/Users/jordanzt/Work/HuaweiWork/Others/Projects/JungleTestLabs/opencalc-harmonyos/entry/build/default/generated/profile/default/BuildProfile.ets cache.
[2026-05-19T15:33:49.325] [DEBUG] debug-file - Incremental task entry:default@CreateBuildProfile post-execution cost:1 ms .
[2026-05-19T15:33:49.325] [DEBUG] debug-file - Update task entry:default@GeneratePkgContextInfo output file:/Users/jordanzt/Work/HuaweiWork/Others/Projects/JungleTestLabs/opencalc-harmonyos/entry/build/default/intermediates/loader/default/pkgContextInfo.json cache.
[2026-05-19T15:33:49.325] [DEBUG] debug-file - Incremental task entry:default@GeneratePkgContextInfo post-execution cost:1 ms .
[2026-05-19T15:33:49.325] [DEBUG] debug-file - Update task entry:default@ProcessIntegratedHsp output file:/Users/jordanzt/Work/HuaweiWork/Others/Projects/JungleTestLabs/opencalc-harmonyos/build/cache/default/integrated_hsp/integratedHspCache.json cache.
[2026-05-19T15:33:49.325] [DEBUG] debug-file - Incremental task entry:default@ProcessIntegratedHsp post-execution cost:1 ms .
[2026-05-19T15:33:49.325] [DEBUG] debug-file - Update task entry:default@MakePackInfo input file:/Users/jordanzt/Work/HuaweiWork/Others/Projects/JungleTestLabs/opencalc-harmonyos/AppScope/app.json5 cache by regenerate.
[2026-05-19T15:33:49.325] [DEBUG] debug-file - Update task entry:default@MakePackInfo input file:/Users/jordanzt/Work/HuaweiWork/Others/Projects/JungleTestLabs/opencalc-harmonyos/entry/src/main/module.json5 cache by regenerate.
[2026-05-19T15:33:49.325] [DEBUG] debug-file - Update task entry:default@MakePackInfo input file:/Users/jordanzt/Work/HuaweiWork/Others/Projects/JungleTestLabs/opencalc-harmonyos/build-profile.json5 cache by regenerate.
[2026-05-19T15:33:49.325] [DEBUG] debug-file - Update task entry:default@MakePackInfo output file:/Users/jordanzt/Work/HuaweiWork/Others/Projects/JungleTestLabs/opencalc-harmonyos/entry/build/default/outputs/default/pack.info cache.
[2026-05-19T15:33:49.325] [DEBUG] debug-file - Incremental task entry:default@MakePackInfo post-execution cost:1 ms .
[2026-05-19T15:33:49.325] [DEBUG] debug-file - Update task entry:default@SyscapTransform input file:/Applications/DevEco-Studio.app/Contents/sdk/default/openharmony/toolchains/syscap_tool cache by regenerate.
[2026-05-19T15:33:49.325] [DEBUG] debug-file - Update task entry:default@SyscapTransform input file:/Applications/DevEco-Studio.app/Contents/sdk/default/openharmony/ets/api/device-define cache by regenerate.
[2026-05-19T15:33:49.326] [DEBUG] debug-file - Update task entry:default@SyscapTransform output file:/Users/jordanzt/Work/HuaweiWork/Others/Projects/JungleTestLabs/opencalc-harmonyos/entry/build/default/intermediates/syscap/default/rpcid.sc cache.
[2026-05-19T15:33:49.326] [DEBUG] debug-file - Incremental task entry:default@SyscapTransform post-execution cost:1 ms .
[2026-05-19T15:33:49.326] [DEBUG] debug-file - Update task entry:default@ProcessProfile input file:/Users/jordanzt/Work/HuaweiWork/Others/Projects/JungleTestLabs/opencalc-harmonyos/entry/build/default/intermediates/merge_profile/default/module.json cache by regenerate.
[2026-05-19T15:33:49.326] [DEBUG] debug-file - Update task entry:default@ProcessProfile output file:/Users/jordanzt/Work/HuaweiWork/Others/Projects/JungleTestLabs/opencalc-harmonyos/entry/build/default/intermediates/process_profile/default/module.json cache.
[2026-05-19T15:33:49.326] [DEBUG] debug-file - Incremental task entry:default@ProcessProfile post-execution cost:1 ms .
[2026-05-19T15:33:49.326] [DEBUG] debug-file - Update task entry:default@ProcessRouterMap input file:/Users/jordanzt/Work/HuaweiWork/Others/Projects/JungleTestLabs/opencalc-harmonyos/entry/oh-package.json5 cache by regenerate.
[2026-05-19T15:33:49.326] [DEBUG] debug-file - Update task entry:default@ProcessRouterMap input file:/Users/jordanzt/Work/HuaweiWork/Others/Projects/JungleTestLabs/opencalc-harmonyos/oh-package.json5 cache by regenerate.
[2026-05-19T15:33:49.326] [DEBUG] debug-file - Update task entry:default@ProcessRouterMap input file:/Users/jordanzt/Work/HuaweiWork/Others/Projects/JungleTestLabs/opencalc-harmonyos/entry/src/main/module.json5 cache by regenerate.
[2026-05-19T15:33:49.326] [DEBUG] debug-file - Update task entry:default@ProcessRouterMap output file:/Users/jordanzt/Work/HuaweiWork/Others/Projects/JungleTestLabs/opencalc-harmonyos/entry/build/default/intermediates/router_map/default/temp-router-map.json cache.
[2026-05-19T15:33:49.326] [DEBUG] debug-file - Update task entry:default@ProcessRouterMap output file:/Users/jordanzt/Work/HuaweiWork/Others/Projects/JungleTestLabs/opencalc-harmonyos/entry/build/default/intermediates/router_map/default/loader-router-map.json cache.
[2026-05-19T15:33:49.326] [DEBUG] debug-file - Incremental task entry:default@ProcessRouterMap post-execution cost:1 ms .
[2026-05-19T15:33:49.326] [DEBUG] debug-file - Update task entry:default@ProcessShareConfig input file:/Users/jordanzt/Work/HuaweiWork/Others/Projects/JungleTestLabs/opencalc-harmonyos/entry/oh-package.json5 cache by regenerate.
[2026-05-19T15:33:49.326] [DEBUG] debug-file - Update task entry:default@ProcessShareConfig input file:/Users/jordanzt/Work/HuaweiWork/Others/Projects/JungleTestLabs/opencalc-harmonyos/oh-package.json5 cache by regenerate.
[2026-05-19T15:33:49.326] [DEBUG] debug-file - Update task entry:default@ProcessShareConfig input file:/Users/jordanzt/Work/HuaweiWork/Others/Projects/JungleTestLabs/opencalc-harmonyos/entry/src/main/module.json5 cache by regenerate.
[2026-05-19T15:33:49.326] [DEBUG] debug-file - Update task entry:default@ProcessShareConfig output file:/Users/jordanzt/Work/HuaweiWork/Others/Projects/JungleTestLabs/opencalc-harmonyos/entry/build/default/intermediates/share_config/default/temp-share-config.json cache.
[2026-05-19T15:33:49.326] [DEBUG] debug-file - Incremental task entry:default@ProcessShareConfig post-execution cost:1 ms .
[2026-05-19T15:33:49.326] [DEBUG] debug-file - Update task entry:default@ProcessStartupConfig output file:/Users/jordanzt/Work/HuaweiWork/Others/Projects/JungleTestLabs/opencalc-harmonyos/entry/build/default/intermediates/startup/default/startup_config.json cache.
[2026-05-19T15:33:49.326] [DEBUG] debug-file - Incremental task entry:default@ProcessStartupConfig post-execution cost:1 ms .
[2026-05-19T15:33:49.326] [DEBUG] debug-file - Update task entry:default@ProcessResource output file:/Users/jordanzt/Work/HuaweiWork/Others/Projects/JungleTestLabs/opencalc-harmonyos/entry/build/default/intermediates/res/default/resConfig.json cache.
[2026-05-19T15:33:49.326] [DEBUG] debug-file - Update task entry:default@ProcessResource output file:/Users/jordanzt/Work/HuaweiWork/Others/Projects/JungleTestLabs/opencalc-harmonyos/entry/build/default/intermediates/res/default/opt-compression.json cache.
[2026-05-19T15:33:49.326] [DEBUG] debug-file - Incremental task entry:default@ProcessResource post-execution cost:1 ms .
[2026-05-19T15:33:49.326] [DEBUG] debug-file - Update task entry:default@GenerateLoaderJson input file:/Users/jordanzt/Work/HuaweiWork/Others/Projects/JungleTestLabs/opencalc-harmonyos/entry/build/default/intermediates/router_map/default/temp-router-map.json cache by regenerate.
[2026-05-19T15:33:49.326] [DEBUG] debug-file - Update task entry:default@GenerateLoaderJson output file:/Users/jordanzt/Work/HuaweiWork/Others/Projects/JungleTestLabs/opencalc-harmonyos/entry/build/default/intermediates/loader/default/loader.json cache.
[2026-05-19T15:33:49.326] [DEBUG] debug-file - Incremental task entry:default@GenerateLoaderJson post-execution cost:1 ms .
[2026-05-19T15:33:49.326] [DEBUG] debug-file - Update task entry:default@ProcessLibs input file:/Users/jordanzt/Work/HuaweiWork/Others/Projects/JungleTestLabs/opencalc-harmonyos/build-profile.json5 cache by regenerate.
[2026-05-19T15:33:49.326] [DEBUG] debug-file - Update task entry:default@ProcessLibs input file:/Users/jordanzt/Work/HuaweiWork/Others/Projects/JungleTestLabs/opencalc-harmonyos/entry/build-profile.json5 cache by regenerate.
[2026-05-19T15:33:49.326] [DEBUG] debug-file - Update task entry:default@ProcessLibs output file:/Users/jordanzt/Work/HuaweiWork/Others/Projects/JungleTestLabs/opencalc-harmonyos/entry/build/default/intermediates/libs/default cache.
[2026-05-19T15:33:49.326] [DEBUG] debug-file - Incremental task entry:default@ProcessLibs post-execution cost:1 ms .
[2026-05-19T15:33:49.326] [DEBUG] debug-file - Update task entry:default@CompileResource input file:/Users/jordanzt/Work/HuaweiWork/Others/Projects/JungleTestLabs/opencalc-harmonyos/entry/src/main/resources cache by regenerate.
[2026-05-19T15:33:49.327] [DEBUG] debug-file - Update task entry:default@CompileResource input file:/Users/jordanzt/Work/HuaweiWork/Others/Projects/JungleTestLabs/opencalc-harmonyos/entry/build/default/intermediates/process_profile/default/module.json cache by regenerate.
[2026-05-19T15:33:49.327] [DEBUG] debug-file - Update task entry:default@CompileResource input file:/Users/jordanzt/Work/HuaweiWork/Others/Projects/JungleTestLabs/opencalc-harmonyos/entry/build/default/intermediates/res/default/resConfig.json cache by regenerate.
[2026-05-19T15:33:49.327] [DEBUG] debug-file - Update task entry:default@CompileResource output file:/Users/jordanzt/Work/HuaweiWork/Others/Projects/JungleTestLabs/opencalc-harmonyos/entry/build/default/intermediates/res/default cache.
[2026-05-19T15:33:49.327] [DEBUG] debug-file - Update task entry:default@CompileResource output file:/Users/jordanzt/Work/HuaweiWork/Others/Projects/JungleTestLabs/opencalc-harmonyos/entry/build/default/generated/r/default/ResourceTable.h cache.
[2026-05-19T15:33:49.327] [DEBUG] debug-file - Update task entry:default@CompileResource output file:/Users/jordanzt/Work/HuaweiWork/Others/Projects/JungleTestLabs/opencalc-harmonyos/entry/build/default/generated/r/default cache.
[2026-05-19T15:33:49.327] [DEBUG] debug-file - Incremental task entry:default@CompileResource post-execution cost:2 ms .
[2026-05-19T15:33:49.327] [DEBUG] debug-file - Update task entry:default@DoNativeStrip input file:/Users/jordanzt/Work/HuaweiWork/Others/Projects/JungleTestLabs/opencalc-harmonyos/entry/build/default/intermediates/libs/default cache by regenerate.
[2026-05-19T15:33:49.327] [DEBUG] debug-file - Update task entry:default@DoNativeStrip output file:/Users/jordanzt/Work/HuaweiWork/Others/Projects/JungleTestLabs/opencalc-harmonyos/entry/build/default/intermediates/stripped_native_libs/default cache.
[2026-05-19T15:33:49.328] [DEBUG] debug-file - Incremental task entry:default@DoNativeStrip post-execution cost:1 ms .
[2026-05-19T15:33:49.328] [DEBUG] debug-file - Update task entry:default@CompileArkTS input file:/Users/jordanzt/Work/HuaweiWork/Others/Projects/JungleTestLabs/opencalc-harmonyos/entry/build/default/intermediates/loader/default cache by regenerate.
[2026-05-19T15:33:49.328] [DEBUG] debug-file - Update task entry:default@CompileArkTS input file:/Users/jordanzt/Work/HuaweiWork/Others/Projects/JungleTestLabs/opencalc-harmonyos/entry/build/default/intermediates/res/default/ResourceTable.txt cache by regenerate.
[2026-05-19T15:33:49.328] [DEBUG] debug-file - Update task entry:default@CompileArkTS input file:/Users/jordanzt/Work/HuaweiWork/Others/Projects/JungleTestLabs/opencalc-harmonyos/entry/build/default/intermediates/res/default/ark_module.json cache by regenerate.
[2026-05-19T15:33:49.328] [DEBUG] debug-file - Update task entry:default@CompileArkTS input file:/Users/jordanzt/Work/HuaweiWork/Others/Projects/JungleTestLabs/opencalc-harmonyos/entry/build/default/intermediates/res/default/resources/base/profile cache by regenerate.
[2026-05-19T15:33:49.328] [DEBUG] debug-file - Update task entry:default@CompileArkTS input file:/Users/jordanzt/Work/HuaweiWork/Others/Projects/JungleTestLabs/opencalc-harmonyos/entry/src/main/ets cache by regenerate.
[2026-05-19T15:33:49.328] [DEBUG] debug-file - Update task entry:default@CompileArkTS input file:/Users/jordanzt/Work/HuaweiWork/Others/Projects/JungleTestLabs/opencalc-harmonyos/entry/build/default/generated/profile/default/BuildProfile.ets cache by regenerate.
[2026-05-19T15:33:49.328] [DEBUG] debug-file - Update task entry:default@CompileArkTS output file:/Users/jordanzt/Work/HuaweiWork/Others/Projects/JungleTestLabs/opencalc-harmonyos/entry/build/default/intermediates/loader_out/default/ets cache.
[2026-05-19T15:33:49.328] [DEBUG] debug-file - Incremental task entry:default@CompileArkTS post-execution cost:1 ms .
[2026-05-19T15:33:49.328] [DEBUG] debug-file - Update task entry:default@BuildJS input file:/Users/jordanzt/Work/HuaweiWork/Others/Projects/JungleTestLabs/opencalc-harmonyos/entry/build/default/intermediates/loader/default cache by regenerate.
[2026-05-19T15:33:49.328] [DEBUG] debug-file - Update task entry:default@BuildJS input file:/Users/jordanzt/Work/HuaweiWork/Others/Projects/JungleTestLabs/opencalc-harmonyos/entry/build/default/intermediates/res/default/ResourceTable.txt cache by regenerate.
[2026-05-19T15:33:49.328] [DEBUG] debug-file - Update task entry:default@BuildJS input file:/Users/jordanzt/Work/HuaweiWork/Others/Projects/JungleTestLabs/opencalc-harmonyos/entry/build/default/intermediates/res/default/ark_module.json cache by regenerate.
[2026-05-19T15:33:49.329] [DEBUG] debug-file - Update task entry:default@BuildJS input file:/Users/jordanzt/Work/HuaweiWork/Others/Projects/JungleTestLabs/opencalc-harmonyos/entry/build/default/intermediates/res/default/resources/base/profile cache by regenerate.
[2026-05-19T15:33:49.329] [DEBUG] debug-file - Update task entry:default@BuildJS output file:/Users/jordanzt/Work/HuaweiWork/Others/Projects/JungleTestLabs/opencalc-harmonyos/entry/build/default/intermediates/loader_out/default/js cache.
[2026-05-19T15:33:49.329] [DEBUG] debug-file - Incremental task entry:default@BuildJS post-execution cost:1 ms .
[2026-05-19T15:33:49.329] [DEBUG] debug-file - Update task entry:default@CacheNativeLibs input file:/Users/jordanzt/Work/HuaweiWork/Others/Projects/JungleTestLabs/opencalc-harmonyos/entry/build/default/intermediates/stripped_native_libs/default cache by regenerate.
[2026-05-19T15:33:49.329] [DEBUG] debug-file - Update task entry:default@CacheNativeLibs input file:/Users/jordanzt/Work/HuaweiWork/Others/Projects/JungleTestLabs/opencalc-harmonyos/entry/build/default/intermediates/libs/default cache by regenerate.
[2026-05-19T15:33:49.329] [DEBUG] debug-file - Update task entry:default@CacheNativeLibs output file:/Users/jordanzt/Work/HuaweiWork/Others/Projects/JungleTestLabs/opencalc-harmonyos/entry/build/default/intermediates/patch/default/base_native_libs.json cache.
[2026-05-19T15:33:49.329] [DEBUG] debug-file - Incremental task entry:default@CacheNativeLibs post-execution cost:1 ms .
[2026-05-19T15:33:49.329] [DEBUG] debug-file - Update task entry:default@GeneratePkgModuleJson input file:/Users/jordanzt/Work/HuaweiWork/Others/Projects/JungleTestLabs/opencalc-harmonyos/entry/build/default/intermediates/res/default/module.json cache by regenerate.
[2026-05-19T15:33:49.329] [DEBUG] debug-file - Update task entry:default@GeneratePkgModuleJson output file:/Users/jordanzt/Work/HuaweiWork/Others/Projects/JungleTestLabs/opencalc-harmonyos/entry/build/default/intermediates/package/default/module.json cache.
[2026-05-19T15:33:49.329] [DEBUG] debug-file - Incremental task entry:default@GeneratePkgModuleJson post-execution cost:1 ms .
[2026-05-19T15:33:49.329] [DEBUG] debug-file - Incremental task entry:default@ProcessCompiledResources post-execution cost:1 ms .
[2026-05-19T15:33:49.329] [DEBUG] debug-file - Update task entry:default@PackageHap input file:/Users/jordanzt/Work/HuaweiWork/Others/Projects/JungleTestLabs/opencalc-harmonyos/entry/build/default/intermediates/stripped_native_libs/default cache by regenerate.
[2026-05-19T15:33:49.329] [DEBUG] debug-file - Update task entry:default@PackageHap input file:/Users/jordanzt/Work/HuaweiWork/Others/Projects/JungleTestLabs/opencalc-harmonyos/entry/build/default/intermediates/res/default/module.json cache by regenerate.
[2026-05-19T15:33:49.329] [DEBUG] debug-file - Update task entry:default@PackageHap input file:/Users/jordanzt/Work/HuaweiWork/Others/Projects/JungleTestLabs/opencalc-harmonyos/entry/build/default/intermediates/res/default/resources cache by regenerate.
[2026-05-19T15:33:49.329] [DEBUG] debug-file - Update task entry:default@PackageHap input file:/Users/jordanzt/Work/HuaweiWork/Others/Projects/JungleTestLabs/opencalc-harmonyos/entry/build/default/intermediates/res/default/resources.index cache by regenerate.
[2026-05-19T15:33:49.329] [DEBUG] debug-file - Update task entry:default@PackageHap input file:/Users/jordanzt/Work/HuaweiWork/Others/Projects/JungleTestLabs/opencalc-harmonyos/entry/build/default/outputs/default/pack.info cache by regenerate.
[2026-05-19T15:33:49.329] [DEBUG] debug-file - Update task entry:default@PackageHap input file:/Users/jordanzt/Work/HuaweiWork/Others/Projects/JungleTestLabs/opencalc-harmonyos/entry/build/default/intermediates/loader_out/default/ets cache by regenerate.
[2026-05-19T15:33:49.329] [DEBUG] debug-file - Update task entry:default@PackageHap input file:/Users/jordanzt/Work/HuaweiWork/Others/Projects/JungleTestLabs/opencalc-harmonyos/entry/build/default/intermediates/loader_out/default/ets/sourceMaps.map cache by regenerate.
[2026-05-19T15:33:49.329] [DEBUG] debug-file - Update task entry:default@PackageHap input file:/Users/jordanzt/Work/HuaweiWork/Others/Projects/JungleTestLabs/opencalc-harmonyos/entry/build/default/generated/profile/default/BuildProfile.ets cache by regenerate.
[2026-05-19T15:33:49.329] [DEBUG] debug-file - Update task entry:default@PackageHap output file:/Users/jordanzt/Work/HuaweiWork/Others/Projects/JungleTestLabs/opencalc-harmonyos/entry/build/default/outputs/default/entry-default-unsigned.hap cache.
[2026-05-19T15:33:49.329] [DEBUG] debug-file - Update task entry:default@PackageHap output file:/Users/jordanzt/Work/HuaweiWork/Others/Projects/JungleTestLabs/opencalc-harmonyos/entry/build/default/intermediates/source_map/default/sourceMaps.map cache.
[2026-05-19T15:33:49.329] [DEBUG] debug-file - Update task entry:default@PackageHap output file:/Users/jordanzt/Work/HuaweiWork/Others/Projects/JungleTestLabs/opencalc-harmonyos/entry/build/default/outputs/default/mapping/sourceMaps.map cache.
[2026-05-19T15:33:49.329] [DEBUG] debug-file - Incremental task entry:default@PackageHap post-execution cost:1 ms .
[2026-05-19T15:33:49.329] [DEBUG] debug-file - Update task entry:default@SignHap input file:/Users/jordanzt/Work/HuaweiWork/Others/Projects/JungleTestLabs/opencalc-harmonyos/entry/build/default/outputs/default/entry-default-unsigned.hap cache by regenerate.
[2026-05-19T15:33:49.329] [DEBUG] debug-file - Update task entry:default@SignHap output file:/Users/jordanzt/Work/HuaweiWork/Others/Projects/JungleTestLabs/opencalc-harmonyos/entry/build/default/outputs/default/entry-default-signed.hap cache.
[2026-05-19T15:33:49.329] [DEBUG] debug-file - Incremental task entry:default@SignHap post-execution cost:1 ms .
[2026-05-19T15:33:49.329] [DEBUG] debug-file - Update task entry:default@CollectDebugSymbol input file:/Users/jordanzt/Work/HuaweiWork/Others/Projects/JungleTestLabs/opencalc-harmonyos/entry/build/default/intermediates/loader_out/default/ets/sourceMaps.map cache by regenerate.
[2026-05-19T15:33:49.329] [DEBUG] debug-file - Update task entry:default@CollectDebugSymbol input file:/Users/jordanzt/Work/HuaweiWork/Others/Projects/JungleTestLabs/opencalc-harmonyos/entry/build/default/intermediates/libs/default cache by regenerate.
[2026-05-19T15:33:49.329] [DEBUG] debug-file - Update task entry:default@CollectDebugSymbol output file:/Users/jordanzt/Work/HuaweiWork/Others/Projects/JungleTestLabs/opencalc-harmonyos/entry/build/default/outputs/default/symbol cache.
[2026-05-19T15:33:49.329] [DEBUG] debug-file - Incremental task entry:default@CollectDebugSymbol post-execution cost:1 ms .
[2026-05-19T15:33:49.335] [DEBUG] debug-file - Current worker pool is stopped or closed.
[2026-05-19T15:33:49.335] [DEBUG] debug-file - Clear worker 0.
[2026-05-19T15:33:49.335] [DEBUG] debug-file - Worker 0 has been cleared.
[2026-05-19T15:33:49.335] [DEBUG] debug-file - Current idle worker size: 4.
[2026-05-19T15:33:49.335] [DEBUG] debug-file - Current busy worker size: 0.
[2026-05-19T15:33:49.335] [DEBUG] debug-file - Clear worker 1.
[2026-05-19T15:33:49.335] [DEBUG] debug-file - Worker 1 has been cleared.
[2026-05-19T15:33:49.335] [DEBUG] debug-file - Current idle worker size: 3.
[2026-05-19T15:33:49.335] [DEBUG] debug-file - Current busy worker size: 0.
[2026-05-19T15:33:49.335] [DEBUG] debug-file - Clear worker 10.
[2026-05-19T15:33:49.335] [DEBUG] debug-file - Worker 10 has been cleared.
[2026-05-19T15:33:49.335] [DEBUG] debug-file - Current idle worker size: 2.
[2026-05-19T15:33:49.335] [DEBUG] debug-file - Current busy worker size: 0.
[2026-05-19T15:33:49.335] [DEBUG] debug-file - Clear worker 9.
[2026-05-19T15:33:49.335] [DEBUG] debug-file - Worker 9 has been cleared.
[2026-05-19T15:33:49.335] [DEBUG] debug-file - Current idle worker size: 1.
[2026-05-19T15:33:49.335] [DEBUG] debug-file - Current busy worker size: 0.
[2026-05-19T15:33:49.335] [DEBUG] debug-file - Clear worker 4.
[2026-05-19T15:33:49.335] [DEBUG] debug-file - Worker 4 has been cleared.
[2026-05-19T15:33:49.335] [DEBUG] debug-file - Current idle worker size: 0.
[2026-05-19T15:33:49.335] [DEBUG] debug-file - Current busy worker size: 0.
[2026-05-19T15:33:49.336] [DEBUG] debug-file - hvigor build process will be closed.
[2026-05-19T15:33:49.341] [DEBUG] debug-file - Current worker pool is terminated.
[2026-05-19T15:33:49.341] [DEBUG] debug-file - java daemon socket close code:1000 reason:close by user
[2026-05-19T15:33:49.343] [DEBUG] debug-file - worker[1] exits with exit code 1.
[2026-05-19T15:33:49.343] [DEBUG] debug-file - worker[0] exits with exit code 1.
[2026-05-19T15:33:49.343] [DEBUG] debug-file - worker[10] exits with exit code 1.
[2026-05-19T15:33:49.344] [DEBUG] debug-file - worker[9] exits with exit code 1.
[2026-05-19T15:33:49.349] [DEBUG] debug-file - worker[4] exits with exit code 1.
[2026-05-19T15:34:55.458] [DEBUG] debug-file - env: nodejsVersion=v18.20.1
[2026-05-19T15:34:55.468] [DEBUG] debug-file - env: daemon=true
[2026-05-19T15:34:55.458] [DEBUG] debug-file - env: hvigor-config.json5 content = { modelVersion: '6.0.2', dependencies: {} }
[2026-05-19T15:34:55.687] [DEBUG] debug-file - java daemon tryConnect success
[2026-05-19T15:34:55.697] [DEBUG] debug-file - session manager: set active socket. socketId=Goi1liShj21qfCjmAAAB
[2026-05-19T15:34:55.920] [DEBUG] debug-file - watch worker: worker id should be larger than 0. Nothing will be sent to any worker thread.
[2026-05-19T15:34:55.921] [DEBUG] debug-file - Since there is no instance or instance is terminated, create a new worker pool.
[2026-05-19T15:34:55.921] [DEBUG] debug-file - Worker pool is initialized with config:  {
  minPoolNum: 2,
  maxPoolNum: undefined,
  maxCoreSize: undefined,
  cacheCapacity: undefined,
  cacheTtl: undefined
}
[2026-05-19T15:34:55.922] [DEBUG] debug-file - Create  resident worker with id: 0.
[2026-05-19T15:34:55.923] [DEBUG] debug-file - Create  resident worker with id: 1.
[2026-05-19T15:34:55.924] [DEBUG] debug-file - Workers' log level updated to INFO
[2026-05-19T15:34:55.928] [DEBUG] debug-file - Hvigor init with startParameters:{
  hvigorfileTypeCheck: false,
  parallelExecution: true,
  incrementalExecution: true,
  printStackTrace: false,
  daemon: true,
  analyze: 0,
  logLevel: Level { level: 20000, levelStr: 'INFO', colour: 'green' },
  optimizationStrategy: 'memory',
  hotCompile: undefined,
  hotReloadBuild: undefined,
  customizedParam: undefined
}
[2026-05-19T15:34:55.930] [DEBUG] debug-file - Cache service initialization finished in 3 ms 
[2026-05-19T15:34:55.931] [DEBUG] debug-file - hvigorfile, resolving /Users/jordanzt/Work/HuaweiWork/Others/Projects/JungleTestLabs/opencalc-harmonyos/hvigorfile.ts
[2026-05-19T15:34:56.556] [DEBUG] debug-file - hvigorfile, require result:  {}
[2026-05-19T15:34:56.556] [DEBUG] debug-file - hvigorfile, binding system plugins {}
[2026-05-19T15:34:56.557] [DEBUG] debug-file - Starting plugin build process
[2026-05-19T15:34:56.557] [DEBUG] debug-file - App plugin prepare start...
[2026-05-19T15:34:56.557] [DEBUG] debug-file - App plugin prepare end...
[2026-05-19T15:34:56.557] [DEBUG] debug-file - App plugin creating...
[2026-05-19T15:34:56.646] [DEBUG] debug-file - App plugin register hook start...
[2026-05-19T15:34:56.647] [DEBUG] debug-file - App plugin register hook end...
[2026-05-19T15:34:56.647] [DEBUG] debug-file - Plugin build process completed
[2026-05-19T15:34:56.647] [DEBUG] debug-file - Start initialize project's product build option map with build mode debug.
[2026-05-19T15:34:56.647] [DEBUG] debug-file - Picking option from product 'default' with build mode 'debug'.
[2026-05-19T15:34:56.647] [DEBUG] debug-file - Product 'default' build option initialized
[2026-05-19T15:34:56.647] [DEBUG] debug-file - End initialize project's product build option map with build mode 'debug'.
[2026-05-19T15:34:56.648] [DEBUG] debug-file - Obtain build option for product 'default'in this build.
[2026-05-19T15:34:56.649] [DEBUG] debug-file - No signingConfig found, initRemoteHspCache failed.
[2026-05-19T15:34:56.650] [DEBUG] debug-file - Local scan or download HarmonyOS sdk components toolchains,ets,js,native,previewer
[2026-05-19T15:34:56.651] [DEBUG] debug-file - Local scan or download hmscore sdk components toolchains,ets,native
[2026-05-19T15:34:56.652] [DEBUG] debug-file - Start recording SDK configuration permission data.
[2026-05-19T15:34:56.672] [DEBUG] debug-file - Sdk init in 23 ms 
[2026-05-19T15:34:56.675] [DEBUG] debug-file - Project task initialization takes 2 ms 
[2026-05-19T15:34:56.675] [DEBUG] debug-file - hvigorfile, resolve finished /Users/jordanzt/Work/HuaweiWork/Others/Projects/JungleTestLabs/opencalc-harmonyos/hvigorfile.ts
[2026-05-19T15:34:56.675] [DEBUG] debug-file - hvigorfile, resolving /Users/jordanzt/Work/HuaweiWork/Others/Projects/JungleTestLabs/opencalc-harmonyos/entry/hvigorfile.ts
[2026-05-19T15:34:56.678] [DEBUG] debug-file - hvigorfile, require result:  {}
[2026-05-19T15:34:56.678] [DEBUG] debug-file - hvigorfile, binding system plugins {}
[2026-05-19T15:34:56.678] [DEBUG] debug-file - Starting plugin build process
[2026-05-19T15:34:56.678] [DEBUG] debug-file - Hap plugin creating...
[2026-05-19T15:34:56.678] [DEBUG] debug-file - failed to load cangjie to dynamically generate schemas: Error: Cannot find module '@ohos/cangjie-build-support/index'
Require stack:
- /Applications/DevEco-Studio.app/Contents/tools/hvigor/hvigor-ohos-plugin/src/plugin/hooks/cangjie-register.js
- /Applications/DevEco-Studio.app/Contents/tools/hvigor/hvigor-ohos-plugin/src/plugin/strategy/stage-init-strategy.js
- /Applications/DevEco-Studio.app/Contents/tools/hvigor/hvigor-ohos-plugin/src/plugin/builder/abstract-plugin-builder.js
- /Applications/DevEco-Studio.app/Contents/tools/hvigor/hvigor-ohos-plugin/src/plugin/builder/app-plugin-builder.js
- /Applications/DevEco-Studio.app/Contents/tools/hvigor/hvigor-ohos-plugin/src/plugin/factory/plugin-factory.js
- /Applications/DevEco-Studio.app/Contents/tools/hvigor/hvigor-ohos-plugin/index.js
- /Users/jordanzt/Work/HuaweiWork/Others/Projects/JungleTestLabs/opencalc-harmonyos/hvigorfile.ts
- /Applications/DevEco-Studio.app/Contents/tools/hvigor/hvigor/src/base/internal/lifecycle/configuration.js
- /Applications/DevEco-Studio.app/Contents/tools/hvigor/hvigor/src/base/boot/index.js
- /Applications/DevEco-Studio.app/Contents/tools/hvigor/hvigor/src/base/daemon/cluster/worker-process-lifecycle.js
- /Applications/DevEco-Studio.app/Contents/tools/hvigor/hvigor/src/base/daemon/process/daemon-process-boot-script.js
[2026-05-19T15:34:56.684] [DEBUG] debug-file - Start initialize module-target build option map, moduleName=entry, buildMode=debug
[2026-05-19T15:34:56.684] [DEBUG] debug-file - Target 'default' config initialized
[2026-05-19T15:34:56.684] [DEBUG] debug-file - Module 'entry' target 'default' build option initialized
[2026-05-19T15:34:56.684] [DEBUG] debug-file - End initialize module-target build option map, moduleName=entry
[2026-05-19T15:34:56.684] [DEBUG] debug-file - Start initialize module-target build option map, moduleName=entry, buildMode=release
[2026-05-19T15:34:56.684] [DEBUG] debug-file - Target 'default' config initialized
[2026-05-19T15:34:56.684] [DEBUG] debug-file - Module 'entry' target 'default' build option initialized
[2026-05-19T15:34:56.684] [DEBUG] debug-file - End initialize module-target build option map, moduleName=entry
[2026-05-19T15:34:56.684] [DEBUG] debug-file - Start initialize module-target build option map, moduleName=entry, buildMode=debug
[2026-05-19T15:34:56.684] [DEBUG] debug-file - Target 'default' config initialized
[2026-05-19T15:34:56.684] [DEBUG] debug-file - Module 'entry' target 'default' build option initialized
[2026-05-19T15:34:56.684] [DEBUG] debug-file - End initialize module-target build option map, moduleName=entry
[2026-05-19T15:34:56.684] [DEBUG] debug-file - Obtain build option for module 'entry' target 'default'in this build.
[2026-05-19T15:34:56.687] [DEBUG] debug-file - Module entry task initialization takes 3 ms 
[2026-05-19T15:34:56.687] [DEBUG] debug-file - Hap plugin register hook start...
[2026-05-19T15:34:56.687] [DEBUG] debug-file - Hap plugin register hook end...
[2026-05-19T15:34:56.687] [DEBUG] debug-file - Plugin build process completed
[2026-05-19T15:34:56.687] [DEBUG] debug-file - hvigorfile, resolve finished /Users/jordanzt/Work/HuaweiWork/Others/Projects/JungleTestLabs/opencalc-harmonyos/entry/hvigorfile.ts
[2026-05-19T15:34:56.725] [DEBUG] debug-file - hvigorfile, resolve hvigorfile dependencies in 38 ms 
[2026-05-19T15:34:56.725] [DEBUG] debug-file - project has submodules:entry
[2026-05-19T15:34:56.725] [DEBUG] debug-file - start to load updatedOhPackageInfo to the disk
[2026-05-19T15:34:56.727] [DEBUG] debug-file - load to the disk finished
[2026-05-19T15:34:56.727] [DEBUG] debug-file - Start to initialize dependency information.
[2026-05-19T15:34:56.731] [DEBUG] debug-file - Module opencalc-harmonyos Collected Dependency: 
[2026-05-19T15:34:56.731] [DEBUG] debug-file - Module opencalc-harmonyos's total dependency: 0
[2026-05-19T15:34:56.731] [DEBUG] debug-file - Start to initialize dependency information.
[2026-05-19T15:34:56.732] [DEBUG] debug-file - Module entry Collected Dependency: 
[2026-05-19T15:34:56.732] [DEBUG] debug-file - Module entry's total dependency: 0
[2026-05-19T15:34:56.734] [DEBUG] debug-file - Configuration phase cost:804 ms 
[2026-05-19T15:34:56.735] [DEBUG] debug-file - Configuration task cost before running: 811 ms 
[2026-05-19T15:34:56.735] [DEBUG] debug-file - Executing task :entry:init
[2026-05-19T15:34:56.735] [DEBUG] debug-file - entry : init cost memory 0.01648712158203125
[2026-05-19T15:34:56.735] [DEBUG] debug-file - runTaskFromQueue task cost before running: 811 ms 
[2026-05-19T15:34:56.735] [INFO] debug-file - Finished :entry:init... after 1 ms 
[2026-05-19T15:34:56.736] [DEBUG] debug-file - Executing task ::init
[2026-05-19T15:34:56.736] [DEBUG] debug-file - opencalc-harmonyos : init cost memory 0.01378631591796875
[2026-05-19T15:34:56.736] [DEBUG] debug-file - runTaskFromQueue task cost before running: 812 ms 
[2026-05-19T15:34:56.736] [INFO] debug-file - Finished ::init... after 1 ms 
[2026-05-19T15:34:56.737] [DEBUG] debug-file - Obtain build option for module 'entry' target 'default'in this build.
[2026-05-19T15:34:56.738] [DEBUG] debug-file - Cleanup worker 0.
[2026-05-19T15:34:56.738] [DEBUG] debug-file - Worker 0 has been cleaned up.
[2026-05-19T15:34:56.738] [DEBUG] debug-file - Current idle worker size: 1.
[2026-05-19T15:34:56.738] [DEBUG] debug-file - Current resident worker size: 2.
[2026-05-19T15:34:56.738] [DEBUG] debug-file - Cleanup worker 1.
[2026-05-19T15:34:56.738] [DEBUG] debug-file - Worker 1 has been cleaned up.
[2026-05-19T15:34:56.738] [DEBUG] debug-file - Current idle worker size: 0.
[2026-05-19T15:34:56.738] [DEBUG] debug-file - Current resident worker size: 2.
[2026-05-19T15:34:56.738] [DEBUG] debug-file - hvigor build process will be closed.
[2026-05-19T15:34:56.806] [DEBUG] debug-file - worker[0] exits with exit code 1.
[2026-05-19T15:34:56.806] [DEBUG] debug-file - worker[1] exits with exit code 1.
[2026-05-19T15:34:56.818] [DEBUG] debug-file - session manager: send message to worker process.
[2026-05-19T15:34:56.818] [DEBUG] debug-file - session manager: send message to worker process.
[2026-05-19T15:34:56.818] [DEBUG] debug-file - watch worker: worker id should be larger than 0. Nothing will be sent to any worker thread.
[2026-05-19T15:34:56.818] [DEBUG] debug-file - watch worker: worker id should be larger than 0. Nothing will be sent to any worker thread.
[2026-05-19T15:35:02.214] [DEBUG] debug-file - session manager: set active socket. socketId=EQi-mIWGLJNR7dx7AAAD
[2026-05-19T15:35:02.215] [DEBUG] debug-file - watch worker: worker id should be larger than 0. Nothing will be sent to any worker thread.
[2026-05-19T15:35:02.216] [DEBUG] debug-file - Workers' log level updated to INFO
[2026-05-19T15:35:02.217] [DEBUG] debug-file - Hvigor init with startParameters:{
  hvigorfileTypeCheck: false,
  parallelExecution: true,
  incrementalExecution: true,
  printStackTrace: false,
  daemon: true,
  analyze: 0,
  logLevel: Level { level: 20000, levelStr: 'INFO', colour: 'green' },
  optimizationStrategy: 'memory',
  hotCompile: undefined,
  hotReloadBuild: undefined,
  customizedParam: undefined
}
[2026-05-19T15:35:02.219] [DEBUG] debug-file - Cache service initialization finished in 2 ms 
[2026-05-19T15:35:02.219] [DEBUG] debug-file - hvigorfile, resolving /Users/jordanzt/Work/HuaweiWork/Others/Projects/JungleTestLabs/opencalc-harmonyos/hvigorfile.ts
[2026-05-19T15:35:02.224] [DEBUG] debug-file - hvigorfile, require result:  {}
[2026-05-19T15:35:02.224] [DEBUG] debug-file - hvigorfile, binding system plugins {}
[2026-05-19T15:35:02.224] [DEBUG] debug-file - Starting plugin build process
[2026-05-19T15:35:02.224] [DEBUG] debug-file - App plugin prepare start...
[2026-05-19T15:35:02.224] [DEBUG] debug-file - App plugin prepare end...
[2026-05-19T15:35:02.224] [DEBUG] debug-file - App plugin creating...
[2026-05-19T15:35:02.226] [DEBUG] debug-file - App plugin register hook start...
[2026-05-19T15:35:02.226] [DEBUG] debug-file - App plugin register hook end...
[2026-05-19T15:35:02.226] [DEBUG] debug-file - Plugin build process completed
[2026-05-19T15:35:02.226] [DEBUG] debug-file - Start initialize project's product build option map with build mode debug.
[2026-05-19T15:35:02.226] [DEBUG] debug-file - Picking option from product 'default' with build mode 'debug'.
[2026-05-19T15:35:02.226] [DEBUG] debug-file - Product 'default' build option initialized
[2026-05-19T15:35:02.226] [DEBUG] debug-file - End initialize project's product build option map with build mode 'debug'.
[2026-05-19T15:35:02.226] [DEBUG] debug-file - Obtain build option for product 'default'in this build.
[2026-05-19T15:35:02.227] [DEBUG] debug-file - No signingConfig found, initRemoteHspCache failed.
[2026-05-19T15:35:02.227] [DEBUG] debug-file - Start recording SDK configuration permission data.
[2026-05-19T15:35:02.244] [DEBUG] debug-file - Sdk init in 17 ms 
[2026-05-19T15:35:02.245] [DEBUG] debug-file - Project task initialization takes 1 ms 
[2026-05-19T15:35:02.245] [DEBUG] debug-file - hvigorfile, resolve finished /Users/jordanzt/Work/HuaweiWork/Others/Projects/JungleTestLabs/opencalc-harmonyos/hvigorfile.ts
[2026-05-19T15:35:02.245] [DEBUG] debug-file - hvigorfile, resolving /Users/jordanzt/Work/HuaweiWork/Others/Projects/JungleTestLabs/opencalc-harmonyos/entry/hvigorfile.ts
[2026-05-19T15:35:02.248] [DEBUG] debug-file - hvigorfile, require result:  {}
[2026-05-19T15:35:02.248] [DEBUG] debug-file - hvigorfile, binding system plugins {}
[2026-05-19T15:35:02.248] [DEBUG] debug-file - Starting plugin build process
[2026-05-19T15:35:02.248] [DEBUG] debug-file - Hap plugin creating...
[2026-05-19T15:35:02.248] [DEBUG] debug-file - failed to load cangjie to dynamically generate schemas: Error: Cannot find module '@ohos/cangjie-build-support/index'
Require stack:
- /Applications/DevEco-Studio.app/Contents/tools/hvigor/hvigor-ohos-plugin/src/plugin/hooks/cangjie-register.js
- /Applications/DevEco-Studio.app/Contents/tools/hvigor/hvigor-ohos-plugin/src/plugin/strategy/stage-init-strategy.js
- /Applications/DevEco-Studio.app/Contents/tools/hvigor/hvigor-ohos-plugin/src/plugin/builder/abstract-plugin-builder.js
- /Applications/DevEco-Studio.app/Contents/tools/hvigor/hvigor-ohos-plugin/src/plugin/builder/app-plugin-builder.js
- /Applications/DevEco-Studio.app/Contents/tools/hvigor/hvigor-ohos-plugin/src/plugin/factory/plugin-factory.js
- /Applications/DevEco-Studio.app/Contents/tools/hvigor/hvigor-ohos-plugin/index.js
- /Users/jordanzt/Work/HuaweiWork/Others/Projects/JungleTestLabs/opencalc-harmonyos/hvigorfile.ts
- /Applications/DevEco-Studio.app/Contents/tools/hvigor/hvigor/src/base/internal/lifecycle/configuration.js
- /Applications/DevEco-Studio.app/Contents/tools/hvigor/hvigor/src/base/boot/index.js
- /Applications/DevEco-Studio.app/Contents/tools/hvigor/hvigor/src/base/daemon/cluster/worker-process-lifecycle.js
- /Applications/DevEco-Studio.app/Contents/tools/hvigor/hvigor/src/base/daemon/process/daemon-process-boot-script.js
[2026-05-19T15:35:02.249] [DEBUG] debug-file - Start initialize module-target build option map, moduleName=entry, buildMode=debug
[2026-05-19T15:35:02.249] [DEBUG] debug-file - Target 'default' config initialized
[2026-05-19T15:35:02.249] [DEBUG] debug-file - Module 'entry' target 'default' build option initialized
[2026-05-19T15:35:02.249] [DEBUG] debug-file - End initialize module-target build option map, moduleName=entry
[2026-05-19T15:35:02.249] [DEBUG] debug-file - Start initialize module-target build option map, moduleName=entry, buildMode=release
[2026-05-19T15:35:02.249] [DEBUG] debug-file - Target 'default' config initialized
[2026-05-19T15:35:02.249] [DEBUG] debug-file - Module 'entry' target 'default' build option initialized
[2026-05-19T15:35:02.249] [DEBUG] debug-file - End initialize module-target build option map, moduleName=entry
[2026-05-19T15:35:02.249] [DEBUG] debug-file - Start initialize module-target build option map, moduleName=entry, buildMode=debug
[2026-05-19T15:35:02.249] [DEBUG] debug-file - Target 'default' config initialized
[2026-05-19T15:35:02.249] [DEBUG] debug-file - Module 'entry' target 'default' build option initialized
[2026-05-19T15:35:02.249] [DEBUG] debug-file - End initialize module-target build option map, moduleName=entry
[2026-05-19T15:35:02.249] [DEBUG] debug-file - Obtain build option for module 'entry' target 'default'in this build.
[2026-05-19T15:35:02.250] [DEBUG] debug-file - Module entry task initialization takes 1 ms 
[2026-05-19T15:35:02.250] [DEBUG] debug-file - Hap plugin register hook start...
[2026-05-19T15:35:02.250] [DEBUG] debug-file - Hap plugin register hook end...
[2026-05-19T15:35:02.250] [DEBUG] debug-file - Plugin build process completed
[2026-05-19T15:35:02.250] [DEBUG] debug-file - hvigorfile, resolve finished /Users/jordanzt/Work/HuaweiWork/Others/Projects/JungleTestLabs/opencalc-harmonyos/entry/hvigorfile.ts
[2026-05-19T15:35:02.288] [DEBUG] debug-file - hvigorfile, resolve hvigorfile dependencies in 39 ms 
[2026-05-19T15:35:02.288] [DEBUG] debug-file - project has submodules:entry
[2026-05-19T15:35:02.289] [DEBUG] debug-file - start to load updatedOhPackageInfo to the disk
[2026-05-19T15:35:02.290] [DEBUG] debug-file - load to the disk finished
[2026-05-19T15:35:02.290] [DEBUG] debug-file - Start to initialize dependency information.
[2026-05-19T15:35:02.291] [DEBUG] debug-file - Module opencalc-harmonyos Collected Dependency: 
[2026-05-19T15:35:02.291] [DEBUG] debug-file - Module opencalc-harmonyos's total dependency: 0
[2026-05-19T15:35:02.291] [DEBUG] debug-file - Start to initialize dependency information.
[2026-05-19T15:35:02.292] [DEBUG] debug-file - Module entry Collected Dependency: 
[2026-05-19T15:35:02.292] [DEBUG] debug-file - Module entry's total dependency: 0
[2026-05-19T15:35:02.292] [DEBUG] debug-file - Configuration phase cost:74 ms 
[2026-05-19T15:35:02.293] [DEBUG] debug-file - Configuration task cost before running: 77 ms 
[2026-05-19T15:35:02.296] [DEBUG] debug-file - Executing task :entry:default@PreBuild
[2026-05-19T15:35:02.297] [DEBUG] debug-file - Task 'entry:default@PreBuild' cost while wrapping incremental declarations: 1 ms 
[2026-05-19T15:35:02.299] [DEBUG] debug-file - entry:default@PreBuild is not up-to-date, since the task snapshots are different.
[2026-05-19T15:35:02.299] [DEBUG] debug-file - Incremental task entry:default@PreBuild pre-execution cost: 2 ms .
[2026-05-19T15:35:02.360] [DEBUG] debug-file - current product is not Atomic service.
[2026-05-19T15:35:02.360] [DEBUG] debug-file - Use tool [darwin: JAVA_HOME, CLASSPATH]
 [
  {
    JAVA_HOME: '/Applications/DevEco-Studio.app/Contents/jbr/Contents/Home'
  },
  { CLASSPATH: undefined }
]
[2026-05-19T15:35:02.360] [DEBUG] debug-file - Use tool [darwin: NODE_HOME]
 [
  {
    NODE_HOME: '/Applications/DevEco-Studio.app/Contents/tools/node/bin'
  }
]
[2026-05-19T15:35:02.360] [DEBUG] debug-file - entry : default@PreBuild cost memory 11.404579162597656
[2026-05-19T15:35:02.360] [DEBUG] debug-file - runTaskFromQueue task cost before running: 144 ms 
[2026-05-19T15:35:02.361] [INFO] debug-file - Finished :entry:default@PreBuild... after 64 ms 
[2026-05-19T15:35:02.361] [DEBUG] debug-file - Executing task :entry:default@CreateModuleInfo
[2026-05-19T15:35:02.361] [DEBUG] debug-file - Task 'entry:default@CreateModuleInfo' cost while wrapping incremental declarations: 1 ms 
[2026-05-19T15:35:02.361] [DEBUG] debug-file - entry : default@CreateModuleInfo cost memory 0.04123687744140625
[2026-05-19T15:35:02.361] [DEBUG] debug-file - runTaskFromQueue task cost before running: 146 ms 
[2026-05-19T15:35:02.361] [INFO] debug-file - Finished :entry:default@CreateModuleInfo... after 1 ms 
[2026-05-19T15:35:02.362] [DEBUG] debug-file - Executing task :entry:default@GenerateMetadata
[2026-05-19T15:35:02.362] [DEBUG] debug-file - Task 'entry:default@GenerateMetadata' cost while wrapping incremental declarations: 1 ms 
[2026-05-19T15:35:02.363] [DEBUG] debug-file - Incremental task entry:default@GenerateMetadata pre-execution cost: 1 ms .
[2026-05-19T15:35:02.363] [DEBUG] debug-file - entry : default@GenerateMetadata cost memory 0.2074432373046875
[2026-05-19T15:35:02.363] [INFO] debug-file - UP-TO-DATE :entry:default@GenerateMetadata...  
[2026-05-19T15:35:02.363] [DEBUG] debug-file - Executing task :entry:default@ConfigureCmake
[2026-05-19T15:35:02.363] [DEBUG] debug-file - entry : default@ConfigureCmake cost memory 0.014617919921875
[2026-05-19T15:35:02.363] [DEBUG] debug-file - runTaskFromQueue task cost before running: 147 ms 
[2026-05-19T15:35:02.363] [INFO] debug-file - Finished :entry:default@ConfigureCmake... after 1 ms 
[2026-05-19T15:35:02.364] [DEBUG] debug-file - Executing task :entry:default@MergeProfile
[2026-05-19T15:35:02.364] [DEBUG] debug-file - Task 'entry:default@MergeProfile' cost while wrapping incremental declarations: 1 ms 
[2026-05-19T15:35:02.365] [DEBUG] debug-file - Incremental task entry:default@MergeProfile pre-execution cost: 1 ms .
[2026-05-19T15:35:02.365] [DEBUG] debug-file - entry : default@MergeProfile cost memory 0.11087799072265625
[2026-05-19T15:35:02.365] [INFO] debug-file - UP-TO-DATE :entry:default@MergeProfile...  
[2026-05-19T15:35:02.365] [DEBUG] debug-file - Executing task :entry:default@CreateBuildProfile
[2026-05-19T15:35:02.365] [DEBUG] debug-file - Task 'entry:default@CreateBuildProfile' cost while wrapping incremental declarations: 1 ms 
[2026-05-19T15:35:02.366] [DEBUG] debug-file - Incremental task entry:default@CreateBuildProfile pre-execution cost: 1 ms .
[2026-05-19T15:35:02.366] [DEBUG] debug-file - entry : default@CreateBuildProfile cost memory 0.11414337158203125
[2026-05-19T15:35:02.366] [INFO] debug-file - UP-TO-DATE :entry:default@CreateBuildProfile...  
[2026-05-19T15:35:02.366] [DEBUG] debug-file - Executing task :entry:default@PreCheckSyscap
[2026-05-19T15:35:02.366] [DEBUG] debug-file - entry : default@PreCheckSyscap cost memory 0.01471710205078125
[2026-05-19T15:35:02.366] [DEBUG] debug-file - runTaskFromQueue task cost before running: 150 ms 
[2026-05-19T15:35:02.366] [INFO] debug-file - Finished :entry:default@PreCheckSyscap... after 1 ms 
[2026-05-19T15:35:02.366] [DEBUG] debug-file - Executing task :entry:default@GeneratePkgContextInfo
[2026-05-19T15:35:02.370] [DEBUG] debug-file - Task 'entry:default@GeneratePkgContextInfo' cost while wrapping incremental declarations: 1 ms 
[2026-05-19T15:35:02.370] [DEBUG] debug-file - entry : default@GeneratePkgContextInfo cost memory 0.4528350830078125
[2026-05-19T15:35:02.370] [DEBUG] debug-file - runTaskFromQueue task cost before running: 154 ms 
[2026-05-19T15:35:02.370] [INFO] debug-file - Finished :entry:default@GeneratePkgContextInfo... after 4 ms 
[2026-05-19T15:35:02.371] [DEBUG] debug-file - Executing task :entry:default@ProcessIntegratedHsp
[2026-05-19T15:35:02.371] [DEBUG] debug-file - entry:default@ProcessIntegratedHsp is not up-to-date, since the output file '/Users/jordanzt/Work/HuaweiWork/Others/Projects/JungleTestLabs/opencalc-harmonyos/build/cache/default/integrated_hsp/integratedHspCache.json' does not exist.
[2026-05-19T15:35:02.371] [DEBUG] debug-file - Incremental task entry:default@ProcessIntegratedHsp pre-execution cost: 1 ms .
[2026-05-19T15:35:02.371] [DEBUG] debug-file - entry : default@ProcessIntegratedHsp cost memory 0.0611114501953125
[2026-05-19T15:35:02.371] [DEBUG] debug-file - runTaskFromQueue task cost before running: 155 ms 
[2026-05-19T15:35:02.371] [INFO] debug-file - Finished :entry:default@ProcessIntegratedHsp... after 1 ms 
[2026-05-19T15:35:02.371] [DEBUG] debug-file - Executing task :entry:default@BuildNativeWithCmake
[2026-05-19T15:35:02.372] [DEBUG] debug-file - entry : default@BuildNativeWithCmake cost memory 0.0150146484375
[2026-05-19T15:35:02.372] [DEBUG] debug-file - runTaskFromQueue task cost before running: 156 ms 
[2026-05-19T15:35:02.372] [INFO] debug-file - Finished :entry:default@BuildNativeWithCmake... after 1 ms 
[2026-05-19T15:35:02.372] [DEBUG] debug-file - Executing task :entry:default@MakePackInfo
[2026-05-19T15:35:02.373] [DEBUG] debug-file - Incremental task entry:default@MakePackInfo pre-execution cost: 1 ms .
[2026-05-19T15:35:02.373] [DEBUG] debug-file - entry : default@MakePackInfo cost memory 0.09595489501953125
[2026-05-19T15:35:02.373] [INFO] debug-file - UP-TO-DATE :entry:default@MakePackInfo...  
[2026-05-19T15:35:02.373] [DEBUG] debug-file - Executing task :entry:default@SyscapTransform
[2026-05-19T15:35:02.373] [DEBUG] debug-file - File: '/Users/jordanzt/Work/HuaweiWork/Others/Projects/JungleTestLabs/opencalc-harmonyos/entry/src/main/syscap.json' from 'sysCapJsonPath' is not exists, just ignore.
[2026-05-19T15:35:02.373] [DEBUG] debug-file - Task 'entry:default@SyscapTransform' cost while wrapping incremental declarations: 1 ms 
[2026-05-19T15:35:02.373] [DEBUG] debug-file - entry:default@SyscapTransform is not up-to-date, since the output file '/Users/jordanzt/Work/HuaweiWork/Others/Projects/JungleTestLabs/opencalc-harmonyos/entry/build/default/intermediates/syscap/default/rpcid.sc' does not exist.
[2026-05-19T15:35:02.373] [DEBUG] debug-file - Incremental task entry:default@SyscapTransform pre-execution cost: 1 ms .
[2026-05-19T15:35:02.374] [DEBUG] debug-file - entry : default@SyscapTransform cost memory 0.11090087890625
[2026-05-19T15:35:02.374] [DEBUG] debug-file - runTaskFromQueue task cost before running: 158 ms 
[2026-05-19T15:35:02.374] [INFO] debug-file - Finished :entry:default@SyscapTransform... after 1 ms 
[2026-05-19T15:35:02.375] [DEBUG] debug-file - Executing task :entry:default@ProcessProfile
[2026-05-19T15:35:02.376] [DEBUG] debug-file - Task 'entry:default@ProcessProfile' cost while wrapping incremental declarations: 1 ms 
[2026-05-19T15:35:02.376] [DEBUG] debug-file - Incremental task entry:default@ProcessProfile pre-execution cost: 1 ms .
[2026-05-19T15:35:02.376] [DEBUG] debug-file - entry : default@ProcessProfile cost memory 0.120513916015625
[2026-05-19T15:35:02.376] [INFO] debug-file - UP-TO-DATE :entry:default@ProcessProfile...  
[2026-05-19T15:35:02.377] [DEBUG] debug-file - Executing task :entry:default@ProcessRouterMap
[2026-05-19T15:35:02.377] [DEBUG] debug-file - Incremental task entry:default@ProcessRouterMap pre-execution cost: 1 ms .
[2026-05-19T15:35:02.378] [DEBUG] debug-file - entry : default@ProcessRouterMap cost memory 0.11698150634765625
[2026-05-19T15:35:02.378] [INFO] debug-file - UP-TO-DATE :entry:default@ProcessRouterMap...  
[2026-05-19T15:35:02.378] [DEBUG] debug-file - Executing task :entry:default@ProcessShareConfig
[2026-05-19T15:35:02.379] [DEBUG] debug-file - Incremental task entry:default@ProcessShareConfig pre-execution cost: 1 ms .
[2026-05-19T15:35:02.379] [DEBUG] debug-file - entry : default@ProcessShareConfig cost memory 0.09906005859375
[2026-05-19T15:35:02.379] [INFO] debug-file - UP-TO-DATE :entry:default@ProcessShareConfig...  
[2026-05-19T15:35:02.379] [DEBUG] debug-file - Executing task :entry:default@ProcessStartupConfig
[2026-05-19T15:35:02.379] [DEBUG] debug-file - Task 'entry:default@ProcessStartupConfig' cost while wrapping incremental declarations: 1 ms 
[2026-05-19T15:35:02.379] [DEBUG] debug-file - entry:default@ProcessStartupConfig is not up-to-date, since the output file '/Users/jordanzt/Work/HuaweiWork/Others/Projects/JungleTestLabs/opencalc-harmonyos/entry/build/default/intermediates/startup/default/startup_config.json' does not exist.
[2026-05-19T15:35:02.379] [DEBUG] debug-file - Incremental task entry:default@ProcessStartupConfig pre-execution cost: 1 ms .
[2026-05-19T15:35:02.379] [DEBUG] debug-file - entry : default@ProcessStartupConfig cost memory 0.0958404541015625
[2026-05-19T15:35:02.379] [DEBUG] debug-file - runTaskFromQueue task cost before running: 164 ms 
[2026-05-19T15:35:02.380] [INFO] debug-file - Finished :entry:default@ProcessStartupConfig... after 1 ms 
[2026-05-19T15:35:02.380] [DEBUG] debug-file - Executing task :entry:default@BuildNativeWithNinja
[2026-05-19T15:35:02.380] [DEBUG] debug-file - entry : default@BuildNativeWithNinja cost memory 0.02178955078125
[2026-05-19T15:35:02.380] [DEBUG] debug-file - runTaskFromQueue task cost before running: 164 ms 
[2026-05-19T15:35:02.380] [INFO] debug-file - Finished :entry:default@BuildNativeWithNinja... after 1 ms 
[2026-05-19T15:35:02.380] [DEBUG] debug-file - restool module names: entry; moduleName=entry, taskName=default@ProcessResource
[2026-05-19T15:35:02.381] [DEBUG] debug-file - Executing task :entry:default@ProcessResource
[2026-05-19T15:35:02.381] [DEBUG] debug-file - Task 'entry:default@ProcessResource' cost while wrapping incremental declarations: 1 ms 
[2026-05-19T15:35:02.382] [DEBUG] debug-file - Incremental task entry:default@ProcessResource pre-execution cost: 1 ms .
[2026-05-19T15:35:02.382] [DEBUG] debug-file - entry : default@ProcessResource cost memory 0.1262054443359375
[2026-05-19T15:35:02.382] [INFO] debug-file - UP-TO-DATE :entry:default@ProcessResource...  
[2026-05-19T15:35:02.383] [DEBUG] debug-file - Executing task :entry:default@GenerateLoaderJson
[2026-05-19T15:35:02.383] [DEBUG] debug-file - Task 'entry:default@GenerateLoaderJson' cost while wrapping incremental declarations: 1 ms 
[2026-05-19T15:35:02.385] [DEBUG] debug-file - entry:default@GenerateLoaderJson is not up-to-date, since the task snapshots are different.
[2026-05-19T15:35:02.385] [DEBUG] debug-file - Incremental task entry:default@GenerateLoaderJson pre-execution cost: 1 ms .
[2026-05-19T15:35:02.386] [DEBUG] debug-file - entry : default@GenerateLoaderJson cost memory 0.566131591796875
[2026-05-19T15:35:02.386] [DEBUG] debug-file - runTaskFromQueue task cost before running: 170 ms 
[2026-05-19T15:35:02.387] [INFO] debug-file - Finished :entry:default@GenerateLoaderJson... after 4 ms 
[2026-05-19T15:35:02.387] [DEBUG] debug-file - Executing task :entry:default@ProcessLibs
[2026-05-19T15:35:02.387] [DEBUG] debug-file - Incremental task entry:default@ProcessLibs pre-execution cost: 1 ms .
[2026-05-19T15:35:02.387] [DEBUG] debug-file - entry : default@ProcessLibs cost memory 0.0882415771484375
[2026-05-19T15:35:02.388] [INFO] debug-file - UP-TO-DATE :entry:default@ProcessLibs...  
[2026-05-19T15:35:02.388] [DEBUG] debug-file - restool module names: entry; moduleName=entry, taskName=default@CompileResource
[2026-05-19T15:35:02.388] [DEBUG] debug-file - Executing task :entry:default@CompileResource
[2026-05-19T15:35:02.390] [DEBUG] debug-file - Incremental task entry:default@CompileResource pre-execution cost: 2 ms .
[2026-05-19T15:35:02.390] [DEBUG] debug-file - entry : default@CompileResource cost memory 0.301361083984375
[2026-05-19T15:35:02.390] [INFO] debug-file - UP-TO-DATE :entry:default@CompileResource...  
[2026-05-19T15:35:02.390] [DEBUG] debug-file - Executing task :entry:default@DoNativeStrip
[2026-05-19T15:35:02.390] [DEBUG] debug-file - Task 'entry:default@DoNativeStrip' cost while wrapping incremental declarations: 1 ms 
[2026-05-19T15:35:02.391] [DEBUG] debug-file - Incremental task entry:default@DoNativeStrip pre-execution cost: 1 ms .
[2026-05-19T15:35:02.391] [DEBUG] debug-file - entry : default@DoNativeStrip cost memory 0.0629730224609375
[2026-05-19T15:35:02.391] [INFO] debug-file - UP-TO-DATE :entry:default@DoNativeStrip...  
[2026-05-19T15:35:02.391] [DEBUG] debug-file - Executing task :entry:default@CompileArkTS
[2026-05-19T15:35:02.391] [DEBUG] debug-file - obfuscationOptions: undefined
[2026-05-19T15:35:02.392] [DEBUG] debug-file - Task 'entry:default@CompileArkTS' cost while wrapping incremental declarations: 1 ms 
[2026-05-19T15:35:02.393] [DEBUG] debug-file - entry:default@CompileArkTS is not up-to-date, since the input file '/Users/jordanzt/Work/HuaweiWork/Others/Projects/JungleTestLabs/opencalc-harmonyos/entry/build/default/intermediates/loader/default' has been changed.
[2026-05-19T15:35:02.393] [DEBUG] debug-file - Incremental task entry:default@CompileArkTS pre-execution cost: 1 ms .
[2026-05-19T15:35:02.397] [DEBUG] debug-file - build config:
[2026-05-19T15:35:02.397] [DEBUG] debug-file - {
  moduleType: 'entry',
  perf: 0,
  targetName: '.default',
  packageManagerType: 'ohpm',
  localPropertiesPath: '/Users/jordanzt/Work/HuaweiWork/Others/Projects/JungleTestLabs/opencalc-harmonyos/local.properties',
  isPreview: false,
  isOhosTest: false,
  isLocalTest: false,
  buildMode: 'Debug',
  hotReloadBuild: undefined,
  watchMode: 'false',
  aceProfilePath: '/Users/jordanzt/Work/HuaweiWork/Others/Projects/JungleTestLabs/opencalc-harmonyos/entry/build/default/intermediates/res/default/resources/base/profile',
  etsLoaderPath: '/Applications/DevEco-Studio.app/Contents/sdk/default/openharmony/ets/build-tools/ets-loader',
  modulePath: '/Users/jordanzt/Work/HuaweiWork/Others/Projects/JungleTestLabs/opencalc-harmonyos/entry',
  testFrameworkPar: {
    testMode: undefined,
    coveragePathFilter: undefined,
    coverageMode: undefined
  },
  needCoverageInsert: false,
  debugLine: false,
  projectTopDir: '/Users/jordanzt/Work/HuaweiWork/Others/Projects/JungleTestLabs/opencalc-harmonyos',
  compileSdkVersion: 22,
  compatibleSdkVersion: 22,
  originCompatibleSdkVersion: '6.0.2(22)',
  compatibleSdkVersionStage: undefined,
  bundleName: 'c***r',
  etsLoaderVersion: '6.0.2.130',
  etsLoaderReleaseType: 'Release',
  aotCompileMode: 'type',
  apPath: '/Users/jordanzt/Work/HuaweiWork/Others/Projects/JungleTestLabs/opencalc-harmonyos/entry/modules.ap',
  entryModuleName: 'entry',
  entryModuleVersion: '1.0.0',
  entryPackageName: 'entry',
  allModuleNameHash: '6671a194f23c271af8c958055775f1e8fca00d4e2e30f4305728b40b020624b2',
  externalApiPaths: [ '/Applications/DevEco-Studio.app/Contents/sdk/default/hms/ets' ],
  compilerTypes: [],
  isCrossplatform: false,
  hvigorPluginFile: undefined,
  compilePluginPath: undefined,
  buildGeneratedProfilePath: '/Users/jordanzt/Work/HuaweiWork/Others/Projects/JungleTestLabs/opencalc-harmonyos/entry/build/default/generated/profile/default',
  bundleType: 'app',
  arkTSVersion: undefined,
  apiVersion: 22,
  needCompleteSourcesMap: false,
  isFaMode: false,
  buildDir: '/Users/jordanzt/Work/HuaweiWork/Others/Projects/JungleTestLabs/opencalc-harmonyos/entry/build',
  deviceTypes: [ 'phone', 'tablet' ],
  pkgContextInfo: undefined,
  ohPackagePathMap: {},
  dependencyAliasMap: {},
  permission: { requestPermissions: [ [Object] ], definePermissions: undefined },
  useGetCurrentBundleName: false,
  projectArkOption: undefined,
  sourceMapDir: undefined,
  branchElimination: false,
  transformLib: undefined,
  tsImportSendable: false,
  resolveConflictMode: true,
  depName2RootPath: {},
  depName2DepInfo: {},
  rootPathSet: [
    '/Users/jordanzt/Work/HuaweiWork/Others/Projects/JungleTestLabs/opencalc-harmonyos'
  ],
  useNativeResolver: true,
  shouldEmitJs: true,
  useTscResolve: false,
  singleFileEmit: false,
  userProjectConfig: {
    autoLazyImport: false,
    allowEmptyBundleName: false,
    reExportCheckMode: 'noCheck',
    executionMode: 'memory',
    usePathPlaceholder: false,
    writeRollupCache: true,
    isExpandImportEnabled: false,
    expandImportExclude: '',
    lazyImportExclude: '',
    lazyImportInclude: '',
    ignoreCrossplatformCheck: false,
    isHarDeduplicateEnabled: false,
    skipOhModulesLint: false,
    enableStrictCheckOHModule: false,
    disableSendableCheckRules: [],
    useDeclarationFileSignature: false,
    customizedOptions: undefined,
    integratedHsp: false,
    isPreloadSoEnabled: false
  },
  executionMode: 'memory',
  arkCompileCachePath: '/Users/jordanzt/Work/HuaweiWork/Others/Projects/JungleTestLabs/opencalc-harmonyos/entry/build/default/cache/default/default@CompileArkTS/esmodule',
  autoLazyFilter: undefined,
  isHarDeduplicateEnabled: false,
  intermediateHarDuplicateDirPath: '/Users/jordanzt/Work/HuaweiWork/Others/Projects/JungleTestLabs/opencalc-harmonyos/entry/build/default/intermediates/har_duplicate/default',
  autoLazyImport: false,
  allowEmptyBundleName: false,
  reExportCheckMode: 'noCheck',
  usePathPlaceholder: false,
  writeRollupCache: true,
  isExpandImportEnabled: false,
  expandImportExclude: '',
  lazyImportExclude: '',
  lazyImportInclude: '',
  ignoreCrossplatformCheck: false,
  skipOhModulesLint: false,
  enableStrictCheckOHModule: false,
  disableSendableCheckRules: [],
  useDeclarationFileSignature: false,
  customizedOptions: undefined,
  integratedHsp: false,
  isPreloadSoEnabled: false,
  strictMode: undefined,
  useNormalizedOHMUrl: false,
  caseSensitiveCheck: false,
  aceModuleJsonPath: '/Users/jordanzt/Work/HuaweiWork/Others/Projects/JungleTestLabs/opencalc-harmonyos/entry/build/default/intermediates/res/default/ark_module.json',
  appResource: '/Users/jordanzt/Work/HuaweiWork/Others/Projects/JungleTestLabs/opencalc-harmonyos/entry/build/default/intermediates/res/default/ResourceTable.txt',
  rawFileResource: '/Users/jordanzt/Work/HuaweiWork/Others/Projects/JungleTestLabs/opencalc-harmonyos/entry/build/default/intermediates/res/default/resources/rawfile',
  resourceTableHash: '15a61ac8d9e6adf561b61d3e27a374d205464ba7d77ce5a6c1be29eb60539798',
  runtimeOS: 'HarmonyOS',
  sdkInfo: 'false:22:6.0.2.130:Release',
  aceModuleRoot: '/Users/jordanzt/Work/HuaweiWork/Others/Projects/JungleTestLabs/opencalc-harmonyos/entry/src/main/ets',
  compileMode: 'esmodule',
  aceSuperVisualPath: '/Users/jordanzt/Work/HuaweiWork/Others/Projects/JungleTestLabs/opencalc-harmonyos/entry/src/main/supervisual',
  aceBuildJson: '/Users/jordanzt/Work/HuaweiWork/Others/Projects/JungleTestLabs/opencalc-harmonyos/entry/build/default/intermediates/loader/default/loader.json',
  cachePath: '/Users/jordanzt/Work/HuaweiWork/Others/Projects/JungleTestLabs/opencalc-harmonyos/entry/build/default/cache/default/default@CompileArkTS/esmodule/debug',
  aceModuleBuild: '/Users/jordanzt/Work/HuaweiWork/Others/Projects/JungleTestLabs/opencalc-harmonyos/entry/build/default/intermediates/loader_out/default/ets',
  supportChunks: true,
  declaredFilesPath: undefined,
  shouldCollectDirectImportees: false,
  isByteCodeHarOptimize: false,
  expandImportPath: undefined,
  pkgNameToPkgBriefInfo: {
    entry: {
      pkgRoot: '/Users/jordanzt/Work/HuaweiWork/Others/Projects/JungleTestLabs/opencalc-harmonyos/entry',
      originalSourceRoots: undefined,
      sourceRoots: [Array],
      pkgName: 'entry'
    }
  },
  projectModel: {
    '/Users/jordanzt/Work/HuaweiWork/Others/Projects/JungleTestLabs/opencalc-harmonyos/entry/src/main': {
      moduleName: 'entry',
      modulePkgPath: '/Users/jordanzt/Work/HuaweiWork/Others/Projects/JungleTestLabs/opencalc-harmonyos/entry',
      belongProjectPath: '/Users/jordanzt/Work/HuaweiWork/Others/Projects/JungleTestLabs/opencalc-harmonyos'
    },
    '/Users/jordanzt/Work/HuaweiWork/Others/Projects/JungleTestLabs/opencalc-harmonyos/entry': {
      moduleName: 'entry',
      modulePkgPath: '/Users/jordanzt/Work/HuaweiWork/Others/Projects/JungleTestLabs/opencalc-harmonyos/entry',
      belongProjectPath: '/Users/jordanzt/Work/HuaweiWork/Others/Projects/JungleTestLabs/opencalc-harmonyos'
    },
    '/Users/jordanzt/Work/HuaweiWork/Others/Projects/JungleTestLabs/opencalc-harmonyos': {
      moduleName: 'opencalc-harmonyos',
      modulePkgPath: '/Users/jordanzt/Work/HuaweiWork/Others/Projects/JungleTestLabs/opencalc-harmonyos',
      belongProjectPath: '/Users/jordanzt/Work/HuaweiWork/Others/Projects/JungleTestLabs/opencalc-harmonyos'
    }
  },
  pkgJsonFileHash: '9598d6ed3debbacd1532769d4ef187be335bd6b4f7ea12b707b184fd0505ba47',
  allModulePaths: [
    '/Users/jordanzt/Work/HuaweiWork/Others/Projects/JungleTestLabs/opencalc-harmonyos/entry'
  ],
  routerMap: {},
  obfuscationOptions: undefined,
  byteCodeHarToDependencyKeys: undefined,
  compileBlockPkg: [],
  mockParams: {
    decorator: '@MockSetup',
    packageName: '@ohos/hamock',
    etsSourceRootPath: 'src/main/ets',
    mockConfigPath: undefined,
    mockConfigKey2ModuleInfo: {},
    source2ModuleIdMap: {}
  },
  copyCodeResourceEnable: true,
  copyCodeResourceExcludes: [],
  copyCodeResourceIncludes: undefined,
  uiTransformOptimization: false,
  sdkPath: '/Applications/DevEco-Studio.app/Contents/sdk',
  needPreloadSoFileSet: {},
  preloadSoFilePath: '/Users/jordanzt/Work/HuaweiWork/Others/Projects/JungleTestLabs/opencalc-harmonyos/entry/build/default/intermediates/preload/default/preload.json',
  useSourceHash: false,
  localModuleParamMap: {},
  otherPaths: {
    'entry/*': [ '../*', '../../../build/default/generated/profile/default/*' ]
  },
  collectImportersConfig: undefined
}
[2026-05-19T15:35:02.397] [DEBUG] debug-file - Compile arkts with external api path: /Applications/DevEco-Studio.app/Contents/sdk/default/hms/ets
[2026-05-19T15:35:02.397] [DEBUG] debug-file - default@CompileArkTS work[0] is submitted.
[2026-05-19T15:35:02.398] [DEBUG] debug-file - default@CompileArkTS work[0] is pushed to ready queue.
[2026-05-19T15:35:02.398] [DEBUG] debug-file - A work dispatched to worker[11] failed because unable to get work from ready queue.
[2026-05-19T15:35:02.398] [DEBUG] debug-file - A work dispatched to worker[10] failed because unable to get work from ready queue.
[2026-05-19T15:35:02.398] [DEBUG] debug-file - A work dispatched to worker[9] failed because unable to get work from ready queue.
[2026-05-19T15:35:02.398] [DEBUG] debug-file - A work dispatched to worker[8] failed because unable to get work from ready queue.
[2026-05-19T15:35:02.398] [DEBUG] debug-file - A work dispatched to worker[7] failed because unable to get work from ready queue.
[2026-05-19T15:35:02.398] [DEBUG] debug-file - A work dispatched to worker[6] failed because unable to get work from ready queue.
[2026-05-19T15:35:02.398] [DEBUG] debug-file - A work dispatched to worker[5] failed because unable to get work from ready queue.
[2026-05-19T15:35:02.398] [DEBUG] debug-file - Create  resident worker with id: 4.
[2026-05-19T15:35:02.398] [DEBUG] debug-file - default@CompileArkTS work[0] has been dispatched to worker[4].
[2026-05-19T15:35:02.398] [DEBUG] debug-file - default@CompileArkTS work[0] is dispatched.
[2026-05-19T15:35:02.398] [DEBUG] debug-file - CopyResources startTime: 247859248556375
[2026-05-19T15:35:02.398] [DEBUG] debug-file - default@CompileArkTS work[1] is submitted.
[2026-05-19T15:35:02.398] [DEBUG] debug-file - default@CompileArkTS work[1] is pushed to ready queue.
[2026-05-19T15:35:02.398] [DEBUG] debug-file - A work dispatched to worker[11] failed because unable to get work from ready queue.
[2026-05-19T15:35:02.399] [DEBUG] debug-file - Create  resident worker with id: 10.
[2026-05-19T15:35:02.399] [DEBUG] debug-file - default@CompileArkTS work[1] has been dispatched to worker[10].
[2026-05-19T15:35:02.399] [DEBUG] debug-file - default@CompileArkTS work[1] is dispatched.
[2026-05-19T15:35:02.399] [DEBUG] debug-file - entry : default@CompileArkTS cost memory 2.1208724975585938
[2026-05-19T15:35:02.399] [DEBUG] debug-file - Executing task :entry:default@BuildJS
[2026-05-19T15:35:02.400] [DEBUG] debug-file - Task 'entry:default@BuildJS' cost while wrapping incremental declarations: 1 ms 
[2026-05-19T15:35:02.400] [DEBUG] debug-file - entry : default@BuildJS cost memory 0.12523651123046875
[2026-05-19T15:35:02.400] [DEBUG] debug-file - runTaskFromQueue task cost before running: 184 ms 
[2026-05-19T15:35:02.400] [INFO] debug-file - Finished :entry:default@BuildJS... after 1 ms 
[2026-05-19T15:35:02.401] [DEBUG] debug-file - Executing task :entry:default@CacheNativeLibs
[2026-05-19T15:35:02.401] [DEBUG] debug-file - Task 'entry:default@CacheNativeLibs' cost while wrapping incremental declarations: 1 ms 
[2026-05-19T15:35:02.401] [DEBUG] debug-file - Incremental task entry:default@CacheNativeLibs pre-execution cost: 1 ms .
[2026-05-19T15:35:02.401] [DEBUG] debug-file - entry : default@CacheNativeLibs cost memory 0.07027435302734375
[2026-05-19T15:35:02.401] [INFO] debug-file - UP-TO-DATE :entry:default@CacheNativeLibs...  
[2026-05-19T15:35:02.676] [DEBUG] debug-file - worker[10] has one work done.
[2026-05-19T15:35:02.676] [DEBUG] debug-file - CopyResources is end, endTime: 247859526534000
[2026-05-19T15:35:02.677] [DEBUG] debug-file - default@CompileArkTS work[1] done.
[2026-05-19T15:35:02.677] [DEBUG] debug-file - A work dispatched to worker[10] failed because unable to get work from ready queue.
[2026-05-19T15:35:05.140] [WARN] debug-file - [33mWARN: [33m[33mArkTS:WARN File: /Users/jordanzt/Work/HuaweiWork/Others/Projects/JungleTestLabs/opencalc-harmonyos/entry/src/main/ets/pages/Index.ets:7:5
 Function may throw exceptions. Special handling is required.
[39m[39m
[33mWARN: [33m[33mArkTS:WARN File: /Users/jordanzt/Work/HuaweiWork/Others/Projects/JungleTestLabs/opencalc-harmonyos/entry/src/main/ets/pages/Index.ets:7:12
 'replaceUrl' has been deprecated.
[39m[39m
[33mWARN: [33m[33mArkTS:WARN File: /Users/jordanzt/Work/HuaweiWork/Others/Projects/JungleTestLabs/opencalc-harmonyos/entry/src/main/ets/preferences/PreferencesStore.ets:33:24
 Function may throw exceptions. Special handling is required.
[39m[39m
[33mWARN: [33m[33mArkTS:WARN File: /Users/jordanzt/Work/HuaweiWork/Others/Projects/JungleTestLabs/opencalc-harmonyos/entry/src/main/ets/preferences/PreferencesStore.ets:41:18
 Function may throw exceptions. Special handling is required.
[39m[39m
[33mWARN: [33m[33mArkTS:WARN File: /Users/jordanzt/Work/HuaweiWork/Others/Projects/JungleTestLabs/opencalc-harmonyos/entry/src/main/ets/preferences/PreferencesStore.ets:47:11
 Function may throw exceptions. Special handling is required.
[39m[39m
[33mWARN: [33m[33mArkTS:WARN File: /Users/jordanzt/Work/HuaweiWork/Others/Projects/JungleTestLabs/opencalc-harmonyos/entry/src/main/ets/preferences/PreferencesStore.ets:48:11
 Function may throw exceptions. Special handling is required.
[39m[39m
[33mWARN: [33m[33mArkTS:WARN File: /Users/jordanzt/Work/HuaweiWork/Others/Projects/JungleTestLabs/opencalc-harmonyos/entry/src/main/ets/preferences/PreferencesStore.ets:54:18
 Function may throw exceptions. Special handling is required.
[39m[39m
[33mWARN: [33m[33mArkTS:WARN File: /Users/jordanzt/Work/HuaweiWork/Others/Projects/JungleTestLabs/opencalc-harmonyos/entry/src/main/ets/preferences/PreferencesStore.ets:60:11
 Function may throw exceptions. Special handling is required.
[39m[39m
[33mWARN: [33m[33mArkTS:WARN File: /Users/jordanzt/Work/HuaweiWork/Others/Projects/JungleTestLabs/opencalc-harmonyos/entry/src/main/ets/preferences/PreferencesStore.ets:61:11
 Function may throw exceptions. Special handling is required.
[39m[39m
[33mWARN: [33m[33mArkTS:WARN File: /Users/jordanzt/Work/HuaweiWork/Others/Projects/JungleTestLabs/opencalc-harmonyos/entry/src/main/ets/preferences/PreferencesStore.ets:69:18
 Function may throw exceptions. Special handling is required.
[39m[39m
[33mWARN: [33m[33mArkTS:WARN File: /Users/jordanzt/Work/HuaweiWork/Others/Projects/JungleTestLabs/opencalc-harmonyos/entry/src/main/ets/preferences/PreferencesStore.ets:75:11
 Function may throw exceptions. Special handling is required.
[39m[39m
[33mWARN: [33m[33mArkTS:WARN File: /Users/jordanzt/Work/HuaweiWork/Others/Projects/JungleTestLabs/opencalc-harmonyos/entry/src/main/ets/preferences/PreferencesStore.ets:76:11
 Function may throw exceptions. Special handling is required.
[39m[39m
[33mWARN: [33m[33mArkTS:WARN File: /Users/jordanzt/Work/HuaweiWork/Others/Projects/JungleTestLabs/opencalc-harmonyos/entry/src/main/ets/preferences/PreferencesStore.ets:84:18
 Function may throw exceptions. Special handling is required.
[39m[39m
[33mWARN: [33m[33mArkTS:WARN File: /Users/jordanzt/Work/HuaweiWork/Others/Projects/JungleTestLabs/opencalc-harmonyos/entry/src/main/ets/preferences/PreferencesStore.ets:90:11
 Function may throw exceptions. Special handling is required.
[39m[39m
[33mWARN: [33m[33mArkTS:WARN File: /Users/jordanzt/Work/HuaweiWork/Others/Projects/JungleTestLabs/opencalc-harmonyos/entry/src/main/ets/preferences/PreferencesStore.ets:91:11
 Function may throw exceptions. Special handling is required.
[39m[39m
[33mWARN: [33m[33mArkTS:WARN File: /Users/jordanzt/Work/HuaweiWork/Others/Projects/JungleTestLabs/opencalc-harmonyos/entry/src/main/ets/preferences/PreferencesStore.ets:99:18
 Function may throw exceptions. Special handling is required.
[39m[39m
[33mWARN: [33m[33mArkTS:WARN File: /Users/jordanzt/Work/HuaweiWork/Others/Projects/JungleTestLabs/opencalc-harmonyos/entry/src/main/ets/preferences/PreferencesStore.ets:105:11
 Function may throw exceptions. Special handling is required.
[39m[39m
[33mWARN: [33m[33mArkTS:WARN File: /Users/jordanzt/Work/HuaweiWork/Others/Projects/JungleTestLabs/opencalc-harmonyos/entry/src/main/ets/preferences/PreferencesStore.ets:106:11
 Function may throw exceptions. Special handling is required.
[39m[39m
[33mWARN: [33m[33mArkTS:WARN File: /Users/jordanzt/Work/HuaweiWork/Others/Projects/JungleTestLabs/opencalc-harmonyos/entry/src/main/ets/preferences/PreferencesStore.ets:115:32
 Function may throw exceptions. Special handling is required.
[39m[39m
[33mWARN: [33m[33mArkTS:WARN File: /Users/jordanzt/Work/HuaweiWork/Others/Projects/JungleTestLabs/opencalc-harmonyos/entry/src/main/ets/preferences/PreferencesStore.ets:131:11
 Function may throw exceptions. Special handling is required.
[39m[39m
[33mWARN: [33m[33mArkTS:WARN File: /Users/jordanzt/Work/HuaweiWork/Others/Projects/JungleTestLabs/opencalc-harmonyos/entry/src/main/ets/preferences/PreferencesStore.ets:132:11
 Function may throw exceptions. Special handling is required.
[39m[39m
[33mWARN: [33m[33mArkTS:WARN File: /Users/jordanzt/Work/HuaweiWork/Others/Projects/JungleTestLabs/opencalc-harmonyos/entry/src/main/ets/preferences/PreferencesStore.ets:140:18
 Function may throw exceptions. Special handling is required.
[39m[39m
[33mWARN: [33m[33mArkTS:WARN File: /Users/jordanzt/Work/HuaweiWork/Others/Projects/JungleTestLabs/opencalc-harmonyos/entry/src/main/ets/preferences/PreferencesStore.ets:146:11
 Function may throw exceptions. Special handling is required.
[39m[39m
[33mWARN: [33m[33mArkTS:WARN File: /Users/jordanzt/Work/HuaweiWork/Others/Projects/JungleTestLabs/opencalc-harmonyos/entry/src/main/ets/preferences/PreferencesStore.ets:147:11
 Function may throw exceptions. Special handling is required.
[39m[39m
[33mWARN: [33m[33mArkTS:WARN File: /Users/jordanzt/Work/HuaweiWork/Others/Projects/JungleTestLabs/opencalc-harmonyos/entry/src/main/ets/preferences/PreferencesStore.ets:155:18
 Function may throw exceptions. Special handling is required.
[39m[39m
[33mWARN: [33m[33mArkTS:WARN File: /Users/jordanzt/Work/HuaweiWork/Others/Projects/JungleTestLabs/opencalc-harmonyos/entry/src/main/ets/preferences/PreferencesStore.ets:161:11
 Function may throw exceptions. Special handling is required.
[39m[39m
[33mWARN: [33m[33mArkTS:WARN File: /Users/jordanzt/Work/HuaweiWork/Others/Projects/JungleTestLabs/opencalc-harmonyos/entry/src/main/ets/preferences/PreferencesStore.ets:162:11
 Function may throw exceptions. Special handling is required.
[39m[39m
[33mWARN: [33m[33mArkTS:WARN File: /Users/jordanzt/Work/HuaweiWork/Others/Projects/JungleTestLabs/opencalc-harmonyos/entry/src/main/ets/preferences/PreferencesStore.ets:170:18
 Function may throw exceptions. Special handling is required.
[39m[39m
[33mWARN: [33m[33mArkTS:WARN File: /Users/jordanzt/Work/HuaweiWork/Others/Projects/JungleTestLabs/opencalc-harmonyos/entry/src/main/ets/preferences/PreferencesStore.ets:176:11
 Function may throw exceptions. Special handling is required.
[39m[39m
[33mWARN: [33m[33mArkTS:WARN File: /Users/jordanzt/Work/HuaweiWork/Others/Projects/JungleTestLabs/opencalc-harmonyos/entry/src/main/ets/preferences/PreferencesStore.ets:177:11
 Function may throw exceptions. Special handling is required.
[39m[39m
[33mWARN: [33m[33mArkTS:WARN File: /Users/jordanzt/Work/HuaweiWork/Others/Projects/JungleTestLabs/opencalc-harmonyos/entry/src/main/ets/preferences/PreferencesStore.ets:185:18
 Function may throw exceptions. Special handling is required.
[39m[39m
[33mWARN: [33m[33mArkTS:WARN File: /Users/jordanzt/Work/HuaweiWork/Others/Projects/JungleTestLabs/opencalc-harmonyos/entry/src/main/ets/preferences/PreferencesStore.ets:191:11
 Function may throw exceptions. Special handling is required.
[39m[39m
[33mWARN: [33m[33mArkTS:WARN File: /Users/jordanzt/Work/HuaweiWork/Others/Projects/JungleTestLabs/opencalc-harmonyos/entry/src/main/ets/preferences/PreferencesStore.ets:192:11
 Function may throw exceptions. Special handling is required.
[39m[39m
[33mWARN: [33m[33mArkTS:WARN File: /Users/jordanzt/Work/HuaweiWork/Others/Projects/JungleTestLabs/opencalc-harmonyos/entry/src/main/ets/preferences/PreferencesStore.ets:198:18
 Function may throw exceptions. Special handling is required.
[39m[39m
[33mWARN: [33m[33mArkTS:WARN File: /Users/jordanzt/Work/HuaweiWork/Others/Projects/JungleTestLabs/opencalc-harmonyos/entry/src/main/ets/preferences/PreferencesStore.ets:204:11
 Function may throw exceptions. Special handling is required.
[39m[39m
[33mWARN: [33m[33mArkTS:WARN File: /Users/jordanzt/Work/HuaweiWork/Others/Projects/JungleTestLabs/opencalc-harmonyos/entry/src/main/ets/preferences/PreferencesStore.ets:205:11
 Function may throw exceptions. Special handling is required.
[39m[39m
[33mWARN: [33m[33mArkTS:WARN File: /Users/jordanzt/Work/HuaweiWork/Others/Projects/JungleTestLabs/opencalc-harmonyos/entry/src/main/ets/pages/CalculatorPage.ets:41:42
 'getContext' has been deprecated.
[39m[39m
[33mWARN: [33m[33mArkTS:WARN File: /Users/jordanzt/Work/HuaweiWork/Others/Projects/JungleTestLabs/opencalc-harmonyos/entry/src/main/ets/pages/CalculatorPage.ets:104:5
 Function may throw exceptions. Special handling is required.
[39m[39m
[33mWARN: [33m[33mArkTS:WARN File: /Users/jordanzt/Work/HuaweiWork/Others/Projects/JungleTestLabs/opencalc-harmonyos/entry/src/main/ets/pages/CalculatorPage.ets:105:5
 Function may throw exceptions. Special handling is required.
[39m[39m
[33mWARN: [33m[33mArkTS:WARN File: /Users/jordanzt/Work/HuaweiWork/Others/Projects/JungleTestLabs/opencalc-harmonyos/entry/src/main/ets/pages/CalculatorPage.ets:105:18
 'showToast' has been deprecated.
[39m[39m
[33mWARN: [33m[33mArkTS:WARN File: /Users/jordanzt/Work/HuaweiWork/Others/Projects/JungleTestLabs/opencalc-harmonyos/entry/src/main/ets/pages/CalculatorPage.ets:268:18
 'pushUrl' has been deprecated.
[39m[39m
[33mWARN: [33m[33mArkTS:WARN File: /Users/jordanzt/Work/HuaweiWork/Others/Projects/JungleTestLabs/opencalc-harmonyos/entry/src/main/ets/pages/TipCalculatorPage.ets:26:12
 'back' has been deprecated.
[39m[39m

[2026-05-19T15:35:05.140] [DEBUG] debug-file - Ark compile task finished.finished time is 247861990150416
[2026-05-19T15:35:05.140] [DEBUG] debug-file - worker[4] has one work done.
[2026-05-19T15:35:05.141] [DEBUG] debug-file - default@CompileArkTS work[0] done.
[2026-05-19T15:35:05.141] [DEBUG] debug-file - A work dispatched to worker[4] failed because unable to get work from ready queue.
[2026-05-19T15:35:05.142] [INFO] debug-file - Finished :entry:default@CompileArkTS... after 2 s 3 ms 
[2026-05-19T15:35:05.142] [DEBUG] debug-file - Executing task :entry:default@GeneratePkgModuleJson
[2026-05-19T15:35:05.142] [DEBUG] debug-file - File: '/Users/jordanzt/Work/HuaweiWork/Others/Projects/JungleTestLabs/opencalc-harmonyos/entry/build/default/intermediates/preload/default/preload.json' from 'preloadSoJsonPath' is not exists, just ignore.
[2026-05-19T15:35:05.143] [DEBUG] debug-file - Error occurs while handling @Input 'shouldDeduplicateHar': The "data" argument must be of type string or an instance of Buffer, TypedArray, or DataView. Received undefined
[2026-05-19T15:35:05.143] [DEBUG] debug-file - Task 'entry:default@GeneratePkgModuleJson' cost while wrapping incremental declarations: 1 ms 
[2026-05-19T15:35:05.143] [DEBUG] debug-file - Incremental task entry:default@GeneratePkgModuleJson pre-execution cost: 1 ms .
[2026-05-19T15:35:05.143] [DEBUG] debug-file - entry : default@GeneratePkgModuleJson cost memory 0.08998870849609375
[2026-05-19T15:35:05.143] [INFO] debug-file - UP-TO-DATE :entry:default@GeneratePkgModuleJson...  
[2026-05-19T15:35:05.143] [DEBUG] debug-file - Executing task :entry:default@ProcessCompiledResources
[2026-05-19T15:35:05.143] [DEBUG] debug-file - File: '/Users/jordanzt/Work/HuaweiWork/Others/Projects/JungleTestLabs/opencalc-harmonyos/entry/build/default/intermediates/preload/default/preload.json' from 'preloadSoJsonPath' is not exists, just ignore.
[2026-05-19T15:35:05.143] [DEBUG] debug-file - Task 'entry:default@ProcessCompiledResources' cost while wrapping incremental declarations: 1 ms 
[2026-05-19T15:35:05.143] [DEBUG] debug-file - entry : default@ProcessCompiledResources cost memory 0.060760498046875
[2026-05-19T15:35:05.143] [DEBUG] debug-file - runTaskFromQueue task cost before running: 2 s 928 ms 
[2026-05-19T15:35:05.143] [INFO] debug-file - Finished :entry:default@ProcessCompiledResources... after 1 ms 
[2026-05-19T15:35:05.144] [DEBUG] debug-file - Executing task :entry:default@PackageHap
[2026-05-19T15:35:05.145] [DEBUG] debug-file - entry:default@PackageHap is not up-to-date, since the input file '/Users/jordanzt/Work/HuaweiWork/Others/Projects/JungleTestLabs/opencalc-harmonyos/entry/build/default/intermediates/loader_out/default/ets' has been changed.
[2026-05-19T15:35:05.145] [DEBUG] debug-file - Incremental task entry:default@PackageHap pre-execution cost: 1 ms .
[2026-05-19T15:35:05.145] [DEBUG] debug-file - Use tool [/Applications/DevEco-Studio.app/Contents/sdk/default/openharmony/toolchains/lib/app_packing_tool.jar]
 [
  'java',
  '-Dfile.encoding=utf-8',
  '-jar',
  '/Applications/DevEco-Studio.app/Contents/sdk/default/openharmony/toolchains/lib/app_packing_tool.jar',
  '--mode',
  'hap',
  '--force',
  'true',
  '--lib-path',
  '/Users/jordanzt/Work/HuaweiWork/Others/Projects/JungleTestLabs/opencalc-harmonyos/entry/build/default/intermediates/stripped_native_libs/default',
  '--json-path',
  '/Users/jordanzt/Work/HuaweiWork/Others/Projects/JungleTestLabs/opencalc-harmonyos/entry/build/default/intermediates/package/default/module.json',
  '--resources-path',
  '/Users/jordanzt/Work/HuaweiWork/Others/Projects/JungleTestLabs/opencalc-harmonyos/entry/build/default/intermediates/res/default/resources',
  '--index-path',
  '/Users/jordanzt/Work/HuaweiWork/Others/Projects/JungleTestLabs/opencalc-harmonyos/entry/build/default/intermediates/res/default/resources.index',
  '--pack-info-path',
  '/Users/jordanzt/Work/HuaweiWork/Others/Projects/JungleTestLabs/opencalc-harmonyos/entry/build/default/outputs/default/pack.info',
  '--out-path',
  '/Users/jordanzt/Work/HuaweiWork/Others/Projects/JungleTestLabs/opencalc-harmonyos/entry/build/default/outputs/default/entry-default-unsigned.hap',
  '--ets-path',
  '/Users/jordanzt/Work/HuaweiWork/Others/Projects/JungleTestLabs/opencalc-harmonyos/entry/build/default/intermediates/loader_out/default/ets'
]
[2026-05-19T15:35:05.161] [DEBUG] debug-file - java daemon socket received message:{"code":0,"message":"pack success"}
[2026-05-19T15:35:05.162] [DEBUG] debug-file - entry : default@PackageHap cost memory 0.4664764404296875
[2026-05-19T15:35:05.162] [DEBUG] debug-file - runTaskFromQueue task cost before running: 2 s 947 ms 
[2026-05-19T15:35:05.163] [INFO] debug-file - Finished :entry:default@PackageHap... after 19 ms 
[2026-05-19T15:35:05.163] [DEBUG] debug-file - Executing task :entry:default@PackingCheck
[2026-05-19T15:35:05.166] [DEBUG] debug-file - entry : default@PackingCheck cost memory 0.36988067626953125
[2026-05-19T15:35:05.166] [DEBUG] debug-file - runTaskFromQueue task cost before running: 2 s 950 ms 
[2026-05-19T15:35:05.166] [INFO] debug-file - Finished :entry:default@PackingCheck... after 3 ms 
[2026-05-19T15:35:05.166] [DEBUG] debug-file - Executing task :entry:default@SignHap
[2026-05-19T15:35:05.166] [WARN] debug-file - No signingConfig found for product default
[2026-05-19T15:35:05.167] [DEBUG] debug-file - entry:default@SignHap is not up-to-date, since the input file '/Users/jordanzt/Work/HuaweiWork/Others/Projects/JungleTestLabs/opencalc-harmonyos/entry/build/default/outputs/default/entry-default-unsigned.hap' has been changed.
[2026-05-19T15:35:05.167] [DEBUG] debug-file - Incremental task entry:default@SignHap pre-execution cost: 1 ms .
[2026-05-19T15:35:05.167] [DEBUG] debug-file - entry : default@SignHap cost memory 0.084564208984375
[2026-05-19T15:35:05.167] [DEBUG] debug-file - runTaskFromQueue task cost before running: 2 s 951 ms 
[2026-05-19T15:35:05.167] [INFO] debug-file - Finished :entry:default@SignHap... after 1 ms 
[2026-05-19T15:35:05.167] [DEBUG] debug-file - Executing task :entry:default@CollectDebugSymbol
[2026-05-19T15:35:05.168] [DEBUG] debug-file - entry : default@CollectDebugSymbol cost memory 0.10919189453125
[2026-05-19T15:35:05.168] [DEBUG] debug-file - runTaskFromQueue task cost before running: 2 s 952 ms 
[2026-05-19T15:35:05.168] [INFO] debug-file - Finished :entry:default@CollectDebugSymbol... after 1 ms 
[2026-05-19T15:35:05.168] [DEBUG] debug-file - Executing task :entry:assembleHap
[2026-05-19T15:35:05.168] [DEBUG] debug-file - entry : assembleHap cost memory 0.01548004150390625
[2026-05-19T15:35:05.168] [DEBUG] debug-file - runTaskFromQueue task cost before running: 2 s 952 ms 
[2026-05-19T15:35:05.168] [INFO] debug-file - Finished :entry:assembleHap... after 1 ms 
[2026-05-19T15:35:05.168] [INFO] debug-file - BUILD SUCCESSFUL in 2 s 952 ms 
[2026-05-19T15:35:05.168] [DEBUG] debug-file - Update task entry:default@PreBuild input file:/Users/jordanzt/Work/HuaweiWork/Others/Projects/JungleTestLabs/opencalc-harmonyos/AppScope/app.json5 cache by regenerate.
[2026-05-19T15:35:05.168] [DEBUG] debug-file - Update task entry:default@PreBuild input file:/Users/jordanzt/Work/HuaweiWork/Others/Projects/JungleTestLabs/opencalc-harmonyos/entry/src/main/module.json5 cache by regenerate.
[2026-05-19T15:35:05.168] [DEBUG] debug-file - Update task entry:default@PreBuild input file:/Users/jordanzt/Work/HuaweiWork/Others/Projects/JungleTestLabs/opencalc-harmonyos/build-profile.json5 cache by regenerate.
[2026-05-19T15:35:05.168] [DEBUG] debug-file - Update task entry:default@PreBuild input file:/Users/jordanzt/Work/HuaweiWork/Others/Projects/JungleTestLabs/opencalc-harmonyos/entry/build-profile.json5 cache by regenerate.
[2026-05-19T15:35:05.169] [DEBUG] debug-file - Update task entry:default@PreBuild input file:/Users/jordanzt/Work/HuaweiWork/Others/Projects/JungleTestLabs/opencalc-harmonyos/entry/src/main/resources/base/profile/main_pages.json cache by regenerate.
[2026-05-19T15:35:05.169] [DEBUG] debug-file - Update task entry:default@PreBuild input file:/Users/jordanzt/Work/HuaweiWork/Others/Projects/JungleTestLabs/opencalc-harmonyos/hvigor/hvigor-config.json5 cache by regenerate.
[2026-05-19T15:35:05.169] [DEBUG] debug-file - Update task entry:default@PreBuild input file:/Users/jordanzt/Work/HuaweiWork/Others/Projects/JungleTestLabs/opencalc-harmonyos/entry/oh-package.json5 cache by regenerate.
[2026-05-19T15:35:05.169] [DEBUG] debug-file - Update task entry:default@PreBuild input file:/Users/jordanzt/Work/HuaweiWork/Others/Projects/JungleTestLabs/opencalc-harmonyos/oh-package.json5 cache by regenerate.
[2026-05-19T15:35:05.169] [DEBUG] debug-file - Incremental task entry:default@PreBuild post-execution cost:1 ms .
[2026-05-19T15:35:05.169] [DEBUG] debug-file - Update task entry:default@CreateModuleInfo output file:/Users/jordanzt/Work/HuaweiWork/Others/Projects/JungleTestLabs/opencalc-harmonyos/entry/build/default/generated/profile/default/ModuleInfo.ts cache.
[2026-05-19T15:35:05.169] [DEBUG] debug-file - Incremental task entry:default@CreateModuleInfo post-execution cost:1 ms .
[2026-05-19T15:35:05.169] [DEBUG] debug-file - There is no need to refresh cache, since the incremental task entry:default@GenerateMetadata is up-to-date.
[2026-05-19T15:35:05.169] [DEBUG] debug-file - There is no need to refresh cache, since the incremental task entry:default@MergeProfile is up-to-date.
[2026-05-19T15:35:05.169] [DEBUG] debug-file - There is no need to refresh cache, since the incremental task entry:default@CreateBuildProfile is up-to-date.
[2026-05-19T15:35:05.169] [DEBUG] debug-file - Update task entry:default@GeneratePkgContextInfo output file:/Users/jordanzt/Work/HuaweiWork/Others/Projects/JungleTestLabs/opencalc-harmonyos/entry/build/default/intermediates/loader/default/pkgContextInfo.json cache.
[2026-05-19T15:35:05.169] [DEBUG] debug-file - Incremental task entry:default@GeneratePkgContextInfo post-execution cost:1 ms .
[2026-05-19T15:35:05.169] [DEBUG] debug-file - Update task entry:default@ProcessIntegratedHsp output file:/Users/jordanzt/Work/HuaweiWork/Others/Projects/JungleTestLabs/opencalc-harmonyos/build/cache/default/integrated_hsp/integratedHspCache.json cache.
[2026-05-19T15:35:05.169] [DEBUG] debug-file - Incremental task entry:default@ProcessIntegratedHsp post-execution cost:1 ms .
[2026-05-19T15:35:05.169] [DEBUG] debug-file - There is no need to refresh cache, since the incremental task entry:default@MakePackInfo is up-to-date.
[2026-05-19T15:35:05.169] [DEBUG] debug-file - Update task entry:default@SyscapTransform input file:/Applications/DevEco-Studio.app/Contents/sdk/default/openharmony/toolchains/syscap_tool cache by regenerate.
[2026-05-19T15:35:05.169] [DEBUG] debug-file - Update task entry:default@SyscapTransform input file:/Applications/DevEco-Studio.app/Contents/sdk/default/openharmony/ets/api/device-define cache by regenerate.
[2026-05-19T15:35:05.169] [DEBUG] debug-file - Update task entry:default@SyscapTransform output file:/Users/jordanzt/Work/HuaweiWork/Others/Projects/JungleTestLabs/opencalc-harmonyos/entry/build/default/intermediates/syscap/default/rpcid.sc cache.
[2026-05-19T15:35:05.169] [DEBUG] debug-file - Incremental task entry:default@SyscapTransform post-execution cost:1 ms .
[2026-05-19T15:35:05.169] [DEBUG] debug-file - There is no need to refresh cache, since the incremental task entry:default@ProcessProfile is up-to-date.
[2026-05-19T15:35:05.169] [DEBUG] debug-file - There is no need to refresh cache, since the incremental task entry:default@ProcessRouterMap is up-to-date.
[2026-05-19T15:35:05.169] [DEBUG] debug-file - There is no need to refresh cache, since the incremental task entry:default@ProcessShareConfig is up-to-date.
[2026-05-19T15:35:05.169] [DEBUG] debug-file - Update task entry:default@ProcessStartupConfig output file:/Users/jordanzt/Work/HuaweiWork/Others/Projects/JungleTestLabs/opencalc-harmonyos/entry/build/default/intermediates/startup/default/startup_config.json cache.
[2026-05-19T15:35:05.169] [DEBUG] debug-file - Incremental task entry:default@ProcessStartupConfig post-execution cost:1 ms .
[2026-05-19T15:35:05.169] [DEBUG] debug-file - There is no need to refresh cache, since the incremental task entry:default@ProcessResource is up-to-date.
[2026-05-19T15:35:05.170] [DEBUG] debug-file - Update task entry:default@GenerateLoaderJson input file:/Users/jordanzt/Work/HuaweiWork/Others/Projects/JungleTestLabs/opencalc-harmonyos/entry/build/default/intermediates/router_map/default/temp-router-map.json cache by regenerate.
[2026-05-19T15:35:05.170] [DEBUG] debug-file - Update task entry:default@GenerateLoaderJson output file:/Users/jordanzt/Work/HuaweiWork/Others/Projects/JungleTestLabs/opencalc-harmonyos/entry/build/default/intermediates/loader/default/loader.json cache.
[2026-05-19T15:35:05.170] [DEBUG] debug-file - Incremental task entry:default@GenerateLoaderJson post-execution cost:1 ms .
[2026-05-19T15:35:05.170] [DEBUG] debug-file - There is no need to refresh cache, since the incremental task entry:default@ProcessLibs is up-to-date.
[2026-05-19T15:35:05.170] [DEBUG] debug-file - There is no need to refresh cache, since the incremental task entry:default@CompileResource is up-to-date.
[2026-05-19T15:35:05.170] [DEBUG] debug-file - There is no need to refresh cache, since the incremental task entry:default@DoNativeStrip is up-to-date.
[2026-05-19T15:35:05.170] [DEBUG] debug-file - Update task entry:default@CompileArkTS input file:/Users/jordanzt/Work/HuaweiWork/Others/Projects/JungleTestLabs/opencalc-harmonyos/entry/build/default/intermediates/loader/default cache from map.
[2026-05-19T15:35:05.170] [DEBUG] debug-file - Update task entry:default@CompileArkTS input file:/Users/jordanzt/Work/HuaweiWork/Others/Projects/JungleTestLabs/opencalc-harmonyos/entry/build/default/intermediates/res/default/ResourceTable.txt cache by regenerate.
[2026-05-19T15:35:05.170] [DEBUG] debug-file - Update task entry:default@CompileArkTS input file:/Users/jordanzt/Work/HuaweiWork/Others/Projects/JungleTestLabs/opencalc-harmonyos/entry/build/default/intermediates/res/default/ark_module.json cache by regenerate.
[2026-05-19T15:35:05.170] [DEBUG] debug-file - Update task entry:default@CompileArkTS input file:/Users/jordanzt/Work/HuaweiWork/Others/Projects/JungleTestLabs/opencalc-harmonyos/entry/build/default/intermediates/res/default/resources/base/profile cache by regenerate.
[2026-05-19T15:35:05.170] [DEBUG] debug-file - Update task entry:default@CompileArkTS input file:/Users/jordanzt/Work/HuaweiWork/Others/Projects/JungleTestLabs/opencalc-harmonyos/entry/src/main/ets cache by regenerate.
[2026-05-19T15:35:05.171] [DEBUG] debug-file - Update task entry:default@CompileArkTS input file:/Users/jordanzt/Work/HuaweiWork/Others/Projects/JungleTestLabs/opencalc-harmonyos/entry/build/default/generated/profile/default/BuildProfile.ets cache by regenerate.
[2026-05-19T15:35:05.171] [DEBUG] debug-file - Update task entry:default@CompileArkTS output file:/Users/jordanzt/Work/HuaweiWork/Others/Projects/JungleTestLabs/opencalc-harmonyos/entry/build/default/intermediates/loader_out/default/ets cache.
[2026-05-19T15:35:05.171] [DEBUG] debug-file - Incremental task entry:default@CompileArkTS post-execution cost:1 ms .
[2026-05-19T15:35:05.171] [DEBUG] debug-file - Update task entry:default@BuildJS input file:/Users/jordanzt/Work/HuaweiWork/Others/Projects/JungleTestLabs/opencalc-harmonyos/entry/build/default/intermediates/loader/default cache by regenerate.
[2026-05-19T15:35:05.171] [DEBUG] debug-file - Update task entry:default@BuildJS input file:/Users/jordanzt/Work/HuaweiWork/Others/Projects/JungleTestLabs/opencalc-harmonyos/entry/build/default/intermediates/res/default/ResourceTable.txt cache by regenerate.
[2026-05-19T15:35:05.171] [DEBUG] debug-file - Update task entry:default@BuildJS input file:/Users/jordanzt/Work/HuaweiWork/Others/Projects/JungleTestLabs/opencalc-harmonyos/entry/build/default/intermediates/res/default/ark_module.json cache by regenerate.
[2026-05-19T15:35:05.171] [DEBUG] debug-file - Update task entry:default@BuildJS input file:/Users/jordanzt/Work/HuaweiWork/Others/Projects/JungleTestLabs/opencalc-harmonyos/entry/build/default/intermediates/res/default/resources/base/profile cache by regenerate.
[2026-05-19T15:35:05.171] [DEBUG] debug-file - Update task entry:default@BuildJS output file:/Users/jordanzt/Work/HuaweiWork/Others/Projects/JungleTestLabs/opencalc-harmonyos/entry/build/default/intermediates/loader_out/default/js cache.
[2026-05-19T15:35:05.171] [DEBUG] debug-file - Incremental task entry:default@BuildJS post-execution cost:1 ms .
[2026-05-19T15:35:05.171] [DEBUG] debug-file - There is no need to refresh cache, since the incremental task entry:default@CacheNativeLibs is up-to-date.
[2026-05-19T15:35:05.171] [DEBUG] debug-file - There is no need to refresh cache, since the incremental task entry:default@GeneratePkgModuleJson is up-to-date.
[2026-05-19T15:35:05.171] [DEBUG] debug-file - Incremental task entry:default@ProcessCompiledResources post-execution cost:1 ms .
[2026-05-19T15:35:05.171] [DEBUG] debug-file - Update task entry:default@PackageHap input file:/Users/jordanzt/Work/HuaweiWork/Others/Projects/JungleTestLabs/opencalc-harmonyos/entry/build/default/intermediates/stripped_native_libs/default cache by regenerate.
[2026-05-19T15:35:05.171] [DEBUG] debug-file - Update task entry:default@PackageHap input file:/Users/jordanzt/Work/HuaweiWork/Others/Projects/JungleTestLabs/opencalc-harmonyos/entry/build/default/intermediates/res/default/module.json cache by regenerate.
[2026-05-19T15:35:05.171] [DEBUG] debug-file - Update task entry:default@PackageHap input file:/Users/jordanzt/Work/HuaweiWork/Others/Projects/JungleTestLabs/opencalc-harmonyos/entry/build/default/intermediates/res/default/resources cache by regenerate.
[2026-05-19T15:35:05.171] [DEBUG] debug-file - Update task entry:default@PackageHap input file:/Users/jordanzt/Work/HuaweiWork/Others/Projects/JungleTestLabs/opencalc-harmonyos/entry/build/default/intermediates/res/default/resources.index cache by regenerate.
[2026-05-19T15:35:05.171] [DEBUG] debug-file - Update task entry:default@PackageHap input file:/Users/jordanzt/Work/HuaweiWork/Others/Projects/JungleTestLabs/opencalc-harmonyos/entry/build/default/outputs/default/pack.info cache by regenerate.
[2026-05-19T15:35:05.171] [DEBUG] debug-file - Update task entry:default@PackageHap input file:/Users/jordanzt/Work/HuaweiWork/Others/Projects/JungleTestLabs/opencalc-harmonyos/entry/build/default/intermediates/loader_out/default/ets cache from map.
[2026-05-19T15:35:05.171] [DEBUG] debug-file - Update task entry:default@PackageHap input file:/Users/jordanzt/Work/HuaweiWork/Others/Projects/JungleTestLabs/opencalc-harmonyos/entry/build/default/intermediates/loader_out/default/ets/sourceMaps.map cache by regenerate.
[2026-05-19T15:35:05.172] [DEBUG] debug-file - Update task entry:default@PackageHap input file:/Users/jordanzt/Work/HuaweiWork/Others/Projects/JungleTestLabs/opencalc-harmonyos/entry/build/default/generated/profile/default/BuildProfile.ets cache by regenerate.
[2026-05-19T15:35:05.172] [DEBUG] debug-file - Update task entry:default@PackageHap output file:/Users/jordanzt/Work/HuaweiWork/Others/Projects/JungleTestLabs/opencalc-harmonyos/entry/build/default/outputs/default/entry-default-unsigned.hap cache.
[2026-05-19T15:35:05.172] [DEBUG] debug-file - Update task entry:default@PackageHap output file:/Users/jordanzt/Work/HuaweiWork/Others/Projects/JungleTestLabs/opencalc-harmonyos/entry/build/default/intermediates/source_map/default/sourceMaps.map cache.
[2026-05-19T15:35:05.172] [DEBUG] debug-file - Update task entry:default@PackageHap output file:/Users/jordanzt/Work/HuaweiWork/Others/Projects/JungleTestLabs/opencalc-harmonyos/entry/build/default/outputs/default/mapping/sourceMaps.map cache.
[2026-05-19T15:35:05.172] [DEBUG] debug-file - Incremental task entry:default@PackageHap post-execution cost:1 ms .
[2026-05-19T15:35:05.172] [DEBUG] debug-file - Update task entry:default@SignHap input file:/Users/jordanzt/Work/HuaweiWork/Others/Projects/JungleTestLabs/opencalc-harmonyos/entry/build/default/outputs/default/entry-default-unsigned.hap cache from map.
[2026-05-19T15:35:05.172] [DEBUG] debug-file - Update task entry:default@SignHap output file:/Users/jordanzt/Work/HuaweiWork/Others/Projects/JungleTestLabs/opencalc-harmonyos/entry/build/default/outputs/default/entry-default-signed.hap cache.
[2026-05-19T15:35:05.172] [DEBUG] debug-file - Incremental task entry:default@SignHap post-execution cost:1 ms .
[2026-05-19T15:35:05.172] [DEBUG] debug-file - Update task entry:default@CollectDebugSymbol input file:/Users/jordanzt/Work/HuaweiWork/Others/Projects/JungleTestLabs/opencalc-harmonyos/entry/build/default/intermediates/loader_out/default/ets/sourceMaps.map cache by regenerate.
[2026-05-19T15:35:05.172] [DEBUG] debug-file - Update task entry:default@CollectDebugSymbol input file:/Users/jordanzt/Work/HuaweiWork/Others/Projects/JungleTestLabs/opencalc-harmonyos/entry/build/default/intermediates/libs/default cache by regenerate.
[2026-05-19T15:35:05.172] [DEBUG] debug-file - Update task entry:default@CollectDebugSymbol output file:/Users/jordanzt/Work/HuaweiWork/Others/Projects/JungleTestLabs/opencalc-harmonyos/entry/build/default/outputs/default/symbol cache.
[2026-05-19T15:35:05.172] [DEBUG] debug-file - Incremental task entry:default@CollectDebugSymbol post-execution cost:1 ms .
[2026-05-19T15:35:05.177] [DEBUG] debug-file - Cleanup worker 10.
[2026-05-19T15:35:05.177] [DEBUG] debug-file - Worker 10 has been cleaned up.
[2026-05-19T15:35:05.177] [DEBUG] debug-file - Current idle worker size: 1.
[2026-05-19T15:35:05.177] [DEBUG] debug-file - Current resident worker size: 2.
[2026-05-19T15:35:05.177] [DEBUG] debug-file - hvigor build process will be closed.
[2026-05-19T15:35:05.178] [DEBUG] debug-file - java daemon socket close code:1000 reason:close by user
[2026-05-19T15:35:05.180] [DEBUG] debug-file - session manager: send message to worker process.
[2026-05-19T15:35:05.180] [DEBUG] debug-file - session manager: send message to worker process.
[2026-05-19T15:35:05.180] [DEBUG] debug-file - watch worker: worker id should be larger than 0. Nothing will be sent to any worker thread.
[2026-05-19T15:35:05.180] [DEBUG] debug-file - watch worker: worker id should be larger than 0. Nothing will be sent to any worker thread.
[2026-05-19T15:35:05.181] [DEBUG] debug-file - worker[10] exits with exit code 1.
[2026-05-19T15:35:54.554] [DEBUG] debug-file - env: nodejsVersion=v18.20.1
[2026-05-19T15:35:54.577] [DEBUG] debug-file - env: daemon=true
[2026-05-19T15:35:54.554] [DEBUG] debug-file - env: hvigor-config.json5 content = { modelVersion: '6.0.2', dependencies: {} }
[2026-05-19T15:35:54.799] [DEBUG] debug-file - java daemon tryConnect success
[2026-05-19T15:35:54.808] [DEBUG] debug-file - session manager: set active socket. socketId=ArMp2oVUKy9wd9oNAAAB
[2026-05-19T15:35:55.057] [DEBUG] debug-file - watch worker: worker id should be larger than 0. Nothing will be sent to any worker thread.
[2026-05-19T15:35:55.058] [DEBUG] debug-file - Since there is no instance or instance is terminated, create a new worker pool.
[2026-05-19T15:35:55.059] [DEBUG] debug-file - Worker pool is initialized with config:  {
  minPoolNum: 2,
  maxPoolNum: undefined,
  maxCoreSize: undefined,
  cacheCapacity: undefined,
  cacheTtl: undefined
}
[2026-05-19T15:35:55.059] [DEBUG] debug-file - Create  resident worker with id: 0.
[2026-05-19T15:35:55.060] [DEBUG] debug-file - Create  resident worker with id: 1.
[2026-05-19T15:35:55.061] [DEBUG] debug-file - Workers' log level updated to INFO
[2026-05-19T15:35:55.067] [DEBUG] debug-file - Hvigor init with startParameters:{
  hvigorfileTypeCheck: false,
  parallelExecution: true,
  incrementalExecution: true,
  printStackTrace: false,
  daemon: true,
  analyze: 0,
  logLevel: Level { level: 20000, levelStr: 'INFO', colour: 'green' },
  optimizationStrategy: 'memory',
  hotCompile: undefined,
  hotReloadBuild: undefined,
  customizedParam: undefined
}
[2026-05-19T15:35:55.070] [DEBUG] debug-file - Cache service initialization finished in 4 ms 
[2026-05-19T15:35:55.071] [DEBUG] debug-file - hvigorfile, resolving /Users/jordanzt/Work/HuaweiWork/Others/Projects/JungleTestLabs/opencalc-harmonyos/hvigorfile.ts
[2026-05-19T15:35:55.802] [DEBUG] debug-file - hvigorfile, require result:  {}
[2026-05-19T15:35:55.802] [DEBUG] debug-file - hvigorfile, binding system plugins {}
[2026-05-19T15:35:55.803] [DEBUG] debug-file - Starting plugin build process
[2026-05-19T15:35:55.803] [DEBUG] debug-file - App plugin prepare start...
[2026-05-19T15:35:55.803] [DEBUG] debug-file - App plugin prepare end...
[2026-05-19T15:35:55.803] [DEBUG] debug-file - App plugin creating...
[2026-05-19T15:35:55.895] [DEBUG] debug-file - App plugin register hook start...
[2026-05-19T15:35:55.895] [DEBUG] debug-file - App plugin register hook end...
[2026-05-19T15:35:55.895] [DEBUG] debug-file - Plugin build process completed
[2026-05-19T15:35:55.896] [DEBUG] debug-file - Start initialize project's product build option map with build mode debug.
[2026-05-19T15:35:55.896] [DEBUG] debug-file - Picking option from product 'default' with build mode 'debug'.
[2026-05-19T15:35:55.896] [DEBUG] debug-file - Product 'default' build option initialized
[2026-05-19T15:35:55.896] [DEBUG] debug-file - End initialize project's product build option map with build mode 'debug'.
[2026-05-19T15:35:55.897] [DEBUG] debug-file - Obtain build option for product 'default'in this build.
[2026-05-19T15:35:55.897] [DEBUG] debug-file - No signingConfig found, initRemoteHspCache failed.
[2026-05-19T15:35:55.899] [DEBUG] debug-file - Local scan or download HarmonyOS sdk components toolchains,ets,js,native,previewer
[2026-05-19T15:35:55.909] [DEBUG] debug-file - hvigor build process will be closed with an error.
[2026-05-19T15:35:55.909] [ERROR] debug-file - [31m00303168 Configuration Error
Error Message: SDK component missing.

* Try the following:
  > Please verify the integrity of your SDK.
  > Please update the SDK at the download link below.
  > More info: https://developer.huawei.com/consumer/en/download
[39m

[31m* Try:
> Run with --stacktrace option to get the stack trace.
> Run with --debug option to get more log output.

[2026-05-19T15:35:55.909] [DEBUG] debug-file - ERROR: stacktrace = AdaptorError: [31m00303168 Configuration Error
Error Message: SDK component missing.

* Try the following:
  > Please verify the integrity of your SDK.
  > Please update the SDK at the download link below.
  > More info: https://developer.huawei.com/consumer/en/download
[39m
    at OhosLogger.printErrorExit (/Applications/DevEco-Studio.app/contents/tools/hvigor/hvigor/src/base/log/hvigor-log.js:1:5087)
    at HmosSdkLoader.getHmosSdkComponents (/Applications/DevEco-Studio.app/contents/tools/hvigor/hvigor-ohos-plugin/src/sdk/hmos-sdk-loader.js:1:1895)
    at HosSdkInfo.setup (/Applications/DevEco-Studio.app/contents/tools/hvigor/hvigor-ohos-plugin/src/sdk/info/hos-sdk-info.js:1:1537)
    at ProjectTaskService.setup (/Applications/DevEco-Studio.app/contents/tools/hvigor/hvigor-ohos-plugin/src/tasks/service/project-task-service.js:1:2525)
    at ProjectImpl.<anonymous> (/Applications/DevEco-Studio.app/contents/tools/hvigor/hvigor-ohos-plugin/src/plugin/builder/app-plugin-builder.js:1:2236)
    at ProjectImpl.executeAfterBindSystemPluginsHook (/Applications/DevEco-Studio.app/contents/tools/hvigor/hvigor/src/base/internal/lifecycle/hvigor-node-impl/default-node-impl.js:1:5526)
    at evaluateNodeVigorFile (/Applications/DevEco-Studio.app/contents/tools/hvigor/hvigor/src/base/internal/lifecycle/configuration.js:1:9340)
    at process.processTicksAndRejections (node:internal/process/task_queues:95:5)
    at async evalProject (/Applications/DevEco-Studio.app/contents/tools/hvigor/hvigor/src/base/internal/lifecycle/configuration.js:1:3544)
    at async configuration (/Applications/DevEco-Studio.app/contents/tools/hvigor/hvigor/src/base/internal/lifecycle/configuration.js:1:2288)
[2026-05-19T15:35:55.909] [ERROR] debug-file - AdaptorError: [31m00303168 Configuration Error
Error Message: SDK component missing.

* Try the following:
  > Please verify the integrity of your SDK.
  > Please update the SDK at the download link below.
  > More info: https://developer.huawei.com/consumer/en/download
[39m
    at OhosLogger.printErrorExit (/Applications/DevEco-Studio.app/contents/tools/hvigor/hvigor/src/base/log/hvigor-log.js:1:5087)
    at HmosSdkLoader.getHmosSdkComponents (/Applications/DevEco-Studio.app/contents/tools/hvigor/hvigor-ohos-plugin/src/sdk/hmos-sdk-loader.js:1:1895)
    at HosSdkInfo.setup (/Applications/DevEco-Studio.app/contents/tools/hvigor/hvigor-ohos-plugin/src/sdk/info/hos-sdk-info.js:1:1537)
    at ProjectTaskService.setup (/Applications/DevEco-Studio.app/contents/tools/hvigor/hvigor-ohos-plugin/src/tasks/service/project-task-service.js:1:2525)
    at ProjectImpl.<anonymous> (/Applications/DevEco-Studio.app/contents/tools/hvigor/hvigor-ohos-plugin/src/plugin/builder/app-plugin-builder.js:1:2236)
    at ProjectImpl.executeAfterBindSystemPluginsHook (/Applications/DevEco-Studio.app/contents/tools/hvigor/hvigor/src/base/internal/lifecycle/hvigor-node-impl/default-node-impl.js:1:5526)
    at evaluateNodeVigorFile (/Applications/DevEco-Studio.app/contents/tools/hvigor/hvigor/src/base/internal/lifecycle/configuration.js:1:9340)
    at process.processTicksAndRejections (node:internal/process/task_queues:95:5)
    at async evalProject (/Applications/DevEco-Studio.app/contents/tools/hvigor/hvigor/src/base/internal/lifecycle/configuration.js:1:3544)
    at async configuration (/Applications/DevEco-Studio.app/contents/tools/hvigor/hvigor/src/base/internal/lifecycle/configuration.js:1:2288)
[2026-05-19T15:35:55.910] [ERROR] debug-file - BUILD FAILED in 849 ms 
[2026-05-19T15:35:55.914] [DEBUG] debug-file - Cleanup worker 0.
[2026-05-19T15:35:55.914] [DEBUG] debug-file - Worker 0 has been cleaned up.
[2026-05-19T15:35:55.914] [DEBUG] debug-file - Current idle worker size: 1.
[2026-05-19T15:35:55.914] [DEBUG] debug-file - Current resident worker size: 2.
[2026-05-19T15:35:55.914] [DEBUG] debug-file - Cleanup worker 1.
[2026-05-19T15:35:55.914] [DEBUG] debug-file - Worker 1 has been cleaned up.
[2026-05-19T15:35:55.914] [DEBUG] debug-file - Current idle worker size: 0.
[2026-05-19T15:35:55.914] [DEBUG] debug-file - Current resident worker size: 2.
[2026-05-19T15:35:55.916] [DEBUG] debug-file - session manager: send message to worker process.
[2026-05-19T15:35:55.916] [DEBUG] debug-file - session manager: send message to worker process.
[2026-05-19T15:35:55.918] [DEBUG] debug-file - hvigor build process will be closed.
[2026-05-19T15:35:55.919] [DEBUG] debug-file - worker[0] exits with exit code 1.
[2026-05-19T15:35:55.920] [DEBUG] debug-file - worker[1] exits with exit code 1.
[2026-05-19T15:35:55.920] [DEBUG] debug-file - watch worker: worker id should be larger than 0. Nothing will be sent to any worker thread.
[2026-05-19T15:35:55.920] [DEBUG] debug-file - watch worker: worker id should be larger than 0. Nothing will be sent to any worker thread.
[2026-05-19T15:36:20.523] [DEBUG] debug-file - env: nodejsVersion=v18.20.1
[2026-05-19T15:36:20.659] [DEBUG] debug-file - Hvigor init with startParameters:{
  hvigorfileTypeCheck: false,
  parallelExecution: true,
  incrementalExecution: true,
  printStackTrace: false,
  daemon: false,
  analyze: 0,
  logLevel: Level { level: 20000, levelStr: 'INFO', colour: 'green' },
  optimizationStrategy: 'memory',
  hotCompile: undefined,
  hotReloadBuild: undefined,
  customizedParam: undefined
}
[2026-05-19T15:36:21.181] [DEBUG] debug-file - hvigorfile, require result:  { appTasks: [Getter] }
[2026-05-19T15:36:21.182] [DEBUG] debug-file - Starting plugin build process
[2026-05-19T15:36:21.272] [DEBUG] debug-file - Start initialize project's product build option map with build mode debug.
[2026-05-19T15:36:21.271] [DEBUG] debug-file - App plugin register hook start...
[2026-05-19T15:36:21.273] [DEBUG] debug-file - Obtain build option for product 'default'in this build.
[2026-05-19T15:36:20.524] [DEBUG] debug-file - env: hvigor-config.json5 content = { modelVersion: '6.0.2', dependencies: {} }
[2026-05-19T15:36:20.661] [DEBUG] debug-file - Cache service initialization finished in 2 ms 
[2026-05-19T15:36:21.292] [DEBUG] debug-file - Create  resident worker with id: 0.
[2026-05-19T15:36:21.181] [DEBUG] debug-file - hvigorfile, binding system plugins { appTasks: [Getter] }
[2026-05-19T15:36:21.182] [DEBUG] debug-file - App plugin prepare start...
[2026-05-19T15:36:21.272] [DEBUG] debug-file - Picking option from product 'default' with build mode 'debug'.
[2026-05-19T15:36:21.271] [DEBUG] debug-file - App plugin register hook end...
[2026-05-19T15:36:21.273] [DEBUG] debug-file - No signingConfig found, initRemoteHspCache failed.
[2026-05-19T15:36:20.525] [DEBUG] debug-file - env: daemon=false
[2026-05-19T15:36:20.661] [DEBUG] debug-file - hvigorfile, resolving /Users/jordanzt/Work/HuaweiWork/Others/Projects/JungleTestLabs/opencalc-harmonyos/hvigorfile.ts
[2026-05-19T15:36:21.293] [DEBUG] debug-file - Create  resident worker with id: 1.
[2026-05-19T15:36:21.182] [DEBUG] debug-file - App plugin prepare end...
[2026-05-19T15:36:21.272] [DEBUG] debug-file - Product 'default' build option initialized
[2026-05-19T15:36:21.271] [DEBUG] debug-file - Plugin build process completed
[2026-05-19T15:36:21.274] [DEBUG] debug-file - Local scan or download HarmonyOS sdk components toolchains,ets,js,native,previewer
[2026-05-19T15:36:20.525] [DEBUG] debug-file - no-daemon, use the parent process.execArgv --max-old-space-size=8192,--max-semi-space-size=16,--expose-gc
[2026-05-19T15:36:21.294] [DEBUG] debug-file - Current worker pool is stopped or closed.
[2026-05-19T15:36:21.182] [DEBUG] debug-file - App plugin creating...
[2026-05-19T15:36:21.272] [DEBUG] debug-file - End initialize project's product build option map with build mode 'debug'.
[2026-05-19T15:36:21.285] [DEBUG] debug-file - hvigor build process will be closed with an error.
[2026-05-19T15:36:21.294] [DEBUG] debug-file - Clear worker 0.
[2026-05-19T15:36:21.285] [ERROR] debug-file - [31m00303168 Configuration Error
Error Message: SDK component missing.

* Try the following:
  > Please verify the integrity of your SDK.
  > Please update the SDK at the download link below.
  > More info: https://developer.huawei.com/consumer/en/download
[39m

[31m* Try:
> Run with --stacktrace option to get the stack trace.
> Run with --debug option to get more log output.

[2026-05-19T15:36:21.294] [DEBUG] debug-file - Worker 0 has been cleared.
[2026-05-19T15:36:21.285] [DEBUG] debug-file - ERROR: stacktrace = AdaptorError: [31m00303168 Configuration Error
Error Message: SDK component missing.

* Try the following:
  > Please verify the integrity of your SDK.
  > Please update the SDK at the download link below.
  > More info: https://developer.huawei.com/consumer/en/download
[39m
    at OhosLogger.printErrorExit (/Applications/DevEco-Studio.app/contents/tools/hvigor/hvigor/src/base/log/hvigor-log.js:1:5087)
    at HmosSdkLoader.getHmosSdkComponents (/Applications/DevEco-Studio.app/contents/tools/hvigor/hvigor-ohos-plugin/src/sdk/hmos-sdk-loader.js:1:1895)
    at HosSdkInfo.setup (/Applications/DevEco-Studio.app/contents/tools/hvigor/hvigor-ohos-plugin/src/sdk/info/hos-sdk-info.js:1:1537)
    at ProjectTaskService.setup (/Applications/DevEco-Studio.app/contents/tools/hvigor/hvigor-ohos-plugin/src/tasks/service/project-task-service.js:1:2525)
    at ProjectImpl.<anonymous> (/Applications/DevEco-Studio.app/contents/tools/hvigor/hvigor-ohos-plugin/src/plugin/builder/app-plugin-builder.js:1:2236)
    at ProjectImpl.executeAfterBindSystemPluginsHook (/Applications/DevEco-Studio.app/contents/tools/hvigor/hvigor/src/base/internal/lifecycle/hvigor-node-impl/default-node-impl.js:1:5526)
    at evaluateNodeVigorFile (/Applications/DevEco-Studio.app/contents/tools/hvigor/hvigor/src/base/internal/lifecycle/configuration.js:1:9340)
    at process.processTicksAndRejections (node:internal/process/task_queues:95:5)
    at async evalProject (/Applications/DevEco-Studio.app/contents/tools/hvigor/hvigor/src/base/internal/lifecycle/configuration.js:1:3544)
    at async configuration (/Applications/DevEco-Studio.app/contents/tools/hvigor/hvigor/src/base/internal/lifecycle/configuration.js:1:2288)
[2026-05-19T15:36:21.294] [DEBUG] debug-file - Current idle worker size: 1.
[2026-05-19T15:36:21.285] [ERROR] debug-file - AdaptorError: [31m00303168 Configuration Error
Error Message: SDK component missing.

* Try the following:
  > Please verify the integrity of your SDK.
  > Please update the SDK at the download link below.
  > More info: https://developer.huawei.com/consumer/en/download
[39m
    at OhosLogger.printErrorExit (/Applications/DevEco-Studio.app/contents/tools/hvigor/hvigor/src/base/log/hvigor-log.js:1:5087)
    at HmosSdkLoader.getHmosSdkComponents (/Applications/DevEco-Studio.app/contents/tools/hvigor/hvigor-ohos-plugin/src/sdk/hmos-sdk-loader.js:1:1895)
    at HosSdkInfo.setup (/Applications/DevEco-Studio.app/contents/tools/hvigor/hvigor-ohos-plugin/src/sdk/info/hos-sdk-info.js:1:1537)
    at ProjectTaskService.setup (/Applications/DevEco-Studio.app/contents/tools/hvigor/hvigor-ohos-plugin/src/tasks/service/project-task-service.js:1:2525)
    at ProjectImpl.<anonymous> (/Applications/DevEco-Studio.app/contents/tools/hvigor/hvigor-ohos-plugin/src/plugin/builder/app-plugin-builder.js:1:2236)
    at ProjectImpl.executeAfterBindSystemPluginsHook (/Applications/DevEco-Studio.app/contents/tools/hvigor/hvigor/src/base/internal/lifecycle/hvigor-node-impl/default-node-impl.js:1:5526)
    at evaluateNodeVigorFile (/Applications/DevEco-Studio.app/contents/tools/hvigor/hvigor/src/base/internal/lifecycle/configuration.js:1:9340)
    at process.processTicksAndRejections (node:internal/process/task_queues:95:5)
    at async evalProject (/Applications/DevEco-Studio.app/contents/tools/hvigor/hvigor/src/base/internal/lifecycle/configuration.js:1:3544)
    at async configuration (/Applications/DevEco-Studio.app/contents/tools/hvigor/hvigor/src/base/internal/lifecycle/configuration.js:1:2288)
[2026-05-19T15:36:21.294] [DEBUG] debug-file - Current busy worker size: 0.
[2026-05-19T15:36:21.286] [ERROR] debug-file - BUILD FAILED in 630 ms 
[2026-05-19T15:36:21.294] [DEBUG] debug-file - Clear worker 1.
[2026-05-19T15:36:21.291] [DEBUG] debug-file - Since there is no instance or instance is terminated, create a new worker pool.
[2026-05-19T15:36:21.294] [DEBUG] debug-file - Worker 1 has been cleared.
[2026-05-19T15:36:21.291] [DEBUG] debug-file - Worker pool is initialized with config:  {
  minPoolNum: 2,
  maxPoolNum: undefined,
  maxCoreSize: undefined,
  cacheCapacity: undefined,
  cacheTtl: undefined
}
[2026-05-19T15:36:21.294] [DEBUG] debug-file - Current idle worker size: 0.
[2026-05-19T15:36:21.294] [DEBUG] debug-file - Current busy worker size: 0.
[2026-05-19T15:36:21.297] [DEBUG] debug-file - hvigor build process will be closed.
[2026-05-19T15:36:21.299] [DEBUG] debug-file - worker[0] exits with exit code 0.
[2026-05-19T15:36:21.299] [DEBUG] debug-file - worker[1] exits with exit code 0.
[2026-05-19T15:36:21.299] [DEBUG] debug-file - Current worker pool is terminated.
[2026-05-19T15:38:09.934] [DEBUG] debug-file - env: nodejsVersion=v18.20.1
[2026-05-19T15:38:10.099] [DEBUG] debug-file - Hvigor init with startParameters:{
  hvigorfileTypeCheck: false,
  parallelExecution: true,
  incrementalExecution: true,
  printStackTrace: false,
  daemon: false,
  analyze: 0,
  logLevel: Level { level: 20000, levelStr: 'INFO', colour: 'green' },
  optimizationStrategy: 'memory',
  hotCompile: undefined,
  hotReloadBuild: undefined,
  customizedParam: undefined
}
[2026-05-19T15:38:10.828] [DEBUG] debug-file - hvigorfile, require result:  { appTasks: [Getter] }
[2026-05-19T15:38:10.828] [DEBUG] debug-file - Starting plugin build process
[2026-05-19T15:38:10.921] [DEBUG] debug-file - App plugin register hook start...
[2026-05-19T15:38:10.922] [DEBUG] debug-file - Start initialize project's product build option map with build mode debug.
[2026-05-19T15:38:10.925] [DEBUG] debug-file - hvigor build process will be closed with an error.
[2026-05-19T15:38:09.934] [DEBUG] debug-file - env: hvigor-config.json5 content = { modelVersion: '6.0.2', dependencies: {} }
[2026-05-19T15:38:10.101] [DEBUG] debug-file - Cache service initialization finished in 3 ms 
[2026-05-19T15:38:10.933] [DEBUG] debug-file - Create  resident worker with id: 0.
[2026-05-19T15:38:10.828] [DEBUG] debug-file - hvigorfile, binding system plugins { appTasks: [Getter] }
[2026-05-19T15:38:10.828] [DEBUG] debug-file - App plugin prepare start...
[2026-05-19T15:38:10.921] [DEBUG] debug-file - App plugin register hook end...
[2026-05-19T15:38:10.922] [DEBUG] debug-file - Picking option from product 'default' with build mode 'debug'.
[2026-05-19T15:38:10.926] [ERROR] debug-file - [31m00303217 Configuration Error
Error Message: Invalid value of 'DEVECO_SDK_HOME' in the system environment path.

* Try the following:
  > Correct the value, run hvigorw --stop-daemon to stop the daemon process, and then try again.
[39m

[31m* Try:
> Run with --stacktrace option to get the stack trace.
> Run with --debug option to get more log output.

[2026-05-19T15:38:09.935] [DEBUG] debug-file - env: daemon=false
[2026-05-19T15:38:10.102] [DEBUG] debug-file - hvigorfile, resolving /Users/jordanzt/Work/HuaweiWork/Others/Projects/JungleTestLabs/opencalc-harmonyos/hvigorfile.ts
[2026-05-19T15:38:10.934] [DEBUG] debug-file - Create  resident worker with id: 1.
[2026-05-19T15:38:10.828] [DEBUG] debug-file - App plugin prepare end...
[2026-05-19T15:38:10.921] [DEBUG] debug-file - Plugin build process completed
[2026-05-19T15:38:10.922] [DEBUG] debug-file - Product 'default' build option initialized
[2026-05-19T15:38:10.926] [DEBUG] debug-file - ERROR: stacktrace = AdaptorError: [31m00303217 Configuration Error
Error Message: Invalid value of 'DEVECO_SDK_HOME' in the system environment path.

* Try the following:
  > Correct the value, run hvigorw --stop-daemon to stop the daemon process, and then try again.
[39m
    at OhosLogger.printErrorExit (/Applications/DevEco-Studio.app/contents/tools/hvigor/hvigor/src/base/log/hvigor-log.js:1:5087)
    at Property.validatePath (/Applications/DevEco-Studio.app/contents/tools/hvigor/hvigor-ohos-plugin/src/sdk/lib/property-get.js:1:2027)
    at Property.getHosSdkDir (/Applications/DevEco-Studio.app/contents/tools/hvigor/hvigor-ohos-plugin/src/sdk/lib/property-get.js:1:1395)
    at SdkLoader.getSdkInfo (/Applications/DevEco-Studio.app/contents/tools/hvigor/hvigor-ohos-plugin/src/sdk/sdk-loader.js:1:668)
    at new ProjectTaskService (/Applications/DevEco-Studio.app/contents/tools/hvigor/hvigor-ohos-plugin/src/tasks/service/project-task-service.js:1:2057)
    at AppPlugin.initTaskService (/Applications/DevEco-Studio.app/contents/tools/hvigor/hvigor-ohos-plugin/src/plugin/app-plugin.js:1:715)
    at ProjectImpl.<anonymous> (/Applications/DevEco-Studio.app/contents/tools/hvigor/hvigor-ohos-plugin/src/plugin/builder/app-plugin-builder.js:1:2161)
    at ProjectImpl.executeAfterBindSystemPluginsHook (/Applications/DevEco-Studio.app/contents/tools/hvigor/hvigor/src/base/internal/lifecycle/hvigor-node-impl/default-node-impl.js:1:5526)
    at evaluateNodeVigorFile (/Applications/DevEco-Studio.app/contents/tools/hvigor/hvigor/src/base/internal/lifecycle/configuration.js:1:9340)
    at process.processTicksAndRejections (node:internal/process/task_queues:95:5)
[2026-05-19T15:38:09.935] [DEBUG] debug-file - no-daemon, use the parent process.execArgv --max-old-space-size=8192,--max-semi-space-size=16,--expose-gc
[2026-05-19T15:38:10.935] [DEBUG] debug-file - Current worker pool is stopped or closed.
[2026-05-19T15:38:10.828] [DEBUG] debug-file - App plugin creating...
[2026-05-19T15:38:10.922] [DEBUG] debug-file - End initialize project's product build option map with build mode 'debug'.
[2026-05-19T15:38:10.926] [ERROR] debug-file - AdaptorError: [31m00303217 Configuration Error
Error Message: Invalid value of 'DEVECO_SDK_HOME' in the system environment path.

* Try the following:
  > Correct the value, run hvigorw --stop-daemon to stop the daemon process, and then try again.
[39m
    at OhosLogger.printErrorExit (/Applications/DevEco-Studio.app/contents/tools/hvigor/hvigor/src/base/log/hvigor-log.js:1:5087)
    at Property.validatePath (/Applications/DevEco-Studio.app/contents/tools/hvigor/hvigor-ohos-plugin/src/sdk/lib/property-get.js:1:2027)
    at Property.getHosSdkDir (/Applications/DevEco-Studio.app/contents/tools/hvigor/hvigor-ohos-plugin/src/sdk/lib/property-get.js:1:1395)
    at SdkLoader.getSdkInfo (/Applications/DevEco-Studio.app/contents/tools/hvigor/hvigor-ohos-plugin/src/sdk/sdk-loader.js:1:668)
    at new ProjectTaskService (/Applications/DevEco-Studio.app/contents/tools/hvigor/hvigor-ohos-plugin/src/tasks/service/project-task-service.js:1:2057)
    at AppPlugin.initTaskService (/Applications/DevEco-Studio.app/contents/tools/hvigor/hvigor-ohos-plugin/src/plugin/app-plugin.js:1:715)
    at ProjectImpl.<anonymous> (/Applications/DevEco-Studio.app/contents/tools/hvigor/hvigor-ohos-plugin/src/plugin/builder/app-plugin-builder.js:1:2161)
    at ProjectImpl.executeAfterBindSystemPluginsHook (/Applications/DevEco-Studio.app/contents/tools/hvigor/hvigor/src/base/internal/lifecycle/hvigor-node-impl/default-node-impl.js:1:5526)
    at evaluateNodeVigorFile (/Applications/DevEco-Studio.app/contents/tools/hvigor/hvigor/src/base/internal/lifecycle/configuration.js:1:9340)
    at process.processTicksAndRejections (node:internal/process/task_queues:95:5)
[2026-05-19T15:38:10.935] [DEBUG] debug-file - Clear worker 0.
[2026-05-19T15:38:10.927] [ERROR] debug-file - BUILD FAILED in 831 ms 
[2026-05-19T15:38:10.935] [DEBUG] debug-file - Worker 0 has been cleared.
[2026-05-19T15:38:10.933] [DEBUG] debug-file - Since there is no instance or instance is terminated, create a new worker pool.
[2026-05-19T15:38:10.935] [DEBUG] debug-file - Current idle worker size: 1.
[2026-05-19T15:38:10.933] [DEBUG] debug-file - Worker pool is initialized with config:  {
  minPoolNum: 2,
  maxPoolNum: undefined,
  maxCoreSize: undefined,
  cacheCapacity: undefined,
  cacheTtl: undefined
}
[2026-05-19T15:38:10.935] [DEBUG] debug-file - Current busy worker size: 0.
[2026-05-19T15:38:10.935] [DEBUG] debug-file - Clear worker 1.
[2026-05-19T15:38:10.935] [DEBUG] debug-file - Worker 1 has been cleared.
[2026-05-19T15:38:10.935] [DEBUG] debug-file - Current idle worker size: 0.
[2026-05-19T15:38:10.935] [DEBUG] debug-file - Current busy worker size: 0.
[2026-05-19T15:38:10.939] [DEBUG] debug-file - hvigor build process will be closed.
[2026-05-19T15:38:10.941] [DEBUG] debug-file - worker[0] exits with exit code 0.
[2026-05-19T15:38:10.941] [DEBUG] debug-file - worker[1] exits with exit code 0.
[2026-05-19T15:38:10.941] [DEBUG] debug-file - Current worker pool is terminated.
[2026-05-19T15:38:20.987] [DEBUG] debug-file - env: nodejsVersion=v18.20.1
[2026-05-19T15:38:21.145] [DEBUG] debug-file - Hvigor init with startParameters:{
  hvigorfileTypeCheck: false,
  parallelExecution: true,
  incrementalExecution: true,
  printStackTrace: false,
  daemon: false,
  analyze: 0,
  logLevel: Level { level: 20000, levelStr: 'INFO', colour: 'green' },
  optimizationStrategy: 'memory',
  hotCompile: undefined,
  hotReloadBuild: undefined,
  customizedParam: undefined
}
[2026-05-19T15:38:21.816] [DEBUG] debug-file - hvigorfile, require result:  { appTasks: [Getter] }
[2026-05-19T15:38:21.816] [DEBUG] debug-file - Starting plugin build process
[2026-05-19T15:38:21.909] [DEBUG] debug-file - App plugin register hook start...
[2026-05-19T15:38:21.910] [DEBUG] debug-file - Start initialize project's product build option map with build mode debug.
[2026-05-19T15:38:21.911] [DEBUG] debug-file - Obtain build option for product 'default'in this build.
[2026-05-19T15:38:20.988] [DEBUG] debug-file - env: hvigor-config.json5 content = { modelVersion: '6.0.2', dependencies: {} }
[2026-05-19T15:38:21.147] [DEBUG] debug-file - Cache service initialization finished in 3 ms 
[2026-05-19T15:38:21.931] [DEBUG] debug-file - Create  resident worker with id: 0.
[2026-05-19T15:38:21.816] [DEBUG] debug-file - hvigorfile, binding system plugins { appTasks: [Getter] }
[2026-05-19T15:38:21.816] [DEBUG] debug-file - App plugin prepare start...
[2026-05-19T15:38:21.909] [DEBUG] debug-file - App plugin register hook end...
[2026-05-19T15:38:21.910] [DEBUG] debug-file - Picking option from product 'default' with build mode 'debug'.
[2026-05-19T15:38:21.912] [DEBUG] debug-file - No signingConfig found, initRemoteHspCache failed.
[2026-05-19T15:38:20.989] [DEBUG] debug-file - env: daemon=false
[2026-05-19T15:38:21.148] [DEBUG] debug-file - hvigorfile, resolving /Users/jordanzt/Work/HuaweiWork/Others/Projects/JungleTestLabs/opencalc-harmonyos/hvigorfile.ts
[2026-05-19T15:38:21.932] [DEBUG] debug-file - Create  resident worker with id: 1.
[2026-05-19T15:38:21.816] [DEBUG] debug-file - App plugin prepare end...
[2026-05-19T15:38:21.909] [DEBUG] debug-file - Plugin build process completed
[2026-05-19T15:38:21.910] [DEBUG] debug-file - Product 'default' build option initialized
[2026-05-19T15:38:21.913] [DEBUG] debug-file - Local scan or download HarmonyOS sdk components toolchains,ets,js,native,previewer
[2026-05-19T15:38:20.989] [DEBUG] debug-file - no-daemon, use the parent process.execArgv --max-old-space-size=8192,--max-semi-space-size=16,--expose-gc
[2026-05-19T15:38:21.933] [DEBUG] debug-file - Current worker pool is stopped or closed.
[2026-05-19T15:38:21.816] [DEBUG] debug-file - App plugin creating...
[2026-05-19T15:38:21.910] [DEBUG] debug-file - End initialize project's product build option map with build mode 'debug'.
[2026-05-19T15:38:21.923] [DEBUG] debug-file - hvigor build process will be closed with an error.
[2026-05-19T15:38:21.933] [DEBUG] debug-file - Clear worker 0.
[2026-05-19T15:38:21.923] [ERROR] debug-file - [31m00303168 Configuration Error
Error Message: SDK component missing.

* Try the following:
  > Please verify the integrity of your SDK.
  > Please update the SDK at the download link below.
  > More info: https://developer.huawei.com/consumer/en/download
[39m

[31m* Try:
> Run with --stacktrace option to get the stack trace.
> Run with --debug option to get more log output.

[2026-05-19T15:38:21.933] [DEBUG] debug-file - Worker 0 has been cleared.
[2026-05-19T15:38:21.923] [DEBUG] debug-file - ERROR: stacktrace = AdaptorError: [31m00303168 Configuration Error
Error Message: SDK component missing.

* Try the following:
  > Please verify the integrity of your SDK.
  > Please update the SDK at the download link below.
  > More info: https://developer.huawei.com/consumer/en/download
[39m
    at OhosLogger.printErrorExit (/Applications/DevEco-Studio.app/contents/tools/hvigor/hvigor/src/base/log/hvigor-log.js:1:5087)
    at HmosSdkLoader.getHmosSdkComponents (/Applications/DevEco-Studio.app/contents/tools/hvigor/hvigor-ohos-plugin/src/sdk/hmos-sdk-loader.js:1:1895)
    at HosSdkInfo.setup (/Applications/DevEco-Studio.app/contents/tools/hvigor/hvigor-ohos-plugin/src/sdk/info/hos-sdk-info.js:1:1537)
    at ProjectTaskService.setup (/Applications/DevEco-Studio.app/contents/tools/hvigor/hvigor-ohos-plugin/src/tasks/service/project-task-service.js:1:2525)
    at ProjectImpl.<anonymous> (/Applications/DevEco-Studio.app/contents/tools/hvigor/hvigor-ohos-plugin/src/plugin/builder/app-plugin-builder.js:1:2236)
    at ProjectImpl.executeAfterBindSystemPluginsHook (/Applications/DevEco-Studio.app/contents/tools/hvigor/hvigor/src/base/internal/lifecycle/hvigor-node-impl/default-node-impl.js:1:5526)
    at evaluateNodeVigorFile (/Applications/DevEco-Studio.app/contents/tools/hvigor/hvigor/src/base/internal/lifecycle/configuration.js:1:9340)
    at process.processTicksAndRejections (node:internal/process/task_queues:95:5)
    at async evalProject (/Applications/DevEco-Studio.app/contents/tools/hvigor/hvigor/src/base/internal/lifecycle/configuration.js:1:3544)
    at async configuration (/Applications/DevEco-Studio.app/contents/tools/hvigor/hvigor/src/base/internal/lifecycle/configuration.js:1:2288)
[2026-05-19T15:38:21.933] [DEBUG] debug-file - Current idle worker size: 1.
[2026-05-19T15:38:21.923] [ERROR] debug-file - AdaptorError: [31m00303168 Configuration Error
Error Message: SDK component missing.

* Try the following:
  > Please verify the integrity of your SDK.
  > Please update the SDK at the download link below.
  > More info: https://developer.huawei.com/consumer/en/download
[39m
    at OhosLogger.printErrorExit (/Applications/DevEco-Studio.app/contents/tools/hvigor/hvigor/src/base/log/hvigor-log.js:1:5087)
    at HmosSdkLoader.getHmosSdkComponents (/Applications/DevEco-Studio.app/contents/tools/hvigor/hvigor-ohos-plugin/src/sdk/hmos-sdk-loader.js:1:1895)
    at HosSdkInfo.setup (/Applications/DevEco-Studio.app/contents/tools/hvigor/hvigor-ohos-plugin/src/sdk/info/hos-sdk-info.js:1:1537)
    at ProjectTaskService.setup (/Applications/DevEco-Studio.app/contents/tools/hvigor/hvigor-ohos-plugin/src/tasks/service/project-task-service.js:1:2525)
    at ProjectImpl.<anonymous> (/Applications/DevEco-Studio.app/contents/tools/hvigor/hvigor-ohos-plugin/src/plugin/builder/app-plugin-builder.js:1:2236)
    at ProjectImpl.executeAfterBindSystemPluginsHook (/Applications/DevEco-Studio.app/contents/tools/hvigor/hvigor/src/base/internal/lifecycle/hvigor-node-impl/default-node-impl.js:1:5526)
    at evaluateNodeVigorFile (/Applications/DevEco-Studio.app/contents/tools/hvigor/hvigor/src/base/internal/lifecycle/configuration.js:1:9340)
    at process.processTicksAndRejections (node:internal/process/task_queues:95:5)
    at async evalProject (/Applications/DevEco-Studio.app/contents/tools/hvigor/hvigor/src/base/internal/lifecycle/configuration.js:1:3544)
    at async configuration (/Applications/DevEco-Studio.app/contents/tools/hvigor/hvigor/src/base/internal/lifecycle/configuration.js:1:2288)
[2026-05-19T15:38:21.933] [DEBUG] debug-file - Current busy worker size: 0.
[2026-05-19T15:38:21.924] [ERROR] debug-file - BUILD FAILED in 783 ms 
[2026-05-19T15:38:21.933] [DEBUG] debug-file - Clear worker 1.
[2026-05-19T15:38:21.930] [DEBUG] debug-file - Since there is no instance or instance is terminated, create a new worker pool.
[2026-05-19T15:38:21.933] [DEBUG] debug-file - Worker 1 has been cleared.
[2026-05-19T15:38:21.930] [DEBUG] debug-file - Worker pool is initialized with config:  {
  minPoolNum: 2,
  maxPoolNum: undefined,
  maxCoreSize: undefined,
  cacheCapacity: undefined,
  cacheTtl: undefined
}
[2026-05-19T15:38:21.933] [DEBUG] debug-file - Current idle worker size: 0.
[2026-05-19T15:38:21.933] [DEBUG] debug-file - Current busy worker size: 0.
[2026-05-19T15:38:21.937] [DEBUG] debug-file - hvigor build process will be closed.
[2026-05-19T15:38:21.939] [DEBUG] debug-file - worker[0] exits with exit code 0.
[2026-05-19T15:38:21.939] [DEBUG] debug-file - worker[1] exits with exit code 0.
[2026-05-19T15:38:21.939] [DEBUG] debug-file - Current worker pool is terminated.
[2026-05-19T15:38:34.624] [DEBUG] debug-file - env: nodejsVersion=v18.20.1
[2026-05-19T15:38:34.793] [DEBUG] debug-file - Hvigor init with startParameters:{
  hvigorfileTypeCheck: false,
  parallelExecution: true,
  incrementalExecution: true,
  printStackTrace: false,
  daemon: false,
  analyze: 0,
  logLevel: Level { level: 20000, levelStr: 'INFO', colour: 'green' },
  optimizationStrategy: 'memory',
  hotCompile: undefined,
  hotReloadBuild: undefined,
  customizedParam: undefined
}
[2026-05-19T15:38:35.499] [DEBUG] debug-file - hvigorfile, require result:  { appTasks: [Getter] }
[2026-05-19T15:38:35.499] [DEBUG] debug-file - Starting plugin build process
[2026-05-19T15:38:35.597] [DEBUG] debug-file - App plugin register hook start...
[2026-05-19T15:38:35.598] [DEBUG] debug-file - Start initialize project's product build option map with build mode debug.
[2026-05-19T15:38:35.600] [DEBUG] debug-file - Obtain build option for product 'default'in this build.
[2026-05-19T15:38:35.608] [DEBUG] debug-file - Start recording SDK configuration permission data.
[2026-05-19T15:38:35.635] [DEBUG] debug-file - Project task initialization takes 3 ms 
[2026-05-19T15:38:35.640] [DEBUG] debug-file - failed to load cangjie to dynamically generate schemas: Error: Cannot find module '@ohos/cangjie-build-support/index'
Require stack:
- /Applications/DevEco-Studio.app/contents/tools/hvigor/hvigor-ohos-plugin/src/plugin/hooks/cangjie-register.js
- /Applications/DevEco-Studio.app/contents/tools/hvigor/hvigor-ohos-plugin/src/plugin/strategy/stage-init-strategy.js
- /Applications/DevEco-Studio.app/contents/tools/hvigor/hvigor-ohos-plugin/src/plugin/builder/abstract-plugin-builder.js
- /Applications/DevEco-Studio.app/contents/tools/hvigor/hvigor-ohos-plugin/src/plugin/builder/app-plugin-builder.js
- /Applications/DevEco-Studio.app/contents/tools/hvigor/hvigor-ohos-plugin/src/plugin/factory/plugin-factory.js
- /Applications/DevEco-Studio.app/contents/tools/hvigor/hvigor-ohos-plugin/index.js
- /Users/jordanzt/Work/HuaweiWork/Others/Projects/JungleTestLabs/opencalc-harmonyos/hvigorfile.ts
- /Applications/DevEco-Studio.app/contents/tools/hvigor/hvigor/src/base/internal/lifecycle/configuration.js
- /Applications/DevEco-Studio.app/contents/tools/hvigor/hvigor/src/base/boot/index.js
- /Applications/DevEco-Studio.app/contents/tools/hvigor/hvigor/src/cli/main/cli.js
- /Applications/DevEco-Studio.app/contents/tools/hvigor/hvigor/bin/hvigor.js
[2026-05-19T15:38:35.646] [DEBUG] debug-file - Start initialize module-target build option map, moduleName=entry, buildMode=debug
[2026-05-19T15:38:35.656] [DEBUG] debug-file - Start to initialize dependency information.
[2026-05-19T15:38:35.650] [DEBUG] debug-file - start to load updatedOhPackageInfo to the disk
[2026-05-19T15:38:35.650] [DEBUG] debug-file - project has submodules:entry
[2026-05-19T15:38:35.662] [DEBUG] debug-file - Executing task :entry:default@PreBuild
[2026-05-19T15:38:35.728] [DEBUG] debug-file - Executing task :entry:default@GenerateMetadata
[2026-05-19T15:38:35.731] [DEBUG] debug-file - Executing task :entry:default@CreateBuildProfile
[2026-05-19T15:38:35.732] [DEBUG] debug-file - Executing task :entry:default@PreCheckSyscap
[2026-05-19T15:38:35.737] [DEBUG] debug-file - Executing task :entry:default@ProcessIntegratedHsp
[2026-05-19T15:38:35.732] [DEBUG] debug-file - Executing task :entry:default@GeneratePkgContextInfo
[2026-05-19T15:38:35.738] [DEBUG] debug-file - Executing task :entry:default@MakePackInfo
[2026-05-19T15:38:35.737] [DEBUG] debug-file - Executing task :entry:default@BuildNativeWithCmake
[2026-05-19T15:38:35.739] [DEBUG] debug-file - Executing task :entry:default@SyscapTransform
[2026-05-19T15:38:35.740] [DEBUG] debug-file - Executing task :entry:default@ProcessProfile
[2026-05-19T15:38:35.741] [DEBUG] debug-file - Executing task :entry:default@ProcessRouterMap
[2026-05-19T15:38:35.742] [DEBUG] debug-file - Executing task :entry:default@ProcessShareConfig
[2026-05-19T15:38:35.743] [DEBUG] debug-file - Executing task :entry:default@ProcessStartupConfig
[2026-05-19T15:38:35.752] [DEBUG] debug-file - Executing task :entry:default@CompileResource
[2026-05-19T15:38:35.744] [DEBUG] debug-file - Executing task :entry:default@BuildNativeWithNinja
[2026-05-19T15:38:35.747] [DEBUG] debug-file - Executing task :entry:default@GenerateLoaderJson
[2026-05-19T15:38:35.750] [DEBUG] debug-file - Executing task :entry:default@ProcessLibs
[2026-05-19T15:38:35.745] [DEBUG] debug-file - Executing task :entry:default@ProcessResource
[2026-05-19T15:38:34.625] [DEBUG] debug-file - env: hvigor-config.json5 content = { modelVersion: '6.0.2', dependencies: {} }
[2026-05-19T15:38:34.795] [DEBUG] debug-file - Cache service initialization finished in 3 ms 
[2026-05-19T15:38:35.499] [DEBUG] debug-file - hvigorfile, binding system plugins { appTasks: [Getter] }
[2026-05-19T15:38:35.499] [DEBUG] debug-file - App plugin prepare start...
[2026-05-19T15:38:35.597] [DEBUG] debug-file - App plugin register hook end...
[2026-05-19T15:38:35.598] [DEBUG] debug-file - Picking option from product 'default' with build mode 'debug'.
[2026-05-19T15:38:35.600] [DEBUG] debug-file - No signingConfig found, initRemoteHspCache failed.
[2026-05-19T15:38:35.632] [DEBUG] debug-file - Sdk init in 32 ms 
[2026-05-19T15:38:35.635] [DEBUG] debug-file - hvigorfile, resolve finished /Users/jordanzt/Work/HuaweiWork/Others/Projects/JungleTestLabs/opencalc-harmonyos/hvigorfile.ts
[2026-05-19T15:38:35.646] [DEBUG] debug-file - Target 'default' config initialized
[2026-05-19T15:38:35.656] [DEBUG] debug-file - Module entry Collected Dependency: 
[2026-05-19T15:38:35.652] [DEBUG] debug-file - load to the disk finished
[2026-05-19T15:38:35.663] [DEBUG] debug-file - Task 'entry:default@PreBuild' cost while wrapping incremental declarations: 1 ms 
[2026-05-19T15:38:35.728] [DEBUG] debug-file - Task 'entry:default@GenerateMetadata' cost while wrapping incremental declarations: 1 ms 
[2026-05-19T15:38:35.731] [DEBUG] debug-file - Task 'entry:default@CreateBuildProfile' cost while wrapping incremental declarations: 1 ms 
[2026-05-19T15:38:35.732] [DEBUG] debug-file - entry : default@PreCheckSyscap cost memory 0.01373291015625
[2026-05-19T15:38:35.737] [DEBUG] debug-file - entry:default@ProcessIntegratedHsp is not up-to-date, since the output file '/Users/jordanzt/Work/HuaweiWork/Others/Projects/JungleTestLabs/opencalc-harmonyos/build/cache/default/integrated_hsp/integratedHspCache.json' does not exist.
[2026-05-19T15:38:35.736] [DEBUG] debug-file - Task 'entry:default@GeneratePkgContextInfo' cost while wrapping incremental declarations: 1 ms 
[2026-05-19T15:38:35.739] [DEBUG] debug-file - Incremental task entry:default@MakePackInfo pre-execution cost: 1 ms .
[2026-05-19T15:38:35.738] [DEBUG] debug-file - entry : default@BuildNativeWithCmake cost memory 0.0133209228515625
[2026-05-19T15:38:35.739] [DEBUG] debug-file - File: '/Users/jordanzt/Work/HuaweiWork/Others/Projects/JungleTestLabs/opencalc-harmonyos/entry/src/main/syscap.json' from 'sysCapJsonPath' is not exists, just ignore.
[2026-05-19T15:38:35.741] [DEBUG] debug-file - Task 'entry:default@ProcessProfile' cost while wrapping incremental declarations: 1 ms 
[2026-05-19T15:38:35.742] [DEBUG] debug-file - Incremental task entry:default@ProcessRouterMap pre-execution cost: 1 ms .
[2026-05-19T15:38:35.743] [DEBUG] debug-file - Incremental task entry:default@ProcessShareConfig pre-execution cost: 1 ms .
[2026-05-19T15:38:35.743] [DEBUG] debug-file - Task 'entry:default@ProcessStartupConfig' cost while wrapping incremental declarations: 1 ms 
[2026-05-19T15:38:35.752] [DEBUG] debug-file - entry:default@CompileResource is not up-to-date, since the input file '/Users/jordanzt/Work/HuaweiWork/Others/Projects/JungleTestLabs/opencalc-harmonyos/entry/build/default/intermediates/res/default/resConfig.json' has been changed.
[2026-05-19T15:38:35.744] [DEBUG] debug-file - entry : default@BuildNativeWithNinja cost memory 0.0206756591796875
[2026-05-19T15:38:35.748] [DEBUG] debug-file - Task 'entry:default@GenerateLoaderJson' cost while wrapping incremental declarations: 1 ms 
[2026-05-19T15:38:35.751] [DEBUG] debug-file - Incremental task entry:default@ProcessLibs pre-execution cost: 1 ms .
[2026-05-19T15:38:35.745] [DEBUG] debug-file - Task 'entry:default@ProcessResource' cost while wrapping incremental declarations: 1 ms 
[2026-05-19T15:38:35.758] [DEBUG] debug-file - current process  memoryUsage: {
  rss: 268353536,
  heapTotal: 169590784,
  heapUsed: 134717832,
  external: 2983832,
  arrayBuffers: 176064
} os memoryUsage :15.78131103515625
[2026-05-19T15:38:34.626] [DEBUG] debug-file - env: daemon=false
[2026-05-19T15:38:34.796] [DEBUG] debug-file - hvigorfile, resolving /Users/jordanzt/Work/HuaweiWork/Others/Projects/JungleTestLabs/opencalc-harmonyos/hvigorfile.ts
[2026-05-19T15:38:35.499] [DEBUG] debug-file - App plugin prepare end...
[2026-05-19T15:38:35.597] [DEBUG] debug-file - Plugin build process completed
[2026-05-19T15:38:35.598] [DEBUG] debug-file - Product 'default' build option initialized
[2026-05-19T15:38:35.602] [DEBUG] debug-file - Local scan or download HarmonyOS sdk components toolchains,ets,js,native,previewer
[2026-05-19T15:38:35.636] [DEBUG] debug-file - hvigorfile, resolving /Users/jordanzt/Work/HuaweiWork/Others/Projects/JungleTestLabs/opencalc-harmonyos/entry/hvigorfile.ts
[2026-05-19T15:38:35.646] [DEBUG] debug-file - Module 'entry' target 'default' build option initialized
[2026-05-19T15:38:35.656] [DEBUG] debug-file - Module entry's total dependency: 0
[2026-05-19T15:38:35.652] [DEBUG] debug-file - Start to initialize dependency information.
[2026-05-19T15:38:35.665] [DEBUG] debug-file - entry:default@PreBuild is not up-to-date, since the task snapshots are different.
[2026-05-19T15:38:35.729] [DEBUG] debug-file - Incremental task entry:default@GenerateMetadata pre-execution cost: 1 ms .
[2026-05-19T15:38:35.731] [DEBUG] debug-file - Incremental task entry:default@CreateBuildProfile pre-execution cost: 1 ms .
[2026-05-19T15:38:35.732] [DEBUG] debug-file - runTaskFromQueue task cost before running: 943 ms 
[2026-05-19T15:38:35.737] [DEBUG] debug-file - Incremental task entry:default@ProcessIntegratedHsp pre-execution cost: 1 ms .
[2026-05-19T15:38:35.736] [DEBUG] debug-file - entry : default@GeneratePkgContextInfo cost memory 0.6007461547851562
[2026-05-19T15:38:35.739] [DEBUG] debug-file - entry : default@MakePackInfo cost memory 0.09600830078125
[2026-05-19T15:38:35.738] [DEBUG] debug-file - runTaskFromQueue task cost before running: 949 ms 
[2026-05-19T15:38:35.739] [DEBUG] debug-file - Task 'entry:default@SyscapTransform' cost while wrapping incremental declarations: 1 ms 
[2026-05-19T15:38:35.741] [DEBUG] debug-file - Incremental task entry:default@ProcessProfile pre-execution cost: 1 ms .
[2026-05-19T15:38:35.742] [DEBUG] debug-file - entry : default@ProcessRouterMap cost memory 0.1175384521484375
[2026-05-19T15:38:35.743] [DEBUG] debug-file - entry : default@ProcessShareConfig cost memory 0.098785400390625
[2026-05-19T15:38:35.743] [DEBUG] debug-file - entry:default@ProcessStartupConfig is not up-to-date, since the output file '/Users/jordanzt/Work/HuaweiWork/Others/Projects/JungleTestLabs/opencalc-harmonyos/entry/build/default/intermediates/startup/default/startup_config.json' does not exist.
[2026-05-19T15:38:35.752] [DEBUG] debug-file - Incremental task entry:default@CompileResource pre-execution cost: 1 ms .
[2026-05-19T15:38:35.744] [DEBUG] debug-file - runTaskFromQueue task cost before running: 956 ms 
[2026-05-19T15:38:35.749] [DEBUG] debug-file - Incremental task entry:default@GenerateLoaderJson pre-execution cost: 1 ms .
[2026-05-19T15:38:35.751] [DEBUG] debug-file - entry : default@ProcessLibs cost memory 0.08734893798828125
[2026-05-19T15:38:35.746] [DEBUG] debug-file - entry:default@ProcessResource is not up-to-date, since the task snapshots are different.
[2026-05-19T15:38:34.626] [DEBUG] debug-file - no-daemon, use the parent process.execArgv --max-old-space-size=8192,--max-semi-space-size=16,--expose-gc
[2026-05-19T15:38:35.499] [DEBUG] debug-file - App plugin creating...
[2026-05-19T15:38:35.598] [DEBUG] debug-file - End initialize project's product build option map with build mode 'debug'.
[2026-05-19T15:38:35.607] [DEBUG] debug-file - Local scan or download hmscore sdk components toolchains,ets,native
[2026-05-19T15:38:35.639] [DEBUG] debug-file - hvigorfile, require result:  { hapTasks: [Getter] }
[2026-05-19T15:38:35.646] [DEBUG] debug-file - End initialize module-target build option map, moduleName=entry
[2026-05-19T15:38:35.658] [DEBUG] debug-file - Configuration phase cost:863 ms 
[2026-05-19T15:38:35.655] [DEBUG] debug-file - Module opencalc-harmonyos Collected Dependency: 
[2026-05-19T15:38:35.665] [DEBUG] debug-file - Incremental task entry:default@PreBuild pre-execution cost: 2 ms .
[2026-05-19T15:38:35.729] [DEBUG] debug-file - entry : default@GenerateMetadata cost memory 0.0748291015625
[2026-05-19T15:38:35.731] [DEBUG] debug-file - entry : default@CreateBuildProfile cost memory 0.07936859130859375
[2026-05-19T15:38:35.732] [INFO] debug-file - Finished :entry:default@PreCheckSyscap... after 1 ms 
[2026-05-19T15:38:35.737] [DEBUG] debug-file - entry : default@ProcessIntegratedHsp cost memory 0.050750732421875
[2026-05-19T15:38:35.736] [DEBUG] debug-file - runTaskFromQueue task cost before running: 947 ms 
[2026-05-19T15:38:35.739] [INFO] debug-file - UP-TO-DATE :entry:default@MakePackInfo...  
[2026-05-19T15:38:35.738] [INFO] debug-file - Finished :entry:default@BuildNativeWithCmake... after 1 ms 
[2026-05-19T15:38:35.739] [DEBUG] debug-file - entry:default@SyscapTransform is not up-to-date, since the input file '/Applications/DevEco-Studio.app/contents/sdk/default/HarmonyOS-6.0.2/toolchains/syscap_tool' has been changed.
[2026-05-19T15:38:35.741] [DEBUG] debug-file - entry : default@ProcessProfile cost memory 0.117034912109375
[2026-05-19T15:38:35.742] [INFO] debug-file - UP-TO-DATE :entry:default@ProcessRouterMap...  
[2026-05-19T15:38:35.743] [INFO] debug-file - UP-TO-DATE :entry:default@ProcessShareConfig...  
[2026-05-19T15:38:35.743] [DEBUG] debug-file - Incremental task entry:default@ProcessStartupConfig pre-execution cost: 1 ms .
[2026-05-19T15:38:35.757] [DEBUG] debug-file - Use tool [/Applications/DevEco-Studio.app/contents/sdk/default/HarmonyOS-6.0.2/toolchains/restool]
 [
  '/Applications/DevEco-Studio.app/contents/sdk/default/HarmonyOS-6.0.2/toolchains/restool',
  '-l',
  '/Users/jordanzt/Work/HuaweiWork/Others/Projects/JungleTestLabs/opencalc-harmonyos/entry/build/default/intermediates/res/default/resConfig.json'
]
[2026-05-19T15:38:35.744] [INFO] debug-file - Finished :entry:default@BuildNativeWithNinja... after 1 ms 
[2026-05-19T15:38:35.749] [DEBUG] debug-file - entry : default@GenerateLoaderJson cost memory 0.4493865966796875
[2026-05-19T15:38:35.751] [INFO] debug-file - UP-TO-DATE :entry:default@ProcessLibs...  
[2026-05-19T15:38:35.746] [DEBUG] debug-file - Incremental task entry:default@ProcessResource pre-execution cost: 1 ms .
[2026-05-19T15:38:35.639] [DEBUG] debug-file - hvigorfile, binding system plugins { hapTasks: [Getter] }
[2026-05-19T15:38:35.646] [DEBUG] debug-file - Start initialize module-target build option map, moduleName=entry, buildMode=release
[2026-05-19T15:38:35.659] [DEBUG] debug-file - Configuration task cost before running: 871 ms 
[2026-05-19T15:38:35.655] [DEBUG] debug-file - Module opencalc-harmonyos's total dependency: 0
[2026-05-19T15:38:35.711] [WARN] debug-file - Currently, the device type 'phone' is not supported in module.json5 or config.json. You are advised to change the device type to 'default'.
[2026-05-19T15:38:35.729] [INFO] debug-file - UP-TO-DATE :entry:default@GenerateMetadata...  
[2026-05-19T15:38:35.731] [INFO] debug-file - UP-TO-DATE :entry:default@CreateBuildProfile...  
[2026-05-19T15:38:35.737] [DEBUG] debug-file - runTaskFromQueue task cost before running: 949 ms 
[2026-05-19T15:38:35.736] [INFO] debug-file - Finished :entry:default@GeneratePkgContextInfo... after 4 ms 
[2026-05-19T15:38:35.739] [DEBUG] debug-file - Incremental task entry:default@SyscapTransform pre-execution cost: 1 ms .
[2026-05-19T15:38:35.741] [INFO] debug-file - UP-TO-DATE :entry:default@ProcessProfile...  
[2026-05-19T15:38:35.743] [DEBUG] debug-file - entry : default@ProcessStartupConfig cost memory 0.08266448974609375
[2026-05-19T15:38:35.744] [DEBUG] debug-file - restool module names: entry; moduleName=entry, taskName=default@ProcessResource
[2026-05-19T15:38:35.750] [INFO] debug-file - UP-TO-DATE :entry:default@GenerateLoaderJson...  
[2026-05-19T15:38:35.751] [DEBUG] debug-file - restool module names: entry; moduleName=entry, taskName=default@CompileResource
[2026-05-19T15:38:35.746] [DEBUG] debug-file - entry : default@ProcessResource cost memory 0.1495208740234375
[2026-05-19T15:38:35.639] [DEBUG] debug-file - Starting plugin build process
[2026-05-19T15:38:35.646] [DEBUG] debug-file - Target 'default' config initialized
[2026-05-19T15:38:35.659] [DEBUG] debug-file - Executing task ::PreBuildApp
[2026-05-19T15:38:35.726] [DEBUG] debug-file - current product is not Atomic service.
[2026-05-19T15:38:35.729] [DEBUG] debug-file - Executing task :entry:default@ConfigureCmake
[2026-05-19T15:38:35.737] [INFO] debug-file - Finished :entry:default@ProcessIntegratedHsp... after 1 ms 
[2026-05-19T15:38:35.739] [DEBUG] debug-file - entry : default@SyscapTransform cost memory 0.06050872802734375
[2026-05-19T15:38:35.743] [DEBUG] debug-file - runTaskFromQueue task cost before running: 955 ms 
[2026-05-19T15:38:35.746] [DEBUG] debug-file - runTaskFromQueue task cost before running: 958 ms 
[2026-05-19T15:38:35.639] [DEBUG] debug-file - Hap plugin creating...
[2026-05-19T15:38:35.646] [DEBUG] debug-file - Module 'entry' target 'default' build option initialized
[2026-05-19T15:38:35.660] [DEBUG] debug-file - opencalc-harmonyos : PreBuildApp cost memory 0.01418304443359375
[2026-05-19T15:38:35.726] [DEBUG] debug-file - Use tool [darwin: JAVA_HOME, CLASSPATH]
 [
  {
    JAVA_HOME: '/Applications/DevEco-Studio.app/Contents/jbr/Contents/Home'
  },
  { CLASSPATH: undefined }
]
[2026-05-19T15:38:35.729] [DEBUG] debug-file - entry : default@ConfigureCmake cost memory 0.01210784912109375
[2026-05-19T15:38:35.739] [DEBUG] debug-file - runTaskFromQueue task cost before running: 951 ms 
[2026-05-19T15:38:35.744] [INFO] debug-file - Finished :entry:default@ProcessStartupConfig... after 1 ms 
[2026-05-19T15:38:35.747] [INFO] debug-file - Finished :entry:default@ProcessResource... after 2 ms 
[2026-05-19T15:38:35.646] [DEBUG] debug-file - End initialize module-target build option map, moduleName=entry
[2026-05-19T15:38:35.660] [DEBUG] debug-file - runTaskFromQueue task cost before running: 871 ms 
[2026-05-19T15:38:35.726] [DEBUG] debug-file - Use tool [darwin: NODE_HOME]
 [ { NODE_HOME: undefined } ]
[2026-05-19T15:38:35.729] [DEBUG] debug-file - runTaskFromQueue task cost before running: 941 ms 
[2026-05-19T15:38:35.740] [INFO] debug-file - Finished :entry:default@SyscapTransform... after 1 ms 
[2026-05-19T15:38:35.646] [DEBUG] debug-file - Start initialize module-target build option map, moduleName=entry, buildMode=debug
[2026-05-19T15:38:35.660] [INFO] debug-file - Finished ::PreBuildApp... after 1 ms 
[2026-05-19T15:38:35.726] [DEBUG] debug-file - entry : default@PreBuild cost memory 6.0848388671875
[2026-05-19T15:38:35.729] [INFO] debug-file - Finished :entry:default@ConfigureCmake... after 1 ms 
[2026-05-19T15:38:35.646] [DEBUG] debug-file - Target 'default' config initialized
[2026-05-19T15:38:35.726] [DEBUG] debug-file - runTaskFromQueue task cost before running: 938 ms 
[2026-05-19T15:38:35.730] [DEBUG] debug-file - Executing task :entry:default@MergeProfile
[2026-05-19T15:38:35.646] [DEBUG] debug-file - Module 'entry' target 'default' build option initialized
[2026-05-19T15:38:35.726] [INFO] debug-file - Finished :entry:default@PreBuild... after 64 ms 
[2026-05-19T15:38:35.730] [DEBUG] debug-file - Task 'entry:default@MergeProfile' cost while wrapping incremental declarations: 1 ms 
[2026-05-19T15:38:35.646] [DEBUG] debug-file - End initialize module-target build option map, moduleName=entry
[2026-05-19T15:38:35.727] [DEBUG] debug-file - Executing task ::DuplicateDependencyCheck
[2026-05-19T15:38:35.730] [DEBUG] debug-file - Incremental task entry:default@MergeProfile pre-execution cost: 1 ms .
[2026-05-19T15:38:35.647] [DEBUG] debug-file - Obtain build option for module 'entry' target 'default'in this build.
[2026-05-19T15:38:35.727] [DEBUG] debug-file - opencalc-harmonyos : DuplicateDependencyCheck cost memory 0.01146697998046875
[2026-05-19T15:38:35.730] [DEBUG] debug-file - entry : default@MergeProfile cost memory 0.10675811767578125
[2026-05-19T15:38:35.727] [DEBUG] debug-file - runTaskFromQueue task cost before running: 938 ms 
[2026-05-19T15:38:35.649] [DEBUG] debug-file - Module entry task initialization takes 3 ms 
[2026-05-19T15:38:35.730] [INFO] debug-file - UP-TO-DATE :entry:default@MergeProfile...  
[2026-05-19T15:38:35.727] [INFO] debug-file - Finished ::DuplicateDependencyCheck... after 1 ms 
[2026-05-19T15:38:35.649] [DEBUG] debug-file - Hap plugin register hook start...
[2026-05-19T15:38:35.727] [DEBUG] debug-file - Executing task :entry:default@CreateModuleInfo
[2026-05-19T15:38:35.649] [DEBUG] debug-file - Hap plugin register hook end...
[2026-05-19T15:38:35.727] [DEBUG] debug-file - Task 'entry:default@CreateModuleInfo' cost while wrapping incremental declarations: 1 ms 
[2026-05-19T15:38:35.649] [DEBUG] debug-file - Plugin build process completed
[2026-05-19T15:38:35.727] [DEBUG] debug-file - entry : default@CreateModuleInfo cost memory 0.0360107421875
[2026-05-19T15:38:35.649] [DEBUG] debug-file - hvigorfile, resolve finished /Users/jordanzt/Work/HuaweiWork/Others/Projects/JungleTestLabs/opencalc-harmonyos/entry/hvigorfile.ts
[2026-05-19T15:38:35.727] [DEBUG] debug-file - runTaskFromQueue task cost before running: 939 ms 
[2026-05-19T15:38:35.727] [INFO] debug-file - Finished :entry:default@CreateModuleInfo... after 1 ms 
[2026-05-19T15:38:35.772] [DEBUG] debug-file - Info: Pack: normal pack mode

[2026-05-19T15:38:35.792] [DEBUG] debug-file - Info: hardware concurrency count is : 12
Info: thread count is : 12
Info: thread pool is started

[2026-05-19T15:38:35.792] [DEBUG] debug-file - Info: GenericCompiler::CompileFiles

[2026-05-19T15:38:35.793] [DEBUG] debug-file - Info: GenericCompiler::CompileFiles

[2026-05-19T15:38:35.794] [DEBUG] debug-file - 05-19 15:38:35.794 73152 5850461 E C01400/ImageTranscoderUtils: DecodeToRGBA IN

[2026-05-19T15:38:35.794] [DEBUG] debug-file - 05-19 15:38:35.794 73152 5850461 E C01400/ImageTranscoderUtils: ImageFilter IN /Users/jordanzt/Work/HuaweiWork/Others/Projects/JungleTestLabs/opencalc-harmonyos/entry/src/main/resources/base/media/app_icon.png

[2026-05-19T15:38:35.796] [DEBUG] debug-file - 05-19 15:38:35.796 73152 5850461 E C01400/ImageTranscoder: TranscodeSLR Only zoom-out is supported.

[2026-05-19T15:38:35.796] [DEBUG] debug-file - Warning: ScaleImage failed, error message: INVALID_PARAMETERS, file path = /Users/jordanzt/Work/HuaweiWork/Others/Projects/JungleTestLabs/opencalc-harmonyos/entry/src/main/resources/base/media/app_icon.png

[2026-05-19T15:38:35.796] [DEBUG] debug-file - Info: restool resources compile success.

[2026-05-19T15:38:35.796] [DEBUG] debug-file - Info: thread pool is stopped

[2026-05-19T15:38:35.797] [WARN] debug-file - Warning: 'record' node is empty, please check the JSON file.
at /Applications/DevEco-Studio.app/Contents/sdk/default/hms/toolchains/id_defined.json
Warning: 'record' node is empty, please check the JSON file.
at /Applications/DevEco-Studio.app/contents/sdk/default/HarmonyOS-6.0.2/toolchains/id_defined.json

[2026-05-19T15:38:35.798] [DEBUG] debug-file - entry : default@CompileResource cost memory -8.405044555664062
[2026-05-19T15:38:35.807] [DEBUG] debug-file - Create  resident worker with id: 0.
[2026-05-19T15:38:35.800] [DEBUG] debug-file - Executing task :entry:default@CompileArkTS
[2026-05-19T15:38:35.799] [DEBUG] debug-file - Executing task :entry:default@DoNativeStrip
[2026-05-19T15:38:35.811] [DEBUG] debug-file - Executing task :entry:default@BuildJS
[2026-05-19T15:38:35.812] [DEBUG] debug-file - Executing task :entry:default@CacheNativeLibs
[2026-05-19T15:38:35.808] [DEBUG] debug-file - Create  resident worker with id: 1.
[2026-05-19T15:38:35.800] [DEBUG] debug-file - obfuscationOptions: undefined
[2026-05-19T15:38:35.811] [DEBUG] debug-file - Task 'entry:default@BuildJS' cost while wrapping incremental declarations: 1 ms 
[2026-05-19T15:38:35.809] [DEBUG] debug-file - default@CompileArkTS work[0] is submitted.
[2026-05-19T15:38:35.800] [DEBUG] debug-file - Task 'entry:default@CompileArkTS' cost while wrapping incremental declarations: 1 ms 
[2026-05-19T15:38:35.812] [DEBUG] debug-file - Task 'entry:default@CacheNativeLibs' cost while wrapping incremental declarations: 1 ms 
[2026-05-19T15:38:35.811] [DEBUG] debug-file - entry : default@BuildJS cost memory 0.12178802490234375
[2026-05-19T15:38:35.809] [DEBUG] debug-file - default@CompileArkTS work[0] is pushed to ready queue.
[2026-05-19T15:38:35.799] [DEBUG] debug-file - Task 'entry:default@DoNativeStrip' cost while wrapping incremental declarations: 1 ms 
[2026-05-19T15:38:35.801] [DEBUG] debug-file - entry:default@CompileArkTS is not up-to-date, since the input file '/Users/jordanzt/Work/HuaweiWork/Others/Projects/JungleTestLabs/opencalc-harmonyos/entry/build/default/intermediates/res/default/ResourceTable.txt' has been changed.
[2026-05-19T15:38:35.812] [DEBUG] debug-file - Incremental task entry:default@CacheNativeLibs pre-execution cost: 1 ms .
[2026-05-19T15:38:35.798] [DEBUG] debug-file - runTaskFromQueue task cost before running: 1 s 9 ms 
[2026-05-19T15:38:35.811] [DEBUG] debug-file - runTaskFromQueue task cost before running: 1 s 23 ms 
[2026-05-19T15:38:35.801] [DEBUG] debug-file - Incremental task entry:default@CompileArkTS pre-execution cost: 1 ms .
[2026-05-19T15:38:35.799] [DEBUG] debug-file - Incremental task entry:default@DoNativeStrip pre-execution cost: 1 ms .
[2026-05-19T15:38:35.811] [INFO] debug-file - Finished :entry:default@BuildJS... after 1 ms 
[2026-05-19T15:38:35.806] [DEBUG] debug-file - build config:
[2026-05-19T15:38:35.798] [INFO] debug-file - Finished :entry:default@CompileResource... after 47 ms 
[2026-05-19T15:38:35.812] [DEBUG] debug-file - entry : default@CacheNativeLibs cost memory 0.25504302978515625
[2026-05-19T15:38:35.806] [DEBUG] debug-file - {
  moduleType: 'entry',
  perf: 0,
  targetName: '.default',
  packageManagerType: 'ohpm',
  localPropertiesPath: '/Users/jordanzt/Work/HuaweiWork/Others/Projects/JungleTestLabs/opencalc-harmonyos/local.properties',
  isPreview: false,
  isOhosTest: false,
  isLocalTest: false,
  buildMode: 'Debug',
  hotReloadBuild: undefined,
  watchMode: 'false',
  aceProfilePath: '/Users/jordanzt/Work/HuaweiWork/Others/Projects/JungleTestLabs/opencalc-harmonyos/entry/build/default/intermediates/res/default/resources/base/profile',
  etsLoaderPath: '/Applications/DevEco-Studio.app/Contents/sdk/default/openharmony/ets/build-tools/ets-loader',
  modulePath: '/Users/jordanzt/Work/HuaweiWork/Others/Projects/JungleTestLabs/opencalc-harmonyos/entry',
  testFrameworkPar: {
    testMode: undefined,
    coveragePathFilter: undefined,
    coverageMode: undefined
  },
  needCoverageInsert: false,
  debugLine: false,
  projectTopDir: '/Users/jordanzt/Work/HuaweiWork/Others/Projects/JungleTestLabs/opencalc-harmonyos',
  compileSdkVersion: 22,
  compatibleSdkVersion: 22,
  originCompatibleSdkVersion: '6.0.2(22)',
  compatibleSdkVersionStage: undefined,
  bundleName: 'c***r',
  etsLoaderVersion: '6.0.2.130',
  etsLoaderReleaseType: 'Release',
  aotCompileMode: 'type',
  apPath: '/Users/jordanzt/Work/HuaweiWork/Others/Projects/JungleTestLabs/opencalc-harmonyos/entry/modules.ap',
  entryModuleName: 'entry',
  entryModuleVersion: '1.0.0',
  entryPackageName: 'entry',
  allModuleNameHash: '6671a194f23c271af8c958055775f1e8fca00d4e2e30f4305728b40b020624b2',
  externalApiPaths: [
    '/Applications/DevEco-Studio.app/contents/sdk/default/HarmonyOS-6.0.2/ets'
  ],
  compilerTypes: [],
  isCrossplatform: false,
  hvigorPluginFile: undefined,
  compilePluginPath: undefined,
  buildGeneratedProfilePath: '/Users/jordanzt/Work/HuaweiWork/Others/Projects/JungleTestLabs/opencalc-harmonyos/entry/build/default/generated/profile/default',
  bundleType: 'app',
  arkTSVersion: undefined,
  apiVersion: 22,
  needCompleteSourcesMap: false,
  isFaMode: false,
  buildDir: '/Users/jordanzt/Work/HuaweiWork/Others/Projects/JungleTestLabs/opencalc-harmonyos/entry/build',
  deviceTypes: [ 'phone', 'tablet' ],
  pkgContextInfo: undefined,
  ohPackagePathMap: {},
  dependencyAliasMap: {},
  permission: { requestPermissions: [ [Object] ], definePermissions: undefined },
  useGetCurrentBundleName: false,
  projectArkOption: undefined,
  sourceMapDir: undefined,
  branchElimination: false,
  transformLib: undefined,
  tsImportSendable: false,
  resolveConflictMode: true,
  depName2RootPath: {},
  depName2DepInfo: {},
  rootPathSet: [
    '/Users/jordanzt/Work/HuaweiWork/Others/Projects/JungleTestLabs/opencalc-harmonyos'
  ],
  useNativeResolver: true,
  shouldEmitJs: true,
  useTscResolve: false,
  singleFileEmit: false,
  userProjectConfig: {
    autoLazyImport: false,
    allowEmptyBundleName: false,
    reExportCheckMode: 'noCheck',
    executionMode: 'memory',
    usePathPlaceholder: false,
    writeRollupCache: true,
    isExpandImportEnabled: false,
    expandImportExclude: '',
    lazyImportExclude: '',
    lazyImportInclude: '',
    ignoreCrossplatformCheck: false,
    isHarDeduplicateEnabled: false,
    skipOhModulesLint: false,
    enableStrictCheckOHModule: false,
    disableSendableCheckRules: [],
    useDeclarationFileSignature: false,
    customizedOptions: undefined,
    integratedHsp: false,
    isPreloadSoEnabled: false
  },
  executionMode: 'memory',
  arkCompileCachePath: '/Users/jordanzt/Work/HuaweiWork/Others/Projects/JungleTestLabs/opencalc-harmonyos/entry/build/default/cache/default/default@CompileArkTS/esmodule',
  autoLazyFilter: undefined,
  isHarDeduplicateEnabled: false,
  intermediateHarDuplicateDirPath: '/Users/jordanzt/Work/HuaweiWork/Others/Projects/JungleTestLabs/opencalc-harmonyos/entry/build/default/intermediates/har_duplicate/default',
  autoLazyImport: false,
  allowEmptyBundleName: false,
  reExportCheckMode: 'noCheck',
  usePathPlaceholder: false,
  writeRollupCache: true,
  isExpandImportEnabled: false,
  expandImportExclude: '',
  lazyImportExclude: '',
  lazyImportInclude: '',
  ignoreCrossplatformCheck: false,
  skipOhModulesLint: false,
  enableStrictCheckOHModule: false,
  disableSendableCheckRules: [],
  useDeclarationFileSignature: false,
  customizedOptions: undefined,
  integratedHsp: false,
  isPreloadSoEnabled: false,
  strictMode: undefined,
  useNormalizedOHMUrl: false,
  caseSensitiveCheck: false,
  aceModuleJsonPath: '/Users/jordanzt/Work/HuaweiWork/Others/Projects/JungleTestLabs/opencalc-harmonyos/entry/build/default/intermediates/res/default/ark_module.json',
  appResource: '/Users/jordanzt/Work/HuaweiWork/Others/Projects/JungleTestLabs/opencalc-harmonyos/entry/build/default/intermediates/res/default/ResourceTable.txt',
  rawFileResource: '/Users/jordanzt/Work/HuaweiWork/Others/Projects/JungleTestLabs/opencalc-harmonyos/entry/build/default/intermediates/res/default/resources/rawfile',
  resourceTableHash: '15a61ac8d9e6adf561b61d3e27a374d205464ba7d77ce5a6c1be29eb60539798',
  runtimeOS: 'HarmonyOS',
  sdkInfo: 'false:22:6.0.2.130:Release',
  aceModuleRoot: '/Users/jordanzt/Work/HuaweiWork/Others/Projects/JungleTestLabs/opencalc-harmonyos/entry/src/main/ets',
  compileMode: 'esmodule',
  aceSuperVisualPath: '/Users/jordanzt/Work/HuaweiWork/Others/Projects/JungleTestLabs/opencalc-harmonyos/entry/src/main/supervisual',
  aceBuildJson: '/Users/jordanzt/Work/HuaweiWork/Others/Projects/JungleTestLabs/opencalc-harmonyos/entry/build/default/intermediates/loader/default/loader.json',
  cachePath: '/Users/jordanzt/Work/HuaweiWork/Others/Projects/JungleTestLabs/opencalc-harmonyos/entry/build/default/cache/default/default@CompileArkTS/esmodule/debug',
  aceModuleBuild: '/Users/jordanzt/Work/HuaweiWork/Others/Projects/JungleTestLabs/opencalc-harmonyos/entry/build/default/intermediates/loader_out/default/ets',
  supportChunks: true,
  declaredFilesPath: undefined,
  shouldCollectDirectImportees: false,
  isByteCodeHarOptimize: false,
  expandImportPath: undefined,
  pkgNameToPkgBriefInfo: {
    entry: {
      pkgRoot: '/Users/jordanzt/Work/HuaweiWork/Others/Projects/JungleTestLabs/opencalc-harmonyos/entry',
      originalSourceRoots: undefined,
      sourceRoots: [Array],
      pkgName: 'entry'
    }
  },
  projectModel: {
    '/Users/jordanzt/Work/HuaweiWork/Others/Projects/JungleTestLabs/opencalc-harmonyos/entry/src/main': {
      moduleName: 'entry',
      modulePkgPath: '/Users/jordanzt/Work/HuaweiWork/Others/Projects/JungleTestLabs/opencalc-harmonyos/entry',
      belongProjectPath: '/Users/jordanzt/Work/HuaweiWork/Others/Projects/JungleTestLabs/opencalc-harmonyos'
    },
    '/Users/jordanzt/Work/HuaweiWork/Others/Projects/JungleTestLabs/opencalc-harmonyos/entry': {
      moduleName: 'entry',
      modulePkgPath: '/Users/jordanzt/Work/HuaweiWork/Others/Projects/JungleTestLabs/opencalc-harmonyos/entry',
      belongProjectPath: '/Users/jordanzt/Work/HuaweiWork/Others/Projects/JungleTestLabs/opencalc-harmonyos'
    },
    '/Users/jordanzt/Work/HuaweiWork/Others/Projects/JungleTestLabs/opencalc-harmonyos': {
      moduleName: 'opencalc-harmonyos',
      modulePkgPath: '/Users/jordanzt/Work/HuaweiWork/Others/Projects/JungleTestLabs/opencalc-harmonyos',
      belongProjectPath: '/Users/jordanzt/Work/HuaweiWork/Others/Projects/JungleTestLabs/opencalc-harmonyos'
    }
  },
  pkgJsonFileHash: '9598d6ed3debbacd1532769d4ef187be335bd6b4f7ea12b707b184fd0505ba47',
  allModulePaths: [
    '/Users/jordanzt/Work/HuaweiWork/Others/Projects/JungleTestLabs/opencalc-harmonyos/entry'
  ],
  routerMap: {},
  obfuscationOptions: undefined,
  byteCodeHarToDependencyKeys: undefined,
  compileBlockPkg: [],
  mockParams: {
    decorator: '@MockSetup',
    packageName: '@ohos/hamock',
    etsSourceRootPath: 'src/main/ets',
    mockConfigPath: undefined,
    mockConfigKey2ModuleInfo: {},
    source2ModuleIdMap: {}
  },
  copyCodeResourceEnable: true,
  copyCodeResourceExcludes: [],
  copyCodeResourceIncludes: undefined,
  uiTransformOptimization: false,
  sdkPath: '/Applications/DevEco-Studio.app/contents/sdk/default/HarmonyOS-6.0.2',
  needPreloadSoFileSet: {},
  preloadSoFilePath: '/Users/jordanzt/Work/HuaweiWork/Others/Projects/JungleTestLabs/opencalc-harmonyos/entry/build/default/intermediates/preload/default/preload.json',
  useSourceHash: false,
  localModuleParamMap: {},
  otherPaths: {
    'entry/*': [ '../*', '../../../build/default/generated/profile/default/*' ]
  },
  collectImportersConfig: undefined
}
[2026-05-19T15:38:35.812] [INFO] debug-file - UP-TO-DATE :entry:default@CacheNativeLibs...  
[2026-05-19T15:38:35.809] [DEBUG] debug-file - A work dispatched to worker[11] failed because unable to get work from ready queue.
[2026-05-19T15:38:35.799] [DEBUG] debug-file - entry : default@DoNativeStrip cost memory 0.05850982666015625
[2026-05-19T15:38:35.806] [DEBUG] debug-file - Compile arkts with external api path: /Applications/DevEco-Studio.app/contents/sdk/default/HarmonyOS-6.0.2/ets
[2026-05-19T15:38:35.809] [DEBUG] debug-file - A work dispatched to worker[10] failed because unable to get work from ready queue.
[2026-05-19T15:38:35.799] [INFO] debug-file - UP-TO-DATE :entry:default@DoNativeStrip...  
[2026-05-19T15:38:35.806] [DEBUG] debug-file - Since there is no instance or instance is terminated, create a new worker pool.
[2026-05-19T15:38:35.809] [DEBUG] debug-file - A work dispatched to worker[9] failed because unable to get work from ready queue.
[2026-05-19T15:38:35.806] [DEBUG] debug-file - Worker pool is initialized with config:  {
  minPoolNum: 2,
  maxPoolNum: undefined,
  maxCoreSize: undefined,
  cacheCapacity: undefined,
  cacheTtl: undefined
}
[2026-05-19T15:38:35.809] [DEBUG] debug-file - A work dispatched to worker[8] failed because unable to get work from ready queue.
[2026-05-19T15:38:35.809] [DEBUG] debug-file - A work dispatched to worker[7] failed because unable to get work from ready queue.
[2026-05-19T15:38:35.809] [DEBUG] debug-file - A work dispatched to worker[6] failed because unable to get work from ready queue.
[2026-05-19T15:38:35.809] [DEBUG] debug-file - A work dispatched to worker[5] failed because unable to get work from ready queue.
[2026-05-19T15:38:35.809] [DEBUG] debug-file - Create  resident worker with id: 4.
[2026-05-19T15:38:35.810] [DEBUG] debug-file - default@CompileArkTS work[0] has been dispatched to worker[4].
[2026-05-19T15:38:35.810] [DEBUG] debug-file - default@CompileArkTS work[0] is dispatched.
[2026-05-19T15:38:35.810] [DEBUG] debug-file - CopyResources startTime: 248072662970458
[2026-05-19T15:38:35.810] [DEBUG] debug-file - default@CompileArkTS work[1] is submitted.
[2026-05-19T15:38:35.810] [DEBUG] debug-file - default@CompileArkTS work[1] is pushed to ready queue.
[2026-05-19T15:38:35.810] [DEBUG] debug-file - A work dispatched to worker[11] failed because unable to get work from ready queue.
[2026-05-19T15:38:35.810] [DEBUG] debug-file - Create  resident worker with id: 10.
[2026-05-19T15:38:35.810] [DEBUG] debug-file - default@CompileArkTS work[1] has been dispatched to worker[10].
[2026-05-19T15:38:35.810] [DEBUG] debug-file - default@CompileArkTS work[1] is dispatched.
[2026-05-19T15:38:35.810] [DEBUG] debug-file - entry : default@CompileArkTS cost memory 1.9877243041992188
[2026-05-19T15:38:36.098] [DEBUG] debug-file - worker[10] has one work done.
[2026-05-19T15:38:36.098] [DEBUG] debug-file - CopyResources is end, endTime: 248072951065708
[2026-05-19T15:38:36.098] [DEBUG] debug-file - default@CompileArkTS work[1] done.
[2026-05-19T15:38:36.098] [DEBUG] debug-file - A work dispatched to worker[10] failed because unable to get work from ready queue.
[2026-05-19T15:38:38.500] [WARN] debug-file - [33mWARN: [33m[33mArkTS:WARN File: /Users/jordanzt/Work/HuaweiWork/Others/Projects/JungleTestLabs/opencalc-harmonyos/entry/src/main/ets/pages/Index.ets:7:5
 Function may throw exceptions. Special handling is required.
[39m[39m
[33mWARN: [33m[33mArkTS:WARN File: /Users/jordanzt/Work/HuaweiWork/Others/Projects/JungleTestLabs/opencalc-harmonyos/entry/src/main/ets/pages/Index.ets:7:12
 'replaceUrl' has been deprecated.
[39m[39m
[33mWARN: [33m[33mArkTS:WARN File: /Users/jordanzt/Work/HuaweiWork/Others/Projects/JungleTestLabs/opencalc-harmonyos/entry/src/main/ets/preferences/PreferencesStore.ets:33:24
 Function may throw exceptions. Special handling is required.
[39m[39m
[33mWARN: [33m[33mArkTS:WARN File: /Users/jordanzt/Work/HuaweiWork/Others/Projects/JungleTestLabs/opencalc-harmonyos/entry/src/main/ets/preferences/PreferencesStore.ets:41:18
 Function may throw exceptions. Special handling is required.
[39m[39m
[33mWARN: [33m[33mArkTS:WARN File: /Users/jordanzt/Work/HuaweiWork/Others/Projects/JungleTestLabs/opencalc-harmonyos/entry/src/main/ets/preferences/PreferencesStore.ets:47:11
 Function may throw exceptions. Special handling is required.
[39m[39m
[33mWARN: [33m[33mArkTS:WARN File: /Users/jordanzt/Work/HuaweiWork/Others/Projects/JungleTestLabs/opencalc-harmonyos/entry/src/main/ets/preferences/PreferencesStore.ets:48:11
 Function may throw exceptions. Special handling is required.
[39m[39m
[33mWARN: [33m[33mArkTS:WARN File: /Users/jordanzt/Work/HuaweiWork/Others/Projects/JungleTestLabs/opencalc-harmonyos/entry/src/main/ets/preferences/PreferencesStore.ets:54:18
 Function may throw exceptions. Special handling is required.
[39m[39m
[33mWARN: [33m[33mArkTS:WARN File: /Users/jordanzt/Work/HuaweiWork/Others/Projects/JungleTestLabs/opencalc-harmonyos/entry/src/main/ets/preferences/PreferencesStore.ets:60:11
 Function may throw exceptions. Special handling is required.
[39m[39m
[33mWARN: [33m[33mArkTS:WARN File: /Users/jordanzt/Work/HuaweiWork/Others/Projects/JungleTestLabs/opencalc-harmonyos/entry/src/main/ets/preferences/PreferencesStore.ets:61:11
 Function may throw exceptions. Special handling is required.
[39m[39m
[33mWARN: [33m[33mArkTS:WARN File: /Users/jordanzt/Work/HuaweiWork/Others/Projects/JungleTestLabs/opencalc-harmonyos/entry/src/main/ets/preferences/PreferencesStore.ets:69:18
 Function may throw exceptions. Special handling is required.
[39m[39m
[33mWARN: [33m[33mArkTS:WARN File: /Users/jordanzt/Work/HuaweiWork/Others/Projects/JungleTestLabs/opencalc-harmonyos/entry/src/main/ets/preferences/PreferencesStore.ets:75:11
 Function may throw exceptions. Special handling is required.
[39m[39m
[33mWARN: [33m[33mArkTS:WARN File: /Users/jordanzt/Work/HuaweiWork/Others/Projects/JungleTestLabs/opencalc-harmonyos/entry/src/main/ets/preferences/PreferencesStore.ets:76:11
 Function may throw exceptions. Special handling is required.
[39m[39m
[33mWARN: [33m[33mArkTS:WARN File: /Users/jordanzt/Work/HuaweiWork/Others/Projects/JungleTestLabs/opencalc-harmonyos/entry/src/main/ets/preferences/PreferencesStore.ets:84:18
 Function may throw exceptions. Special handling is required.
[39m[39m
[33mWARN: [33m[33mArkTS:WARN File: /Users/jordanzt/Work/HuaweiWork/Others/Projects/JungleTestLabs/opencalc-harmonyos/entry/src/main/ets/preferences/PreferencesStore.ets:90:11
 Function may throw exceptions. Special handling is required.
[39m[39m
[33mWARN: [33m[33mArkTS:WARN File: /Users/jordanzt/Work/HuaweiWork/Others/Projects/JungleTestLabs/opencalc-harmonyos/entry/src/main/ets/preferences/PreferencesStore.ets:91:11
 Function may throw exceptions. Special handling is required.
[39m[39m
[33mWARN: [33m[33mArkTS:WARN File: /Users/jordanzt/Work/HuaweiWork/Others/Projects/JungleTestLabs/opencalc-harmonyos/entry/src/main/ets/preferences/PreferencesStore.ets:99:18
 Function may throw exceptions. Special handling is required.
[39m[39m
[33mWARN: [33m[33mArkTS:WARN File: /Users/jordanzt/Work/HuaweiWork/Others/Projects/JungleTestLabs/opencalc-harmonyos/entry/src/main/ets/preferences/PreferencesStore.ets:105:11
 Function may throw exceptions. Special handling is required.
[39m[39m
[33mWARN: [33m[33mArkTS:WARN File: /Users/jordanzt/Work/HuaweiWork/Others/Projects/JungleTestLabs/opencalc-harmonyos/entry/src/main/ets/preferences/PreferencesStore.ets:106:11
 Function may throw exceptions. Special handling is required.
[39m[39m
[33mWARN: [33m[33mArkTS:WARN File: /Users/jordanzt/Work/HuaweiWork/Others/Projects/JungleTestLabs/opencalc-harmonyos/entry/src/main/ets/preferences/PreferencesStore.ets:115:32
 Function may throw exceptions. Special handling is required.
[39m[39m
[33mWARN: [33m[33mArkTS:WARN File: /Users/jordanzt/Work/HuaweiWork/Others/Projects/JungleTestLabs/opencalc-harmonyos/entry/src/main/ets/preferences/PreferencesStore.ets:131:11
 Function may throw exceptions. Special handling is required.
[39m[39m
[33mWARN: [33m[33mArkTS:WARN File: /Users/jordanzt/Work/HuaweiWork/Others/Projects/JungleTestLabs/opencalc-harmonyos/entry/src/main/ets/preferences/PreferencesStore.ets:132:11
 Function may throw exceptions. Special handling is required.
[39m[39m
[33mWARN: [33m[33mArkTS:WARN File: /Users/jordanzt/Work/HuaweiWork/Others/Projects/JungleTestLabs/opencalc-harmonyos/entry/src/main/ets/preferences/PreferencesStore.ets:140:18
 Function may throw exceptions. Special handling is required.
[39m[39m
[33mWARN: [33m[33mArkTS:WARN File: /Users/jordanzt/Work/HuaweiWork/Others/Projects/JungleTestLabs/opencalc-harmonyos/entry/src/main/ets/preferences/PreferencesStore.ets:146:11
 Function may throw exceptions. Special handling is required.
[39m[39m
[33mWARN: [33m[33mArkTS:WARN File: /Users/jordanzt/Work/HuaweiWork/Others/Projects/JungleTestLabs/opencalc-harmonyos/entry/src/main/ets/preferences/PreferencesStore.ets:147:11
 Function may throw exceptions. Special handling is required.
[39m[39m
[33mWARN: [33m[33mArkTS:WARN File: /Users/jordanzt/Work/HuaweiWork/Others/Projects/JungleTestLabs/opencalc-harmonyos/entry/src/main/ets/preferences/PreferencesStore.ets:155:18
 Function may throw exceptions. Special handling is required.
[39m[39m
[33mWARN: [33m[33mArkTS:WARN File: /Users/jordanzt/Work/HuaweiWork/Others/Projects/JungleTestLabs/opencalc-harmonyos/entry/src/main/ets/preferences/PreferencesStore.ets:161:11
 Function may throw exceptions. Special handling is required.
[39m[39m
[33mWARN: [33m[33mArkTS:WARN File: /Users/jordanzt/Work/HuaweiWork/Others/Projects/JungleTestLabs/opencalc-harmonyos/entry/src/main/ets/preferences/PreferencesStore.ets:162:11
 Function may throw exceptions. Special handling is required.
[39m[39m
[33mWARN: [33m[33mArkTS:WARN File: /Users/jordanzt/Work/HuaweiWork/Others/Projects/JungleTestLabs/opencalc-harmonyos/entry/src/main/ets/preferences/PreferencesStore.ets:170:18
 Function may throw exceptions. Special handling is required.
[39m[39m
[33mWARN: [33m[33mArkTS:WARN File: /Users/jordanzt/Work/HuaweiWork/Others/Projects/JungleTestLabs/opencalc-harmonyos/entry/src/main/ets/preferences/PreferencesStore.ets:176:11
 Function may throw exceptions. Special handling is required.
[39m[39m
[33mWARN: [33m[33mArkTS:WARN File: /Users/jordanzt/Work/HuaweiWork/Others/Projects/JungleTestLabs/opencalc-harmonyos/entry/src/main/ets/preferences/PreferencesStore.ets:177:11
 Function may throw exceptions. Special handling is required.
[39m[39m
[33mWARN: [33m[33mArkTS:WARN File: /Users/jordanzt/Work/HuaweiWork/Others/Projects/JungleTestLabs/opencalc-harmonyos/entry/src/main/ets/preferences/PreferencesStore.ets:185:18
 Function may throw exceptions. Special handling is required.
[39m[39m
[33mWARN: [33m[33mArkTS:WARN File: /Users/jordanzt/Work/HuaweiWork/Others/Projects/JungleTestLabs/opencalc-harmonyos/entry/src/main/ets/preferences/PreferencesStore.ets:191:11
 Function may throw exceptions. Special handling is required.
[39m[39m
[33mWARN: [33m[33mArkTS:WARN File: /Users/jordanzt/Work/HuaweiWork/Others/Projects/JungleTestLabs/opencalc-harmonyos/entry/src/main/ets/preferences/PreferencesStore.ets:192:11
 Function may throw exceptions. Special handling is required.
[39m[39m
[33mWARN: [33m[33mArkTS:WARN File: /Users/jordanzt/Work/HuaweiWork/Others/Projects/JungleTestLabs/opencalc-harmonyos/entry/src/main/ets/preferences/PreferencesStore.ets:198:18
 Function may throw exceptions. Special handling is required.
[39m[39m
[33mWARN: [33m[33mArkTS:WARN File: /Users/jordanzt/Work/HuaweiWork/Others/Projects/JungleTestLabs/opencalc-harmonyos/entry/src/main/ets/preferences/PreferencesStore.ets:204:11
 Function may throw exceptions. Special handling is required.
[39m[39m
[33mWARN: [33m[33mArkTS:WARN File: /Users/jordanzt/Work/HuaweiWork/Others/Projects/JungleTestLabs/opencalc-harmonyos/entry/src/main/ets/preferences/PreferencesStore.ets:205:11
 Function may throw exceptions. Special handling is required.
[39m[39m
[33mWARN: [33m[33mArkTS:WARN File: /Users/jordanzt/Work/HuaweiWork/Others/Projects/JungleTestLabs/opencalc-harmonyos/entry/src/main/ets/pages/CalculatorPage.ets:41:42
 'getContext' has been deprecated.
[39m[39m
[33mWARN: [33m[33mArkTS:WARN File: /Users/jordanzt/Work/HuaweiWork/Others/Projects/JungleTestLabs/opencalc-harmonyos/entry/src/main/ets/pages/CalculatorPage.ets:104:5
 Function may throw exceptions. Special handling is required.
[39m[39m
[33mWARN: [33m[33mArkTS:WARN File: /Users/jordanzt/Work/HuaweiWork/Others/Projects/JungleTestLabs/opencalc-harmonyos/entry/src/main/ets/pages/CalculatorPage.ets:105:5
 Function may throw exceptions. Special handling is required.
[39m[39m
[33mWARN: [33m[33mArkTS:WARN File: /Users/jordanzt/Work/HuaweiWork/Others/Projects/JungleTestLabs/opencalc-harmonyos/entry/src/main/ets/pages/CalculatorPage.ets:105:18
 'showToast' has been deprecated.
[39m[39m
[33mWARN: [33m[33mArkTS:WARN File: /Users/jordanzt/Work/HuaweiWork/Others/Projects/JungleTestLabs/opencalc-harmonyos/entry/src/main/ets/pages/CalculatorPage.ets:268:18
 'pushUrl' has been deprecated.
[39m[39m
[33mWARN: [33m[33mArkTS:WARN File: /Users/jordanzt/Work/HuaweiWork/Others/Projects/JungleTestLabs/opencalc-harmonyos/entry/src/main/ets/pages/TipCalculatorPage.ets:26:12
 'back' has been deprecated.
[39m[39m

[2026-05-19T15:38:38.500] [DEBUG] debug-file - Ark compile task finished.finished time is 248075353377791
[2026-05-19T15:38:38.500] [DEBUG] debug-file - worker[4] has one work done.
[2026-05-19T15:38:38.501] [DEBUG] debug-file - default@CompileArkTS work[0] done.
[2026-05-19T15:38:38.505] [DEBUG] debug-file - Executing task :entry:default@PackageHap
[2026-05-19T15:38:38.501] [DEBUG] debug-file - A work dispatched to worker[4] failed because unable to get work from ready queue.
[2026-05-19T15:38:38.505] [DEBUG] debug-file - entry:default@PackageHap is not up-to-date, since the input file '/Users/jordanzt/Work/HuaweiWork/Others/Projects/JungleTestLabs/opencalc-harmonyos/entry/build/default/intermediates/res/default/module.json' has been changed.
[2026-05-19T15:38:38.502] [INFO] debug-file - Finished :entry:default@CompileArkTS... after 2 s 42 ms 
[2026-05-19T15:38:38.505] [DEBUG] debug-file - Incremental task entry:default@PackageHap pre-execution cost: 1 ms .
[2026-05-19T15:38:38.502] [DEBUG] debug-file - Executing task :entry:default@GeneratePkgModuleJson
[2026-05-19T15:38:38.506] [DEBUG] debug-file - Use tool [/Applications/DevEco-Studio.app/contents/sdk/default/HarmonyOS-6.0.2/toolchains/lib/app_packing_tool.jar]
 [
  'java',
  '-Dfile.encoding=utf-8',
  '-jar',
  '/Applications/DevEco-Studio.app/contents/sdk/default/HarmonyOS-6.0.2/toolchains/lib/app_packing_tool.jar',
  '--mode',
  'hap',
  '--force',
  'true',
  '--lib-path',
  '/Users/jordanzt/Work/HuaweiWork/Others/Projects/JungleTestLabs/opencalc-harmonyos/entry/build/default/intermediates/stripped_native_libs/default',
  '--json-path',
  '/Users/jordanzt/Work/HuaweiWork/Others/Projects/JungleTestLabs/opencalc-harmonyos/entry/build/default/intermediates/package/default/module.json',
  '--resources-path',
  '/Users/jordanzt/Work/HuaweiWork/Others/Projects/JungleTestLabs/opencalc-harmonyos/entry/build/default/intermediates/res/default/resources',
  '--index-path',
  '/Users/jordanzt/Work/HuaweiWork/Others/Projects/JungleTestLabs/opencalc-harmonyos/entry/build/default/intermediates/res/default/resources.index',
  '--pack-info-path',
  '/Users/jordanzt/Work/HuaweiWork/Others/Projects/JungleTestLabs/opencalc-harmonyos/entry/build/default/outputs/default/pack.info',
  '--out-path',
  '/Users/jordanzt/Work/HuaweiWork/Others/Projects/JungleTestLabs/opencalc-harmonyos/entry/build/default/outputs/default/entry-default-unsigned.hap',
  '--ets-path',
  '/Users/jordanzt/Work/HuaweiWork/Others/Projects/JungleTestLabs/opencalc-harmonyos/entry/build/default/intermediates/loader_out/default/ets'
]
[2026-05-19T15:38:38.502] [DEBUG] debug-file - File: '/Users/jordanzt/Work/HuaweiWork/Others/Projects/JungleTestLabs/opencalc-harmonyos/entry/build/default/intermediates/preload/default/preload.json' from 'preloadSoJsonPath' is not exists, just ignore.
[2026-05-19T15:38:38.502] [DEBUG] debug-file - Error occurs while handling @Input 'shouldDeduplicateHar': The "data" argument must be of type string or an instance of Buffer, TypedArray, or DataView. Received undefined
[2026-05-19T15:38:38.502] [DEBUG] debug-file - Task 'entry:default@GeneratePkgModuleJson' cost while wrapping incremental declarations: 1 ms 
[2026-05-19T15:38:38.502] [DEBUG] debug-file - entry:default@GeneratePkgModuleJson is not up-to-date, since the input file '/Users/jordanzt/Work/HuaweiWork/Others/Projects/JungleTestLabs/opencalc-harmonyos/entry/build/default/intermediates/res/default/module.json' has been changed.
[2026-05-19T15:38:38.502] [DEBUG] debug-file - Incremental task entry:default@GeneratePkgModuleJson pre-execution cost: 1 ms .
[2026-05-19T15:38:38.503] [DEBUG] debug-file - entry : default@GeneratePkgModuleJson cost memory 0.1531524658203125
[2026-05-19T15:38:38.503] [DEBUG] debug-file - runTaskFromQueue task cost before running: 3 s 715 ms 
[2026-05-19T15:38:38.503] [INFO] debug-file - Finished :entry:default@GeneratePkgModuleJson... after 1 ms 
[2026-05-19T15:38:38.503] [DEBUG] debug-file - Executing task :entry:default@ProcessCompiledResources
[2026-05-19T15:38:38.503] [DEBUG] debug-file - File: '/Users/jordanzt/Work/HuaweiWork/Others/Projects/JungleTestLabs/opencalc-harmonyos/entry/build/default/intermediates/preload/default/preload.json' from 'preloadSoJsonPath' is not exists, just ignore.
[2026-05-19T15:38:38.503] [DEBUG] debug-file - Task 'entry:default@ProcessCompiledResources' cost while wrapping incremental declarations: 1 ms 
[2026-05-19T15:38:38.503] [DEBUG] debug-file - entry : default@ProcessCompiledResources cost memory 0.04921722412109375
[2026-05-19T15:38:38.503] [DEBUG] debug-file - runTaskFromQueue task cost before running: 3 s 715 ms 
[2026-05-19T15:38:38.504] [INFO] debug-file - Finished :entry:default@ProcessCompiledResources... after 1 ms 
[2026-05-19T15:38:38.628] [DEBUG] debug-file - java daemon socket received message:{"code":0,"message":"pack success"}
[2026-05-19T15:38:38.630] [DEBUG] debug-file - entry : default@PackageHap cost memory 0.47303009033203125
[2026-05-19T15:38:38.631] [DEBUG] debug-file - Executing task :entry:default@PackingCheck
[2026-05-19T15:38:38.636] [DEBUG] debug-file - Executing task :entry:default@SignHap
[2026-05-19T15:38:38.637] [DEBUG] debug-file - Executing task :entry:default@CollectDebugSymbol
[2026-05-19T15:38:38.630] [DEBUG] debug-file - runTaskFromQueue task cost before running: 3 s 841 ms 
[2026-05-19T15:38:38.635] [DEBUG] debug-file - entry : default@PackingCheck cost memory 0.28166961669921875
[2026-05-19T15:38:38.636] [WARN] debug-file - No signingConfig found for product default
[2026-05-19T15:38:38.637] [DEBUG] debug-file - entry : default@CollectDebugSymbol cost memory 0.10474395751953125
[2026-05-19T15:38:38.630] [INFO] debug-file - Finished :entry:default@PackageHap... after 126 ms 
[2026-05-19T15:38:38.635] [DEBUG] debug-file - runTaskFromQueue task cost before running: 3 s 847 ms 
[2026-05-19T15:38:38.636] [DEBUG] debug-file - entry:default@SignHap is not up-to-date, since the input file '/Users/jordanzt/Work/HuaweiWork/Others/Projects/JungleTestLabs/opencalc-harmonyos/entry/build/default/outputs/default/entry-default-unsigned.hap' has been changed.
[2026-05-19T15:38:38.637] [DEBUG] debug-file - runTaskFromQueue task cost before running: 3 s 849 ms 
[2026-05-19T15:38:38.635] [INFO] debug-file - Finished :entry:default@PackingCheck... after 5 ms 
[2026-05-19T15:38:38.636] [DEBUG] debug-file - Incremental task entry:default@SignHap pre-execution cost: 1 ms .
[2026-05-19T15:38:38.637] [INFO] debug-file - Finished :entry:default@CollectDebugSymbol... after 1 ms 
[2026-05-19T15:38:38.636] [DEBUG] debug-file - entry : default@SignHap cost memory 0.06172943115234375
[2026-05-19T15:38:38.637] [DEBUG] debug-file - Executing task :entry:assembleHap
[2026-05-19T15:38:38.636] [DEBUG] debug-file - runTaskFromQueue task cost before running: 3 s 848 ms 
[2026-05-19T15:38:38.637] [DEBUG] debug-file - entry : assembleHap cost memory 0.0103607177734375
[2026-05-19T15:38:38.636] [INFO] debug-file - Finished :entry:default@SignHap... after 1 ms 
[2026-05-19T15:38:38.637] [DEBUG] debug-file - runTaskFromQueue task cost before running: 3 s 849 ms 
[2026-05-19T15:38:38.637] [INFO] debug-file - Finished :entry:assembleHap... after 1 ms 
[2026-05-19T15:38:38.637] [DEBUG] debug-file - Executing task ::MakeProjectPackInfo
[2026-05-19T15:38:38.638] [DEBUG] debug-file - Task ':MakeProjectPackInfo' cost while wrapping incremental declarations: 1 ms 
[2026-05-19T15:38:38.638] [DEBUG] debug-file - Project Pack Info: {
  summary: {
    app: { bundleName: 'c***r', bundleType: 'app', version: [Object] },
    modules: [ [Object] ]
  },
  packages: [
    {
      deviceType: [Array],
      moduleType: 'entry',
      deliveryWithInstall: true,
      name: 'entry-default'
    }
  ]
}
[2026-05-19T15:38:38.639] [DEBUG] debug-file - opencalc-harmonyos : MakeProjectPackInfo cost memory 0.20458221435546875
[2026-05-19T15:38:38.639] [DEBUG] debug-file - runTaskFromQueue task cost before running: 3 s 850 ms 
[2026-05-19T15:38:38.639] [INFO] debug-file - Finished ::MakeProjectPackInfo... after 2 ms 
[2026-05-19T15:38:38.639] [DEBUG] debug-file - Executing task ::ProcessProjectPrivacyProfile
[2026-05-19T15:38:38.639] [DEBUG] debug-file - opencalc-harmonyos : ProcessProjectPrivacyProfile cost memory 0.05582427978515625
[2026-05-19T15:38:38.639] [DEBUG] debug-file - runTaskFromQueue task cost before running: 3 s 851 ms 
[2026-05-19T15:38:38.639] [INFO] debug-file - Finished ::ProcessProjectPrivacyProfile... after 1 ms 
[2026-05-19T15:38:38.639] [DEBUG] debug-file - Executing task ::GeneratePackRes
[2026-05-19T15:38:38.640] [DEBUG] debug-file - opencalc-harmonyos : GeneratePackRes cost memory 0.02243804931640625
[2026-05-19T15:38:38.640] [DEBUG] debug-file - runTaskFromQueue task cost before running: 3 s 851 ms 
[2026-05-19T15:38:38.640] [INFO] debug-file - Finished ::GeneratePackRes... after 1 ms 
[2026-05-19T15:38:38.640] [DEBUG] debug-file - Executing task ::PackageApp
[2026-05-19T15:38:38.640] [DEBUG] debug-file - Task ':PackageApp' cost while wrapping incremental declarations: 1 ms 
[2026-05-19T15:38:38.641] [DEBUG] debug-file - java daemon socket close code:1000 reason:close by user
[2026-05-19T15:38:38.642] [DEBUG] debug-file - Use tool [PackageApp]
 [
  'java',
  '-Dfile.encoding=utf-8',
  '-jar',
  '/Applications/DevEco-Studio.app/contents/sdk/default/HarmonyOS-6.0.2/toolchains/lib/app_packing_tool.jar',
  '--mode',
  'app',
  '--pack-info-path',
  '/Users/jordanzt/Work/HuaweiWork/Others/Projects/JungleTestLabs/opencalc-harmonyos/build/outputs/default/pack.info',
  '--hap-path',
  '/Users/jordanzt/Work/HuaweiWork/Others/Projects/JungleTestLabs/opencalc-harmonyos/entry/build/default/outputs/default/app/entry-default.hap',
  '--hsp-path',
  '',
  '--force',
  'true',
  '--out-path',
  '/Users/jordanzt/Work/HuaweiWork/Others/Projects/JungleTestLabs/opencalc-harmonyos/build/outputs/default/opencalc-harmonyos-default-unsigned.app',
  '--main-module-limit',
  '2',
  '--normal-module-limit',
  '2'
]
[2026-05-19T15:38:38.643] [DEBUG] debug-file - current process  memoryUsage: {
  rss: 702103552,
  heapTotal: 170115072,
  heapUsed: 143510544,
  external: 3181019,
  arrayBuffers: 242179
} os memoryUsage :15.870590209960938
[2026-05-19T15:38:38.912] [DEBUG] debug-file - opencalc-harmonyos : PackageApp cost memory 0.7350006103515625
[2026-05-19T15:38:38.912] [DEBUG] debug-file - runTaskFromQueue task cost before running: 4 s 124 ms 
[2026-05-19T15:38:38.912] [INFO] debug-file - Finished ::PackageApp... after 273 ms 
[2026-05-19T15:38:38.912] [DEBUG] debug-file - Executing task ::SignPackagesFromApp
[2026-05-19T15:38:38.912] [DEBUG] debug-file - opencalc-harmonyos : SignPackagesFromApp cost memory 0.02475738525390625
[2026-05-19T15:38:38.912] [DEBUG] debug-file - runTaskFromQueue task cost before running: 4 s 124 ms 
[2026-05-19T15:38:38.913] [INFO] debug-file - Finished ::SignPackagesFromApp... after 1 ms 
[2026-05-19T15:38:38.913] [DEBUG] debug-file - Executing task ::SignApp
[2026-05-19T15:38:38.913] [DEBUG] debug-file - signingConfigName of signApp is :  undefined
[2026-05-19T15:38:38.913] [WARN] debug-file - No signingConfig found for product default
[2026-05-19T15:38:38.913] [DEBUG] debug-file - opencalc-harmonyos : SignApp cost memory 0.0945281982421875
[2026-05-19T15:38:38.913] [DEBUG] debug-file - runTaskFromQueue task cost before running: 4 s 125 ms 
[2026-05-19T15:38:38.913] [INFO] debug-file - Finished ::SignApp... after 1 ms 
[2026-05-19T15:38:38.913] [DEBUG] debug-file - Executing task ::assembleApp
[2026-05-19T15:38:38.913] [DEBUG] debug-file - opencalc-harmonyos : assembleApp cost memory 0.01032257080078125
[2026-05-19T15:38:38.913] [DEBUG] debug-file - runTaskFromQueue task cost before running: 4 s 125 ms 
[2026-05-19T15:38:38.913] [INFO] debug-file - Finished ::assembleApp... after 1 ms 
[2026-05-19T15:38:38.914] [INFO] debug-file - BUILD SUCCESSFUL in 4 s 126 ms 
[2026-05-19T15:38:38.914] [DEBUG] debug-file - Update task entry:default@PreBuild input file:/Users/jordanzt/Work/HuaweiWork/Others/Projects/JungleTestLabs/opencalc-harmonyos/AppScope/app.json5 cache by regenerate.
[2026-05-19T15:38:38.915] [DEBUG] debug-file - Update task entry:default@PreBuild input file:/Users/jordanzt/Work/HuaweiWork/Others/Projects/JungleTestLabs/opencalc-harmonyos/entry/src/main/module.json5 cache by regenerate.
[2026-05-19T15:38:38.915] [DEBUG] debug-file - Update task entry:default@PreBuild input file:/Users/jordanzt/Work/HuaweiWork/Others/Projects/JungleTestLabs/opencalc-harmonyos/build-profile.json5 cache by regenerate.
[2026-05-19T15:38:38.915] [DEBUG] debug-file - Update task entry:default@PreBuild input file:/Users/jordanzt/Work/HuaweiWork/Others/Projects/JungleTestLabs/opencalc-harmonyos/entry/build-profile.json5 cache by regenerate.
[2026-05-19T15:38:38.915] [DEBUG] debug-file - Update task entry:default@PreBuild input file:/Users/jordanzt/Work/HuaweiWork/Others/Projects/JungleTestLabs/opencalc-harmonyos/entry/src/main/resources/base/profile/main_pages.json cache by regenerate.
[2026-05-19T15:38:38.915] [DEBUG] debug-file - Update task entry:default@PreBuild input file:/Users/jordanzt/Work/HuaweiWork/Others/Projects/JungleTestLabs/opencalc-harmonyos/hvigor/hvigor-config.json5 cache by regenerate.
[2026-05-19T15:38:38.915] [DEBUG] debug-file - Update task entry:default@PreBuild input file:/Users/jordanzt/Work/HuaweiWork/Others/Projects/JungleTestLabs/opencalc-harmonyos/entry/oh-package.json5 cache by regenerate.
[2026-05-19T15:38:38.915] [DEBUG] debug-file - Update task entry:default@PreBuild input file:/Users/jordanzt/Work/HuaweiWork/Others/Projects/JungleTestLabs/opencalc-harmonyos/oh-package.json5 cache by regenerate.
[2026-05-19T15:38:38.915] [DEBUG] debug-file - Incremental task entry:default@PreBuild post-execution cost:1 ms .
[2026-05-19T15:38:38.915] [DEBUG] debug-file - Update task entry:default@CreateModuleInfo output file:/Users/jordanzt/Work/HuaweiWork/Others/Projects/JungleTestLabs/opencalc-harmonyos/entry/build/default/generated/profile/default/ModuleInfo.ts cache.
[2026-05-19T15:38:38.915] [DEBUG] debug-file - Incremental task entry:default@CreateModuleInfo post-execution cost:1 ms .
[2026-05-19T15:38:38.915] [DEBUG] debug-file - There is no need to refresh cache, since the incremental task entry:default@GenerateMetadata is up-to-date.
[2026-05-19T15:38:38.915] [DEBUG] debug-file - There is no need to refresh cache, since the incremental task entry:default@MergeProfile is up-to-date.
[2026-05-19T15:38:38.915] [DEBUG] debug-file - There is no need to refresh cache, since the incremental task entry:default@CreateBuildProfile is up-to-date.
[2026-05-19T15:38:38.915] [DEBUG] debug-file - Update task entry:default@GeneratePkgContextInfo output file:/Users/jordanzt/Work/HuaweiWork/Others/Projects/JungleTestLabs/opencalc-harmonyos/entry/build/default/intermediates/loader/default/pkgContextInfo.json cache.
[2026-05-19T15:38:38.915] [DEBUG] debug-file - Incremental task entry:default@GeneratePkgContextInfo post-execution cost:1 ms .
[2026-05-19T15:38:38.915] [DEBUG] debug-file - Update task entry:default@ProcessIntegratedHsp output file:/Users/jordanzt/Work/HuaweiWork/Others/Projects/JungleTestLabs/opencalc-harmonyos/build/cache/default/integrated_hsp/integratedHspCache.json cache.
[2026-05-19T15:38:38.915] [DEBUG] debug-file - Incremental task entry:default@ProcessIntegratedHsp post-execution cost:1 ms .
[2026-05-19T15:38:38.915] [DEBUG] debug-file - There is no need to refresh cache, since the incremental task entry:default@MakePackInfo is up-to-date.
[2026-05-19T15:38:38.915] [DEBUG] debug-file - Update task entry:default@SyscapTransform input file:/Applications/DevEco-Studio.app/contents/sdk/default/HarmonyOS-6.0.2/toolchains/syscap_tool cache from map.
[2026-05-19T15:38:38.915] [DEBUG] debug-file - Update task entry:default@SyscapTransform input file:/Applications/DevEco-Studio.app/contents/sdk/default/HarmonyOS-6.0.2/ets/api/device-define cache by regenerate.
[2026-05-19T15:38:38.916] [DEBUG] debug-file - Update task entry:default@SyscapTransform output file:/Users/jordanzt/Work/HuaweiWork/Others/Projects/JungleTestLabs/opencalc-harmonyos/entry/build/default/intermediates/syscap/default/rpcid.sc cache.
[2026-05-19T15:38:38.916] [DEBUG] debug-file - Incremental task entry:default@SyscapTransform post-execution cost:1 ms .
[2026-05-19T15:38:38.916] [DEBUG] debug-file - There is no need to refresh cache, since the incremental task entry:default@ProcessProfile is up-to-date.
[2026-05-19T15:38:38.916] [DEBUG] debug-file - There is no need to refresh cache, since the incremental task entry:default@ProcessRouterMap is up-to-date.
[2026-05-19T15:38:38.916] [DEBUG] debug-file - There is no need to refresh cache, since the incremental task entry:default@ProcessShareConfig is up-to-date.
[2026-05-19T15:38:38.916] [DEBUG] debug-file - Update task entry:default@ProcessStartupConfig output file:/Users/jordanzt/Work/HuaweiWork/Others/Projects/JungleTestLabs/opencalc-harmonyos/entry/build/default/intermediates/startup/default/startup_config.json cache.
[2026-05-19T15:38:38.916] [DEBUG] debug-file - Incremental task entry:default@ProcessStartupConfig post-execution cost:1 ms .
[2026-05-19T15:38:38.916] [DEBUG] debug-file - Update task entry:default@ProcessResource output file:/Users/jordanzt/Work/HuaweiWork/Others/Projects/JungleTestLabs/opencalc-harmonyos/entry/build/default/intermediates/res/default/resConfig.json cache.
[2026-05-19T15:38:38.916] [DEBUG] debug-file - Update task entry:default@ProcessResource output file:/Users/jordanzt/Work/HuaweiWork/Others/Projects/JungleTestLabs/opencalc-harmonyos/entry/build/default/intermediates/res/default/opt-compression.json cache.
[2026-05-19T15:38:38.916] [DEBUG] debug-file - Incremental task entry:default@ProcessResource post-execution cost:1 ms .
[2026-05-19T15:38:38.916] [DEBUG] debug-file - There is no need to refresh cache, since the incremental task entry:default@GenerateLoaderJson is up-to-date.
[2026-05-19T15:38:38.916] [DEBUG] debug-file - There is no need to refresh cache, since the incremental task entry:default@ProcessLibs is up-to-date.
[2026-05-19T15:38:38.916] [DEBUG] debug-file - Update task entry:default@CompileResource input file:/Users/jordanzt/Work/HuaweiWork/Others/Projects/JungleTestLabs/opencalc-harmonyos/entry/src/main/resources cache by regenerate.
[2026-05-19T15:38:38.916] [DEBUG] debug-file - Update task entry:default@CompileResource input file:/Users/jordanzt/Work/HuaweiWork/Others/Projects/JungleTestLabs/opencalc-harmonyos/entry/build/default/intermediates/process_profile/default/module.json cache by regenerate.
[2026-05-19T15:38:38.916] [DEBUG] debug-file - Update task entry:default@CompileResource input file:/Users/jordanzt/Work/HuaweiWork/Others/Projects/JungleTestLabs/opencalc-harmonyos/entry/build/default/intermediates/res/default/resConfig.json cache from map.
[2026-05-19T15:38:38.916] [DEBUG] debug-file - Update task entry:default@CompileResource output file:/Users/jordanzt/Work/HuaweiWork/Others/Projects/JungleTestLabs/opencalc-harmonyos/entry/build/default/intermediates/res/default cache.
[2026-05-19T15:38:38.917] [DEBUG] debug-file - Update task entry:default@CompileResource output file:/Users/jordanzt/Work/HuaweiWork/Others/Projects/JungleTestLabs/opencalc-harmonyos/entry/build/default/generated/r/default/ResourceTable.h cache.
[2026-05-19T15:38:38.917] [DEBUG] debug-file - Update task entry:default@CompileResource output file:/Users/jordanzt/Work/HuaweiWork/Others/Projects/JungleTestLabs/opencalc-harmonyos/entry/build/default/generated/r/default cache.
[2026-05-19T15:38:38.917] [DEBUG] debug-file - Incremental task entry:default@CompileResource post-execution cost:2 ms .
[2026-05-19T15:38:38.917] [DEBUG] debug-file - There is no need to refresh cache, since the incremental task entry:default@DoNativeStrip is up-to-date.
[2026-05-19T15:38:38.917] [DEBUG] debug-file - Update task entry:default@CompileArkTS input file:/Users/jordanzt/Work/HuaweiWork/Others/Projects/JungleTestLabs/opencalc-harmonyos/entry/build/default/intermediates/loader/default cache by regenerate.
[2026-05-19T15:38:38.917] [DEBUG] debug-file - Update task entry:default@CompileArkTS input file:/Users/jordanzt/Work/HuaweiWork/Others/Projects/JungleTestLabs/opencalc-harmonyos/entry/build/default/intermediates/res/default/ResourceTable.txt cache from map.
[2026-05-19T15:38:38.917] [DEBUG] debug-file - Update task entry:default@CompileArkTS input file:/Users/jordanzt/Work/HuaweiWork/Others/Projects/JungleTestLabs/opencalc-harmonyos/entry/build/default/intermediates/res/default/ark_module.json cache by regenerate.
[2026-05-19T15:38:38.917] [DEBUG] debug-file - Update task entry:default@CompileArkTS input file:/Users/jordanzt/Work/HuaweiWork/Others/Projects/JungleTestLabs/opencalc-harmonyos/entry/build/default/intermediates/res/default/resources/base/profile cache by regenerate.
[2026-05-19T15:38:38.917] [DEBUG] debug-file - Update task entry:default@CompileArkTS input file:/Users/jordanzt/Work/HuaweiWork/Others/Projects/JungleTestLabs/opencalc-harmonyos/entry/src/main/ets cache by regenerate.
[2026-05-19T15:38:38.918] [DEBUG] debug-file - Update task entry:default@CompileArkTS input file:/Users/jordanzt/Work/HuaweiWork/Others/Projects/JungleTestLabs/opencalc-harmonyos/entry/build/default/generated/profile/default/BuildProfile.ets cache by regenerate.
[2026-05-19T15:38:38.918] [DEBUG] debug-file - Update task entry:default@CompileArkTS output file:/Users/jordanzt/Work/HuaweiWork/Others/Projects/JungleTestLabs/opencalc-harmonyos/entry/build/default/intermediates/loader_out/default/ets cache.
[2026-05-19T15:38:38.918] [DEBUG] debug-file - Incremental task entry:default@CompileArkTS post-execution cost:1 ms .
[2026-05-19T15:38:38.918] [DEBUG] debug-file - Update task entry:default@BuildJS input file:/Users/jordanzt/Work/HuaweiWork/Others/Projects/JungleTestLabs/opencalc-harmonyos/entry/build/default/intermediates/loader/default cache by regenerate.
[2026-05-19T15:38:38.918] [DEBUG] debug-file - Update task entry:default@BuildJS input file:/Users/jordanzt/Work/HuaweiWork/Others/Projects/JungleTestLabs/opencalc-harmonyos/entry/build/default/intermediates/res/default/ResourceTable.txt cache by regenerate.
[2026-05-19T15:38:38.918] [DEBUG] debug-file - Update task entry:default@BuildJS input file:/Users/jordanzt/Work/HuaweiWork/Others/Projects/JungleTestLabs/opencalc-harmonyos/entry/build/default/intermediates/res/default/ark_module.json cache by regenerate.
[2026-05-19T15:38:38.918] [DEBUG] debug-file - Update task entry:default@BuildJS input file:/Users/jordanzt/Work/HuaweiWork/Others/Projects/JungleTestLabs/opencalc-harmonyos/entry/build/default/intermediates/res/default/resources/base/profile cache by regenerate.
[2026-05-19T15:38:38.918] [DEBUG] debug-file - Update task entry:default@BuildJS output file:/Users/jordanzt/Work/HuaweiWork/Others/Projects/JungleTestLabs/opencalc-harmonyos/entry/build/default/intermediates/loader_out/default/js cache.
[2026-05-19T15:38:38.918] [DEBUG] debug-file - Incremental task entry:default@BuildJS post-execution cost:1 ms .
[2026-05-19T15:38:38.918] [DEBUG] debug-file - There is no need to refresh cache, since the incremental task entry:default@CacheNativeLibs is up-to-date.
[2026-05-19T15:38:38.918] [DEBUG] debug-file - Update task entry:default@GeneratePkgModuleJson input file:/Users/jordanzt/Work/HuaweiWork/Others/Projects/JungleTestLabs/opencalc-harmonyos/entry/build/default/intermediates/res/default/module.json cache from map.
[2026-05-19T15:38:38.918] [DEBUG] debug-file - Update task entry:default@GeneratePkgModuleJson output file:/Users/jordanzt/Work/HuaweiWork/Others/Projects/JungleTestLabs/opencalc-harmonyos/entry/build/default/intermediates/package/default/module.json cache.
[2026-05-19T15:38:38.918] [DEBUG] debug-file - Incremental task entry:default@GeneratePkgModuleJson post-execution cost:1 ms .
[2026-05-19T15:38:38.918] [DEBUG] debug-file - Incremental task entry:default@ProcessCompiledResources post-execution cost:1 ms .
[2026-05-19T15:38:38.918] [DEBUG] debug-file - Update task entry:default@PackageHap input file:/Users/jordanzt/Work/HuaweiWork/Others/Projects/JungleTestLabs/opencalc-harmonyos/entry/build/default/intermediates/stripped_native_libs/default cache by regenerate.
[2026-05-19T15:38:38.918] [DEBUG] debug-file - Update task entry:default@PackageHap input file:/Users/jordanzt/Work/HuaweiWork/Others/Projects/JungleTestLabs/opencalc-harmonyos/entry/build/default/intermediates/res/default/module.json cache from map.
[2026-05-19T15:38:38.918] [DEBUG] debug-file - Update task entry:default@PackageHap input file:/Users/jordanzt/Work/HuaweiWork/Others/Projects/JungleTestLabs/opencalc-harmonyos/entry/build/default/intermediates/res/default/resources cache by regenerate.
[2026-05-19T15:38:38.919] [DEBUG] debug-file - Update task entry:default@PackageHap input file:/Users/jordanzt/Work/HuaweiWork/Others/Projects/JungleTestLabs/opencalc-harmonyos/entry/build/default/intermediates/res/default/resources.index cache by regenerate.
[2026-05-19T15:38:38.919] [DEBUG] debug-file - Update task entry:default@PackageHap input file:/Users/jordanzt/Work/HuaweiWork/Others/Projects/JungleTestLabs/opencalc-harmonyos/entry/build/default/outputs/default/pack.info cache by regenerate.
[2026-05-19T15:38:38.919] [DEBUG] debug-file - Update task entry:default@PackageHap input file:/Users/jordanzt/Work/HuaweiWork/Others/Projects/JungleTestLabs/opencalc-harmonyos/entry/build/default/intermediates/loader_out/default/ets cache by regenerate.
[2026-05-19T15:38:38.919] [DEBUG] debug-file - Update task entry:default@PackageHap input file:/Users/jordanzt/Work/HuaweiWork/Others/Projects/JungleTestLabs/opencalc-harmonyos/entry/build/default/intermediates/loader_out/default/ets/sourceMaps.map cache by regenerate.
[2026-05-19T15:38:38.919] [DEBUG] debug-file - Update task entry:default@PackageHap input file:/Users/jordanzt/Work/HuaweiWork/Others/Projects/JungleTestLabs/opencalc-harmonyos/entry/build/default/generated/profile/default/BuildProfile.ets cache by regenerate.
[2026-05-19T15:38:38.919] [DEBUG] debug-file - Update task entry:default@PackageHap output file:/Users/jordanzt/Work/HuaweiWork/Others/Projects/JungleTestLabs/opencalc-harmonyos/entry/build/default/outputs/default/entry-default-unsigned.hap cache.
[2026-05-19T15:38:38.919] [DEBUG] debug-file - Update task entry:default@PackageHap output file:/Users/jordanzt/Work/HuaweiWork/Others/Projects/JungleTestLabs/opencalc-harmonyos/entry/build/default/intermediates/source_map/default/sourceMaps.map cache.
[2026-05-19T15:38:38.919] [DEBUG] debug-file - Update task entry:default@PackageHap output file:/Users/jordanzt/Work/HuaweiWork/Others/Projects/JungleTestLabs/opencalc-harmonyos/entry/build/default/outputs/default/mapping/sourceMaps.map cache.
[2026-05-19T15:38:38.919] [DEBUG] debug-file - Incremental task entry:default@PackageHap post-execution cost:1 ms .
[2026-05-19T15:38:38.919] [DEBUG] debug-file - Update task entry:default@SignHap input file:/Users/jordanzt/Work/HuaweiWork/Others/Projects/JungleTestLabs/opencalc-harmonyos/entry/build/default/outputs/default/entry-default-unsigned.hap cache from map.
[2026-05-19T15:38:38.919] [DEBUG] debug-file - Update task entry:default@SignHap output file:/Users/jordanzt/Work/HuaweiWork/Others/Projects/JungleTestLabs/opencalc-harmonyos/entry/build/default/outputs/default/entry-default-signed.hap cache.
[2026-05-19T15:38:38.919] [DEBUG] debug-file - Incremental task entry:default@SignHap post-execution cost:1 ms .
[2026-05-19T15:38:38.919] [DEBUG] debug-file - Update task entry:default@CollectDebugSymbol input file:/Users/jordanzt/Work/HuaweiWork/Others/Projects/JungleTestLabs/opencalc-harmonyos/entry/build/default/intermediates/loader_out/default/ets/sourceMaps.map cache by regenerate.
[2026-05-19T15:38:38.919] [DEBUG] debug-file - Update task entry:default@CollectDebugSymbol input file:/Users/jordanzt/Work/HuaweiWork/Others/Projects/JungleTestLabs/opencalc-harmonyos/entry/build/default/intermediates/libs/default cache by regenerate.
[2026-05-19T15:38:38.919] [DEBUG] debug-file - Update task entry:default@CollectDebugSymbol output file:/Users/jordanzt/Work/HuaweiWork/Others/Projects/JungleTestLabs/opencalc-harmonyos/entry/build/default/outputs/default/symbol cache.
[2026-05-19T15:38:38.919] [DEBUG] debug-file - Incremental task entry:default@CollectDebugSymbol post-execution cost:1 ms .
[2026-05-19T15:38:38.919] [DEBUG] debug-file - Update task :MakeProjectPackInfo input file:/Users/jordanzt/Work/HuaweiWork/Others/Projects/JungleTestLabs/opencalc-harmonyos/entry/build/default/outputs/default/pack.info cache by regenerate.
[2026-05-19T15:38:38.919] [DEBUG] debug-file - Update task :MakeProjectPackInfo output file:/Users/jordanzt/Work/HuaweiWork/Others/Projects/JungleTestLabs/opencalc-harmonyos/build/outputs/default/pack.info cache.
[2026-05-19T15:38:38.919] [DEBUG] debug-file - Incremental task :MakeProjectPackInfo post-execution cost:1 ms .
[2026-05-19T15:38:38.919] [DEBUG] debug-file - Update task :ProcessProjectPrivacyProfile output file:/Users/jordanzt/Work/HuaweiWork/Others/Projects/JungleTestLabs/opencalc-harmonyos/build/outputs/default/pac.json cache.
[2026-05-19T15:38:38.919] [DEBUG] debug-file - Incremental task :ProcessProjectPrivacyProfile post-execution cost:1 ms .
[2026-05-19T15:38:38.919] [DEBUG] debug-file - Update task :GeneratePackRes input file:/Users/jordanzt/Work/HuaweiWork/Others/Projects/JungleTestLabs/opencalc-harmonyos/build/outputs/default/pack.info cache by regenerate.
[2026-05-19T15:38:38.919] [DEBUG] debug-file - Incremental task :GeneratePackRes post-execution cost:1 ms .
[2026-05-19T15:38:38.919] [DEBUG] debug-file - Update task :PackageApp input file:/Users/jordanzt/Work/HuaweiWork/Others/Projects/JungleTestLabs/opencalc-harmonyos/build/outputs/default/pack.info cache by regenerate.
[2026-05-19T15:38:38.919] [DEBUG] debug-file - Update task :PackageApp input file:/Users/jordanzt/Work/HuaweiWork/Others/Projects/JungleTestLabs/opencalc-harmonyos/entry/build/default/outputs/default/entry-default-unsigned.hap cache by regenerate.
[2026-05-19T15:38:38.919] [DEBUG] debug-file - Update task :PackageApp output file:/Users/jordanzt/Work/HuaweiWork/Others/Projects/JungleTestLabs/opencalc-harmonyos/build/outputs/default/opencalc-harmonyos-default-unsigned.app cache.
[2026-05-19T15:38:38.919] [DEBUG] debug-file - Update task :PackageApp output file:/Users/jordanzt/Work/HuaweiWork/Others/Projects/JungleTestLabs/opencalc-harmonyos/entry/build/default/outputs/default/app/entry-default.hap cache.
[2026-05-19T15:38:38.919] [DEBUG] debug-file - Update task :PackageApp output file:/Users/jordanzt/Work/HuaweiWork/Others/Projects/JungleTestLabs/opencalc-harmonyos/build/outputs/default/symbol/debug cache.
[2026-05-19T15:38:38.919] [DEBUG] debug-file - Incremental task :PackageApp post-execution cost:1 ms .
[2026-05-19T15:38:38.919] [DEBUG] debug-file - Update task :SignPackagesFromApp input file:/Users/jordanzt/Work/HuaweiWork/Others/Projects/JungleTestLabs/opencalc-harmonyos/build/outputs/default/opencalc-harmonyos-default-unsigned.app cache by regenerate.
[2026-05-19T15:38:38.919] [DEBUG] debug-file - Incremental task :SignPackagesFromApp post-execution cost:1 ms .
[2026-05-19T15:38:38.919] [DEBUG] debug-file - Update task :SignApp input file:/Users/jordanzt/Work/HuaweiWork/Others/Projects/JungleTestLabs/opencalc-harmonyos/build/outputs/default/opencalc-harmonyos-default-unsigned.app cache by regenerate.
[2026-05-19T15:38:38.919] [DEBUG] debug-file - Update task :SignApp output file:/Users/jordanzt/Work/HuaweiWork/Others/Projects/JungleTestLabs/opencalc-harmonyos/build/outputs/default/opencalc-harmonyos-default-signed.app cache.
[2026-05-19T15:38:38.919] [DEBUG] debug-file - Incremental task :SignApp post-execution cost:1 ms .
[2026-05-19T15:38:38.927] [DEBUG] debug-file - Current worker pool is stopped or closed.
[2026-05-19T15:38:38.927] [DEBUG] debug-file - Clear worker 0.
[2026-05-19T15:38:38.927] [DEBUG] debug-file - Worker 0 has been cleared.
[2026-05-19T15:38:38.927] [DEBUG] debug-file - Current idle worker size: 3.
[2026-05-19T15:38:38.927] [DEBUG] debug-file - Current busy worker size: 0.
[2026-05-19T15:38:38.927] [DEBUG] debug-file - Clear worker 1.
[2026-05-19T15:38:38.927] [DEBUG] debug-file - Worker 1 has been cleared.
[2026-05-19T15:38:38.927] [DEBUG] debug-file - Current idle worker size: 2.
[2026-05-19T15:38:38.927] [DEBUG] debug-file - Current busy worker size: 0.
[2026-05-19T15:38:38.927] [DEBUG] debug-file - Clear worker 10.
[2026-05-19T15:38:38.927] [DEBUG] debug-file - Worker 10 has been cleared.
[2026-05-19T15:38:38.927] [DEBUG] debug-file - Current idle worker size: 1.
[2026-05-19T15:38:38.927] [DEBUG] debug-file - Current busy worker size: 0.
[2026-05-19T15:38:38.927] [DEBUG] debug-file - Clear worker 4.
[2026-05-19T15:38:38.927] [DEBUG] debug-file - Worker 4 has been cleared.
[2026-05-19T15:38:38.927] [DEBUG] debug-file - Current idle worker size: 0.
[2026-05-19T15:38:38.927] [DEBUG] debug-file - Current busy worker size: 0.
[2026-05-19T15:38:38.928] [DEBUG] debug-file - hvigor build process will be closed.
[2026-05-19T15:38:38.932] [DEBUG] debug-file - Current worker pool is terminated.
[2026-05-19T15:38:38.933] [DEBUG] debug-file - worker[1] exits with exit code 1.
[2026-05-19T15:38:38.933] [DEBUG] debug-file - worker[0] exits with exit code 1.
[2026-05-19T15:38:38.934] [DEBUG] debug-file - worker[10] exits with exit code 1.
[2026-05-19T15:38:38.941] [DEBUG] debug-file - worker[4] exits with exit code 1.
[2026-05-19T15:39:04.674] [DEBUG] debug-file - env: nodejsVersion=v18.20.1
[2026-05-19T15:39:04.827] [DEBUG] debug-file - Hvigor init with startParameters:{
  hvigorfileTypeCheck: false,
  parallelExecution: true,
  incrementalExecution: true,
  printStackTrace: false,
  daemon: false,
  analyze: 0,
  logLevel: Level { level: 20000, levelStr: 'INFO', colour: 'green' },
  optimizationStrategy: 'memory',
  hotCompile: undefined,
  hotReloadBuild: undefined,
  customizedParam: undefined
}
[2026-05-19T15:39:05.501] [DEBUG] debug-file - hvigorfile, require result:  { appTasks: [Getter] }
[2026-05-19T15:39:05.502] [DEBUG] debug-file - Starting plugin build process
[2026-05-19T15:39:05.593] [DEBUG] debug-file - App plugin register hook start...
[2026-05-19T15:39:05.594] [DEBUG] debug-file - Start initialize project's product build option map with build mode debug.
[2026-05-19T15:39:05.595] [DEBUG] debug-file - Obtain build option for product 'default'in this build.
[2026-05-19T15:39:04.674] [DEBUG] debug-file - env: hvigor-config.json5 content = { modelVersion: '6.0.2', dependencies: {} }
[2026-05-19T15:39:04.830] [DEBUG] debug-file - Cache service initialization finished in 3 ms 
[2026-05-19T15:39:05.502] [DEBUG] debug-file - hvigorfile, binding system plugins { appTasks: [Getter] }
[2026-05-19T15:39:05.615] [DEBUG] debug-file - Create  resident worker with id: 0.
[2026-05-19T15:39:05.502] [DEBUG] debug-file - App plugin prepare start...
[2026-05-19T15:39:05.593] [DEBUG] debug-file - App plugin register hook end...
[2026-05-19T15:39:05.594] [DEBUG] debug-file - Picking option from product 'default' with build mode 'debug'.
[2026-05-19T15:39:05.596] [DEBUG] debug-file - No signingConfig found, initRemoteHspCache failed.
[2026-05-19T15:39:04.675] [DEBUG] debug-file - env: daemon=false
[2026-05-19T15:39:04.830] [DEBUG] debug-file - hvigorfile, resolving /Users/jordanzt/Work/HuaweiWork/Others/Projects/JungleTestLabs/opencalc-harmonyos/hvigorfile.ts
[2026-05-19T15:39:05.616] [DEBUG] debug-file - Create  resident worker with id: 1.
[2026-05-19T15:39:05.502] [DEBUG] debug-file - App plugin prepare end...
[2026-05-19T15:39:05.593] [DEBUG] debug-file - Plugin build process completed
[2026-05-19T15:39:05.594] [DEBUG] debug-file - Product 'default' build option initialized
[2026-05-19T15:39:05.597] [DEBUG] debug-file - Local scan or download HarmonyOS sdk components toolchains,ets,js,native,previewer
[2026-05-19T15:39:04.675] [DEBUG] debug-file - no-daemon, use the parent process.execArgv --max-old-space-size=8192,--max-semi-space-size=16,--expose-gc
[2026-05-19T15:39:05.617] [DEBUG] debug-file - Current worker pool is stopped or closed.
[2026-05-19T15:39:05.502] [DEBUG] debug-file - App plugin creating...
[2026-05-19T15:39:05.594] [DEBUG] debug-file - End initialize project's product build option map with build mode 'debug'.
[2026-05-19T15:39:05.606] [DEBUG] debug-file - hvigor build process will be closed with an error.
[2026-05-19T15:39:05.617] [DEBUG] debug-file - Clear worker 0.
[2026-05-19T15:39:05.607] [ERROR] debug-file - [31m00303168 Configuration Error
Error Message: SDK component missing.

* Try the following:
  > Please verify the integrity of your SDK.
  > Please update the SDK at the download link below.
  > More info: https://developer.huawei.com/consumer/en/download
[39m

[31m* Try:
> Run with --stacktrace option to get the stack trace.
> Run with --debug option to get more log output.

[2026-05-19T15:39:05.617] [DEBUG] debug-file - Worker 0 has been cleared.
[2026-05-19T15:39:05.607] [DEBUG] debug-file - ERROR: stacktrace = AdaptorError: [31m00303168 Configuration Error
Error Message: SDK component missing.

* Try the following:
  > Please verify the integrity of your SDK.
  > Please update the SDK at the download link below.
  > More info: https://developer.huawei.com/consumer/en/download
[39m
    at OhosLogger.printErrorExit (/Applications/DevEco-Studio.app/contents/tools/hvigor/hvigor/src/base/log/hvigor-log.js:1:5087)
    at HmosSdkLoader.getHmosSdkComponents (/Applications/DevEco-Studio.app/contents/tools/hvigor/hvigor-ohos-plugin/src/sdk/hmos-sdk-loader.js:1:1895)
    at HosSdkInfo.setup (/Applications/DevEco-Studio.app/contents/tools/hvigor/hvigor-ohos-plugin/src/sdk/info/hos-sdk-info.js:1:1537)
    at ProjectTaskService.setup (/Applications/DevEco-Studio.app/contents/tools/hvigor/hvigor-ohos-plugin/src/tasks/service/project-task-service.js:1:2525)
    at ProjectImpl.<anonymous> (/Applications/DevEco-Studio.app/contents/tools/hvigor/hvigor-ohos-plugin/src/plugin/builder/app-plugin-builder.js:1:2236)
    at ProjectImpl.executeAfterBindSystemPluginsHook (/Applications/DevEco-Studio.app/contents/tools/hvigor/hvigor/src/base/internal/lifecycle/hvigor-node-impl/default-node-impl.js:1:5526)
    at evaluateNodeVigorFile (/Applications/DevEco-Studio.app/contents/tools/hvigor/hvigor/src/base/internal/lifecycle/configuration.js:1:9340)
    at process.processTicksAndRejections (node:internal/process/task_queues:95:5)
    at async evalProject (/Applications/DevEco-Studio.app/contents/tools/hvigor/hvigor/src/base/internal/lifecycle/configuration.js:1:3544)
    at async configuration (/Applications/DevEco-Studio.app/contents/tools/hvigor/hvigor/src/base/internal/lifecycle/configuration.js:1:2288)
[2026-05-19T15:39:05.617] [DEBUG] debug-file - Current idle worker size: 1.
[2026-05-19T15:39:05.607] [ERROR] debug-file - AdaptorError: [31m00303168 Configuration Error
Error Message: SDK component missing.

* Try the following:
  > Please verify the integrity of your SDK.
  > Please update the SDK at the download link below.
  > More info: https://developer.huawei.com/consumer/en/download
[39m
    at OhosLogger.printErrorExit (/Applications/DevEco-Studio.app/contents/tools/hvigor/hvigor/src/base/log/hvigor-log.js:1:5087)
    at HmosSdkLoader.getHmosSdkComponents (/Applications/DevEco-Studio.app/contents/tools/hvigor/hvigor-ohos-plugin/src/sdk/hmos-sdk-loader.js:1:1895)
    at HosSdkInfo.setup (/Applications/DevEco-Studio.app/contents/tools/hvigor/hvigor-ohos-plugin/src/sdk/info/hos-sdk-info.js:1:1537)
    at ProjectTaskService.setup (/Applications/DevEco-Studio.app/contents/tools/hvigor/hvigor-ohos-plugin/src/tasks/service/project-task-service.js:1:2525)
    at ProjectImpl.<anonymous> (/Applications/DevEco-Studio.app/contents/tools/hvigor/hvigor-ohos-plugin/src/plugin/builder/app-plugin-builder.js:1:2236)
    at ProjectImpl.executeAfterBindSystemPluginsHook (/Applications/DevEco-Studio.app/contents/tools/hvigor/hvigor/src/base/internal/lifecycle/hvigor-node-impl/default-node-impl.js:1:5526)
    at evaluateNodeVigorFile (/Applications/DevEco-Studio.app/contents/tools/hvigor/hvigor/src/base/internal/lifecycle/configuration.js:1:9340)
    at process.processTicksAndRejections (node:internal/process/task_queues:95:5)
    at async evalProject (/Applications/DevEco-Studio.app/contents/tools/hvigor/hvigor/src/base/internal/lifecycle/configuration.js:1:3544)
    at async configuration (/Applications/DevEco-Studio.app/contents/tools/hvigor/hvigor/src/base/internal/lifecycle/configuration.js:1:2288)
[2026-05-19T15:39:05.617] [DEBUG] debug-file - Current busy worker size: 0.
[2026-05-19T15:39:05.607] [ERROR] debug-file - BUILD FAILED in 783 ms 
[2026-05-19T15:39:05.617] [DEBUG] debug-file - Clear worker 1.
[2026-05-19T15:39:05.615] [DEBUG] debug-file - Since there is no instance or instance is terminated, create a new worker pool.
[2026-05-19T15:39:05.617] [DEBUG] debug-file - Worker 1 has been cleared.
[2026-05-19T15:39:05.615] [DEBUG] debug-file - Worker pool is initialized with config:  {
  minPoolNum: 2,
  maxPoolNum: undefined,
  maxCoreSize: undefined,
  cacheCapacity: undefined,
  cacheTtl: undefined
}
[2026-05-19T15:39:05.617] [DEBUG] debug-file - Current idle worker size: 0.
[2026-05-19T15:39:05.617] [DEBUG] debug-file - Current busy worker size: 0.
[2026-05-19T15:39:05.621] [DEBUG] debug-file - hvigor build process will be closed.
[2026-05-19T15:39:05.623] [DEBUG] debug-file - worker[0] exits with exit code 0.
[2026-05-19T15:39:05.623] [DEBUG] debug-file - worker[1] exits with exit code 0.
[2026-05-19T15:39:05.623] [DEBUG] debug-file - Current worker pool is terminated.
[2026-05-19T16:25:28.529] [DEBUG] debug-file - env: nodejsVersion=v23.9.0
[2026-05-19T16:25:28.553] [DEBUG] debug-file - env: daemon=true
[2026-05-19T16:25:28.530] [DEBUG] debug-file - env: hvigor-config.json5 content = { modelVersion: '6.0.2', dependencies: {} }
[2026-05-19T16:25:28.762] [DEBUG] debug-file - java daemon tryConnect success
[2026-05-19T16:25:28.770] [DEBUG] debug-file - session manager: set active socket. socketId=NSFmNtLWwHNA9M5yAAAB
[2026-05-19T16:25:28.986] [DEBUG] debug-file - watch worker: worker id should be larger than 0. Nothing will be sent to any worker thread.
[2026-05-19T16:25:28.987] [DEBUG] debug-file - Since there is no instance or instance is terminated, create a new worker pool.
[2026-05-19T16:25:28.988] [DEBUG] debug-file - Worker pool is initialized with config:  {
  minPoolNum: 2,
  maxPoolNum: undefined,
  maxCoreSize: undefined,
  cacheCapacity: undefined,
  cacheTtl: undefined
}
[2026-05-19T16:25:28.988] [DEBUG] debug-file - Create  resident worker with id: 0.
[2026-05-19T16:25:28.990] [DEBUG] debug-file - Create  resident worker with id: 1.
[2026-05-19T16:25:28.990] [DEBUG] debug-file - Workers' log level updated to INFO
[2026-05-19T16:25:28.993] [DEBUG] debug-file - Hvigor init with startParameters:{
  hvigorfileTypeCheck: false,
  parallelExecution: true,
  incrementalExecution: true,
  printStackTrace: false,
  daemon: true,
  analyze: 0,
  logLevel: Level { level: 20000, levelStr: 'INFO', colour: 'green' },
  optimizationStrategy: 'memory',
  hotCompile: undefined,
  hotReloadBuild: undefined,
  customizedParam: undefined
}
[2026-05-19T16:25:28.997] [DEBUG] debug-file - Cache service initialization finished in 4 ms 
[2026-05-19T16:25:28.998] [DEBUG] debug-file - hvigorfile, resolving /Users/jordanzt/Work/HuaweiWork/Others/Projects/JungleTestLabs/opencalc-harmonyos/hvigorfile.ts
[2026-05-19T16:25:29.749] [DEBUG] debug-file - hvigorfile, require result:  {}
[2026-05-19T16:25:29.750] [DEBUG] debug-file - hvigorfile, binding system plugins {}
[2026-05-19T16:25:29.750] [DEBUG] debug-file - Starting plugin build process
[2026-05-19T16:25:29.750] [DEBUG] debug-file - App plugin prepare start...
[2026-05-19T16:25:29.750] [DEBUG] debug-file - App plugin prepare end...
[2026-05-19T16:25:29.750] [DEBUG] debug-file - App plugin creating...
[2026-05-19T16:25:29.829] [DEBUG] debug-file - App plugin register hook start...
[2026-05-19T16:25:29.829] [DEBUG] debug-file - App plugin register hook end...
[2026-05-19T16:25:29.830] [DEBUG] debug-file - Plugin build process completed
[2026-05-19T16:25:29.830] [DEBUG] debug-file - Start initialize project's product build option map with build mode debug.
[2026-05-19T16:25:29.830] [DEBUG] debug-file - Picking option from product 'default' with build mode 'debug'.
[2026-05-19T16:25:29.830] [DEBUG] debug-file - Product 'default' build option initialized
[2026-05-19T16:25:29.830] [DEBUG] debug-file - End initialize project's product build option map with build mode 'debug'.
[2026-05-19T16:25:29.831] [DEBUG] debug-file - Obtain build option for product 'default'in this build.
[2026-05-19T16:25:29.832] [DEBUG] debug-file - No signingConfig found, initRemoteHspCache failed.
[2026-05-19T16:25:29.833] [DEBUG] debug-file - Local scan or download HarmonyOS sdk components toolchains,ets,js,native,previewer
[2026-05-19T16:25:29.890] [DEBUG] debug-file - hvigor build process will be closed with an error.
[2026-05-19T16:25:29.890] [ERROR] debug-file - [31m00303168 Configuration Error
Error Message: SDK component missing.

* Try the following:
  > Please verify the integrity of your SDK.
  > Please update the SDK at the download link below.
  > More info: https://developer.huawei.com/consumer/en/download
[39m

[31m* Try:
> Run with --stacktrace option to get the stack trace.
> Run with --debug option to get more log output.

[2026-05-19T16:25:29.890] [DEBUG] debug-file - ERROR: stacktrace = AdaptorError: [31m00303168 Configuration Error
Error Message: SDK component missing.

* Try the following:
  > Please verify the integrity of your SDK.
  > Please update the SDK at the download link below.
  > More info: https://developer.huawei.com/consumer/en/download
[39m
    at OhosLogger.printErrorExit (/Applications/DevEco-Studio.app/Contents/tools/hvigor/hvigor/src/base/log/hvigor-log.js:1:5087)
    at HmosSdkLoader.getHmosSdkComponents (/Applications/DevEco-Studio.app/Contents/tools/hvigor/hvigor-ohos-plugin/src/sdk/hmos-sdk-loader.js:1:1895)
    at HosSdkInfo.setup (/Applications/DevEco-Studio.app/Contents/tools/hvigor/hvigor-ohos-plugin/src/sdk/info/hos-sdk-info.js:1:1537)
    at ProjectTaskService.setup (/Applications/DevEco-Studio.app/Contents/tools/hvigor/hvigor-ohos-plugin/src/tasks/service/project-task-service.js:1:2525)
    at ProjectImpl.<anonymous> (/Applications/DevEco-Studio.app/Contents/tools/hvigor/hvigor-ohos-plugin/src/plugin/builder/app-plugin-builder.js:1:2236)
    at ProjectImpl.executeAfterBindSystemPluginsHook (/Applications/DevEco-Studio.app/Contents/tools/hvigor/hvigor/src/base/internal/lifecycle/hvigor-node-impl/default-node-impl.js:1:5526)
    at evaluateNodeVigorFile (/Applications/DevEco-Studio.app/Contents/tools/hvigor/hvigor/src/base/internal/lifecycle/configuration.js:1:9340)
    at process.processTicksAndRejections (node:internal/process/task_queues:105:5)
    at async evalProject (/Applications/DevEco-Studio.app/Contents/tools/hvigor/hvigor/src/base/internal/lifecycle/configuration.js:1:3544)
    at async configuration (/Applications/DevEco-Studio.app/Contents/tools/hvigor/hvigor/src/base/internal/lifecycle/configuration.js:1:2288)
[2026-05-19T16:25:29.890] [ERROR] debug-file - AdaptorError: [31m00303168 Configuration Error
Error Message: SDK component missing.

* Try the following:
  > Please verify the integrity of your SDK.
  > Please update the SDK at the download link below.
  > More info: https://developer.huawei.com/consumer/en/download
[39m
    at OhosLogger.printErrorExit (/Applications/DevEco-Studio.app/Contents/tools/hvigor/hvigor/src/base/log/hvigor-log.js:1:5087)
    at HmosSdkLoader.getHmosSdkComponents (/Applications/DevEco-Studio.app/Contents/tools/hvigor/hvigor-ohos-plugin/src/sdk/hmos-sdk-loader.js:1:1895)
    at HosSdkInfo.setup (/Applications/DevEco-Studio.app/Contents/tools/hvigor/hvigor-ohos-plugin/src/sdk/info/hos-sdk-info.js:1:1537)
    at ProjectTaskService.setup (/Applications/DevEco-Studio.app/Contents/tools/hvigor/hvigor-ohos-plugin/src/tasks/service/project-task-service.js:1:2525)
    at ProjectImpl.<anonymous> (/Applications/DevEco-Studio.app/Contents/tools/hvigor/hvigor-ohos-plugin/src/plugin/builder/app-plugin-builder.js:1:2236)
    at ProjectImpl.executeAfterBindSystemPluginsHook (/Applications/DevEco-Studio.app/Contents/tools/hvigor/hvigor/src/base/internal/lifecycle/hvigor-node-impl/default-node-impl.js:1:5526)
    at evaluateNodeVigorFile (/Applications/DevEco-Studio.app/Contents/tools/hvigor/hvigor/src/base/internal/lifecycle/configuration.js:1:9340)
    at process.processTicksAndRejections (node:internal/process/task_queues:105:5)
    at async evalProject (/Applications/DevEco-Studio.app/Contents/tools/hvigor/hvigor/src/base/internal/lifecycle/configuration.js:1:3544)
    at async configuration (/Applications/DevEco-Studio.app/Contents/tools/hvigor/hvigor/src/base/internal/lifecycle/configuration.js:1:2288)
[2026-05-19T16:25:29.891] [ERROR] debug-file - BUILD FAILED in 901 ms 
[2026-05-19T16:25:29.895] [DEBUG] debug-file - Cleanup worker 0.
[2026-05-19T16:25:29.895] [DEBUG] debug-file - Worker 0 has been cleaned up.
[2026-05-19T16:25:29.895] [DEBUG] debug-file - Current idle worker size: 1.
[2026-05-19T16:25:29.895] [DEBUG] debug-file - Current resident worker size: 2.
[2026-05-19T16:25:29.895] [DEBUG] debug-file - Cleanup worker 1.
[2026-05-19T16:25:29.895] [DEBUG] debug-file - Worker 1 has been cleaned up.
[2026-05-19T16:25:29.895] [DEBUG] debug-file - Current idle worker size: 0.
[2026-05-19T16:25:29.895] [DEBUG] debug-file - Current resident worker size: 2.
[2026-05-19T16:25:29.896] [DEBUG] debug-file - session manager: send message to worker process.
[2026-05-19T16:25:29.896] [DEBUG] debug-file - session manager: send message to worker process.
[2026-05-19T16:25:29.898] [DEBUG] debug-file - hvigor build process will be closed.
[2026-05-19T16:25:29.898] [DEBUG] debug-file - watch worker: worker id should be larger than 0. Nothing will be sent to any worker thread.
[2026-05-19T16:25:29.898] [DEBUG] debug-file - watch worker: worker id should be larger than 0. Nothing will be sent to any worker thread.
[2026-05-19T16:25:29.899] [DEBUG] debug-file - worker[1] exits with exit code 1.
[2026-05-19T16:25:29.899] [DEBUG] debug-file - worker[0] exits with exit code 1.
[2026-05-19T16:25:49.216] [DEBUG] debug-file - env: nodejsVersion=v23.9.0
[2026-05-19T16:25:49.227] [DEBUG] debug-file - env: daemon=true
[2026-05-19T16:25:49.216] [DEBUG] debug-file - env: hvigor-config.json5 content = { modelVersion: '6.0.2', dependencies: {} }
[2026-05-19T16:25:49.412] [DEBUG] debug-file - session manager: set active socket. socketId=uHygCtyKW_HDk0ztAAAD
[2026-05-19T16:25:49.414] [DEBUG] debug-file - watch worker: worker id should be larger than 0. Nothing will be sent to any worker thread.
[2026-05-19T16:25:49.414] [DEBUG] debug-file - Workers' log level updated to INFO
[2026-05-19T16:25:49.416] [DEBUG] debug-file - Hvigor init with startParameters:{
  hvigorfileTypeCheck: false,
  parallelExecution: true,
  incrementalExecution: true,
  printStackTrace: false,
  daemon: true,
  analyze: 0,
  logLevel: Level { level: 20000, levelStr: 'INFO', colour: 'green' },
  optimizationStrategy: 'memory',
  hotCompile: undefined,
  hotReloadBuild: undefined,
  customizedParam: undefined
}
[2026-05-19T16:25:49.418] [DEBUG] debug-file - Cache service initialization finished in 3 ms 
[2026-05-19T16:25:49.418] [DEBUG] debug-file - hvigorfile, resolving /Users/jordanzt/Work/HuaweiWork/Others/Projects/JungleTestLabs/opencalc-harmonyos/hvigorfile.ts
[2026-05-19T16:25:49.425] [DEBUG] debug-file - hvigorfile, require result:  {}
[2026-05-19T16:25:49.425] [DEBUG] debug-file - hvigorfile, binding system plugins {}
[2026-05-19T16:25:49.425] [DEBUG] debug-file - Starting plugin build process
[2026-05-19T16:25:49.425] [DEBUG] debug-file - App plugin prepare start...
[2026-05-19T16:25:49.425] [DEBUG] debug-file - App plugin prepare end...
[2026-05-19T16:25:49.425] [DEBUG] debug-file - App plugin creating...
[2026-05-19T16:25:49.428] [DEBUG] debug-file - App plugin register hook start...
[2026-05-19T16:25:49.428] [DEBUG] debug-file - App plugin register hook end...
[2026-05-19T16:25:49.429] [DEBUG] debug-file - Plugin build process completed
[2026-05-19T16:25:49.429] [DEBUG] debug-file - Start initialize project's product build option map with build mode debug.
[2026-05-19T16:25:49.429] [DEBUG] debug-file - Picking option from product 'default' with build mode 'debug'.
[2026-05-19T16:25:49.429] [DEBUG] debug-file - Product 'default' build option initialized
[2026-05-19T16:25:49.429] [DEBUG] debug-file - End initialize project's product build option map with build mode 'debug'.
[2026-05-19T16:25:49.429] [DEBUG] debug-file - Obtain build option for product 'default'in this build.
[2026-05-19T16:25:49.429] [DEBUG] debug-file - No signingConfig found, initRemoteHspCache failed.
[2026-05-19T16:25:49.430] [DEBUG] debug-file - Local scan or download HarmonyOS sdk components toolchains,ets,js,native,previewer
[2026-05-19T16:25:49.433] [DEBUG] debug-file - hvigor build process will be closed with an error.
[2026-05-19T16:25:49.433] [ERROR] debug-file - [31m00303168 Configuration Error
Error Message: SDK component missing.

* Try the following:
  > Please verify the integrity of your SDK.
  > Please update the SDK at the download link below.
  > More info: https://developer.huawei.com/consumer/en/download
[39m

[31m* Try:
> Run with --stacktrace option to get the stack trace.
> Run with --debug option to get more log output.

[2026-05-19T16:25:49.434] [DEBUG] debug-file - ERROR: stacktrace = AdaptorError: [31m00303168 Configuration Error
Error Message: SDK component missing.

* Try the following:
  > Please verify the integrity of your SDK.
  > Please update the SDK at the download link below.
  > More info: https://developer.huawei.com/consumer/en/download
[39m
    at OhosLogger.printErrorExit (/Applications/DevEco-Studio.app/Contents/tools/hvigor/hvigor/src/base/log/hvigor-log.js:1:5087)
    at HmosSdkLoader.getHmosSdkComponents (/Applications/DevEco-Studio.app/Contents/tools/hvigor/hvigor-ohos-plugin/src/sdk/hmos-sdk-loader.js:1:1895)
    at HosSdkInfo.setup (/Applications/DevEco-Studio.app/Contents/tools/hvigor/hvigor-ohos-plugin/src/sdk/info/hos-sdk-info.js:1:1537)
    at ProjectTaskService.setup (/Applications/DevEco-Studio.app/Contents/tools/hvigor/hvigor-ohos-plugin/src/tasks/service/project-task-service.js:1:2525)
    at ProjectImpl.<anonymous> (/Applications/DevEco-Studio.app/Contents/tools/hvigor/hvigor-ohos-plugin/src/plugin/builder/app-plugin-builder.js:1:2236)
    at ProjectImpl.executeAfterBindSystemPluginsHook (/Applications/DevEco-Studio.app/Contents/tools/hvigor/hvigor/src/base/internal/lifecycle/hvigor-node-impl/default-node-impl.js:1:5526)
    at evaluateNodeVigorFile (/Applications/DevEco-Studio.app/Contents/tools/hvigor/hvigor/src/base/internal/lifecycle/configuration.js:1:9340)
    at process.processTicksAndRejections (node:internal/process/task_queues:105:5)
    at async evalProject (/Applications/DevEco-Studio.app/Contents/tools/hvigor/hvigor/src/base/internal/lifecycle/configuration.js:1:3544)
    at async configuration (/Applications/DevEco-Studio.app/Contents/tools/hvigor/hvigor/src/base/internal/lifecycle/configuration.js:1:2288)
[2026-05-19T16:25:49.434] [ERROR] debug-file - AdaptorError: [31m00303168 Configuration Error
Error Message: SDK component missing.

* Try the following:
  > Please verify the integrity of your SDK.
  > Please update the SDK at the download link below.
  > More info: https://developer.huawei.com/consumer/en/download
[39m
    at OhosLogger.printErrorExit (/Applications/DevEco-Studio.app/Contents/tools/hvigor/hvigor/src/base/log/hvigor-log.js:1:5087)
    at HmosSdkLoader.getHmosSdkComponents (/Applications/DevEco-Studio.app/Contents/tools/hvigor/hvigor-ohos-plugin/src/sdk/hmos-sdk-loader.js:1:1895)
    at HosSdkInfo.setup (/Applications/DevEco-Studio.app/Contents/tools/hvigor/hvigor-ohos-plugin/src/sdk/info/hos-sdk-info.js:1:1537)
    at ProjectTaskService.setup (/Applications/DevEco-Studio.app/Contents/tools/hvigor/hvigor-ohos-plugin/src/tasks/service/project-task-service.js:1:2525)
    at ProjectImpl.<anonymous> (/Applications/DevEco-Studio.app/Contents/tools/hvigor/hvigor-ohos-plugin/src/plugin/builder/app-plugin-builder.js:1:2236)
    at ProjectImpl.executeAfterBindSystemPluginsHook (/Applications/DevEco-Studio.app/Contents/tools/hvigor/hvigor/src/base/internal/lifecycle/hvigor-node-impl/default-node-impl.js:1:5526)
    at evaluateNodeVigorFile (/Applications/DevEco-Studio.app/Contents/tools/hvigor/hvigor/src/base/internal/lifecycle/configuration.js:1:9340)
    at process.processTicksAndRejections (node:internal/process/task_queues:105:5)
    at async evalProject (/Applications/DevEco-Studio.app/Contents/tools/hvigor/hvigor/src/base/internal/lifecycle/configuration.js:1:3544)
    at async configuration (/Applications/DevEco-Studio.app/Contents/tools/hvigor/hvigor/src/base/internal/lifecycle/configuration.js:1:2288)
[2026-05-19T16:25:49.434] [ERROR] debug-file - BUILD FAILED in 20 ms 
[2026-05-19T16:25:49.435] [DEBUG] debug-file - session manager: send message to worker process.
[2026-05-19T16:25:49.435] [DEBUG] debug-file - session manager: send message to worker process.
[2026-05-19T16:25:49.436] [DEBUG] debug-file - There's no busy workers and idle workers need cleanup.
[2026-05-19T16:25:49.436] [DEBUG] debug-file - hvigor build process will be closed.
[2026-05-19T16:25:49.436] [DEBUG] debug-file - watch worker: worker id should be larger than 0. Nothing will be sent to any worker thread.
[2026-05-19T16:25:49.436] [DEBUG] debug-file - watch worker: worker id should be larger than 0. Nothing will be sent to any worker thread.
[2026-05-19T16:28:25.315] [DEBUG] debug-file - env: nodejsVersion=v23.9.0
[2026-05-19T16:28:25.326] [DEBUG] debug-file - env: daemon=true
[2026-05-19T16:28:25.316] [DEBUG] debug-file - env: hvigor-config.json5 content = { modelVersion: '6.0.2', dependencies: {} }
[2026-05-19T16:28:25.527] [DEBUG] debug-file - session manager: set active socket. socketId=8iOHRPWA4xfSn04pAAAF
[2026-05-19T16:28:25.531] [DEBUG] debug-file - watch worker: worker id should be larger than 0. Nothing will be sent to any worker thread.
[2026-05-19T16:28:25.532] [DEBUG] debug-file - Workers' log level updated to INFO
[2026-05-19T16:28:25.534] [DEBUG] debug-file - Hvigor init with startParameters:{
  hvigorfileTypeCheck: false,
  parallelExecution: true,
  incrementalExecution: true,
  printStackTrace: false,
  daemon: true,
  analyze: 0,
  logLevel: Level { level: 20000, levelStr: 'INFO', colour: 'green' },
  optimizationStrategy: 'memory',
  hotCompile: undefined,
  hotReloadBuild: undefined,
  customizedParam: undefined
}
[2026-05-19T16:28:25.537] [DEBUG] debug-file - Cache service initialization finished in 4 ms 
[2026-05-19T16:28:25.538] [DEBUG] debug-file - hvigorfile, resolving /Users/jordanzt/Work/HuaweiWork/Others/Projects/JungleTestLabs/opencalc-harmonyos/hvigorfile.ts
[2026-05-19T16:28:25.543] [DEBUG] debug-file - hvigorfile, require result:  {}
[2026-05-19T16:28:25.543] [DEBUG] debug-file - hvigorfile, binding system plugins {}
[2026-05-19T16:28:25.544] [DEBUG] debug-file - Starting plugin build process
[2026-05-19T16:28:25.544] [DEBUG] debug-file - App plugin prepare start...
[2026-05-19T16:28:25.544] [DEBUG] debug-file - App plugin prepare end...
[2026-05-19T16:28:25.544] [DEBUG] debug-file - App plugin creating...
[2026-05-19T16:28:25.552] [DEBUG] debug-file - App plugin register hook start...
[2026-05-19T16:28:25.552] [DEBUG] debug-file - App plugin register hook end...
[2026-05-19T16:28:25.552] [DEBUG] debug-file - Plugin build process completed
[2026-05-19T16:28:25.552] [DEBUG] debug-file - Start initialize project's product build option map with build mode debug.
[2026-05-19T16:28:25.552] [DEBUG] debug-file - Picking option from product 'default' with build mode 'debug'.
[2026-05-19T16:28:25.552] [DEBUG] debug-file - Product 'default' build option initialized
[2026-05-19T16:28:25.552] [DEBUG] debug-file - End initialize project's product build option map with build mode 'debug'.
[2026-05-19T16:28:25.552] [DEBUG] debug-file - Obtain build option for product 'default'in this build.
[2026-05-19T16:28:25.553] [DEBUG] debug-file - No signingConfig found, initRemoteHspCache failed.
[2026-05-19T16:28:25.554] [DEBUG] debug-file - Local scan or download HarmonyOS sdk components toolchains,ets,js,native,previewer
[2026-05-19T16:28:25.559] [DEBUG] debug-file - hvigor build process will be closed with an error.
[2026-05-19T16:28:25.559] [ERROR] debug-file - [31m00303168 Configuration Error
Error Message: SDK component missing.

* Try the following:
  > Please verify the integrity of your SDK.
  > Please update the SDK at the download link below.
  > More info: https://developer.huawei.com/consumer/en/download
[39m

[31m* Try:
> Run with --stacktrace option to get the stack trace.
> Run with --debug option to get more log output.

[2026-05-19T16:28:25.559] [DEBUG] debug-file - ERROR: stacktrace = AdaptorError: [31m00303168 Configuration Error
Error Message: SDK component missing.

* Try the following:
  > Please verify the integrity of your SDK.
  > Please update the SDK at the download link below.
  > More info: https://developer.huawei.com/consumer/en/download
[39m
    at OhosLogger.printErrorExit (/Applications/DevEco-Studio.app/Contents/tools/hvigor/hvigor/src/base/log/hvigor-log.js:1:5087)
    at HmosSdkLoader.getHmosSdkComponents (/Applications/DevEco-Studio.app/Contents/tools/hvigor/hvigor-ohos-plugin/src/sdk/hmos-sdk-loader.js:1:1895)
    at HosSdkInfo.setup (/Applications/DevEco-Studio.app/Contents/tools/hvigor/hvigor-ohos-plugin/src/sdk/info/hos-sdk-info.js:1:1537)
    at ProjectTaskService.setup (/Applications/DevEco-Studio.app/Contents/tools/hvigor/hvigor-ohos-plugin/src/tasks/service/project-task-service.js:1:2525)
    at ProjectImpl.<anonymous> (/Applications/DevEco-Studio.app/Contents/tools/hvigor/hvigor-ohos-plugin/src/plugin/builder/app-plugin-builder.js:1:2236)
    at ProjectImpl.executeAfterBindSystemPluginsHook (/Applications/DevEco-Studio.app/Contents/tools/hvigor/hvigor/src/base/internal/lifecycle/hvigor-node-impl/default-node-impl.js:1:5526)
    at evaluateNodeVigorFile (/Applications/DevEco-Studio.app/Contents/tools/hvigor/hvigor/src/base/internal/lifecycle/configuration.js:1:9340)
    at process.processTicksAndRejections (node:internal/process/task_queues:105:5)
    at async evalProject (/Applications/DevEco-Studio.app/Contents/tools/hvigor/hvigor/src/base/internal/lifecycle/configuration.js:1:3544)
    at async configuration (/Applications/DevEco-Studio.app/Contents/tools/hvigor/hvigor/src/base/internal/lifecycle/configuration.js:1:2288)
[2026-05-19T16:28:25.559] [ERROR] debug-file - AdaptorError: [31m00303168 Configuration Error
Error Message: SDK component missing.

* Try the following:
  > Please verify the integrity of your SDK.
  > Please update the SDK at the download link below.
  > More info: https://developer.huawei.com/consumer/en/download
[39m
    at OhosLogger.printErrorExit (/Applications/DevEco-Studio.app/Contents/tools/hvigor/hvigor/src/base/log/hvigor-log.js:1:5087)
    at HmosSdkLoader.getHmosSdkComponents (/Applications/DevEco-Studio.app/Contents/tools/hvigor/hvigor-ohos-plugin/src/sdk/hmos-sdk-loader.js:1:1895)
    at HosSdkInfo.setup (/Applications/DevEco-Studio.app/Contents/tools/hvigor/hvigor-ohos-plugin/src/sdk/info/hos-sdk-info.js:1:1537)
    at ProjectTaskService.setup (/Applications/DevEco-Studio.app/Contents/tools/hvigor/hvigor-ohos-plugin/src/tasks/service/project-task-service.js:1:2525)
    at ProjectImpl.<anonymous> (/Applications/DevEco-Studio.app/Contents/tools/hvigor/hvigor-ohos-plugin/src/plugin/builder/app-plugin-builder.js:1:2236)
    at ProjectImpl.executeAfterBindSystemPluginsHook (/Applications/DevEco-Studio.app/Contents/tools/hvigor/hvigor/src/base/internal/lifecycle/hvigor-node-impl/default-node-impl.js:1:5526)
    at evaluateNodeVigorFile (/Applications/DevEco-Studio.app/Contents/tools/hvigor/hvigor/src/base/internal/lifecycle/configuration.js:1:9340)
    at process.processTicksAndRejections (node:internal/process/task_queues:105:5)
    at async evalProject (/Applications/DevEco-Studio.app/Contents/tools/hvigor/hvigor/src/base/internal/lifecycle/configuration.js:1:3544)
    at async configuration (/Applications/DevEco-Studio.app/Contents/tools/hvigor/hvigor/src/base/internal/lifecycle/configuration.js:1:2288)
[2026-05-19T16:28:25.559] [ERROR] debug-file - BUILD FAILED in 27 ms 
[2026-05-19T16:28:25.562] [DEBUG] debug-file - There's no busy workers and idle workers need cleanup.
[2026-05-19T16:28:25.562] [DEBUG] debug-file - hvigor build process will be closed.
[2026-05-19T16:28:25.564] [DEBUG] debug-file - session manager: send message to worker process.
[2026-05-19T16:28:25.564] [DEBUG] debug-file - session manager: send message to worker process.
[2026-05-19T16:28:25.564] [DEBUG] debug-file - watch worker: worker id should be larger than 0. Nothing will be sent to any worker thread.
[2026-05-19T16:28:25.564] [DEBUG] debug-file - watch worker: worker id should be larger than 0. Nothing will be sent to any worker thread.
[2026-05-19T16:29:17.446] [DEBUG] debug-file - env: nodejsVersion=v18.20.1
[2026-05-19T16:29:17.598] [DEBUG] debug-file - Hvigor init with startParameters:{
  hvigorfileTypeCheck: false,
  parallelExecution: true,
  incrementalExecution: true,
  printStackTrace: false,
  daemon: false,
  analyze: 0,
  logLevel: Level { level: 20000, levelStr: 'INFO', colour: 'green' },
  optimizationStrategy: 'memory',
  hotCompile: undefined,
  hotReloadBuild: undefined,
  customizedParam: undefined
}
[2026-05-19T16:29:18.315] [DEBUG] debug-file - hvigorfile, require result:  { appTasks: [Getter] }
[2026-05-19T16:29:18.315] [DEBUG] debug-file - Starting plugin build process
[2026-05-19T16:29:18.403] [DEBUG] debug-file - App plugin register hook start...
[2026-05-19T16:29:18.404] [DEBUG] debug-file - Start initialize project's product build option map with build mode debug.
[2026-05-19T16:29:18.406] [DEBUG] debug-file - Obtain build option for product 'default'in this build.
[2026-05-19T16:29:17.447] [DEBUG] debug-file - env: hvigor-config.json5 content = { modelVersion: '6.0.2', dependencies: {} }
[2026-05-19T16:29:17.600] [DEBUG] debug-file - Cache service initialization finished in 3 ms 
[2026-05-19T16:29:18.428] [DEBUG] debug-file - Create  resident worker with id: 0.
[2026-05-19T16:29:18.315] [DEBUG] debug-file - hvigorfile, binding system plugins { appTasks: [Getter] }
[2026-05-19T16:29:18.315] [DEBUG] debug-file - App plugin prepare start...
[2026-05-19T16:29:18.404] [DEBUG] debug-file - App plugin register hook end...
[2026-05-19T16:29:18.404] [DEBUG] debug-file - Picking option from product 'default' with build mode 'debug'.
[2026-05-19T16:29:18.406] [DEBUG] debug-file - No signingConfig found, initRemoteHspCache failed.
[2026-05-19T16:29:17.448] [DEBUG] debug-file - env: daemon=false
[2026-05-19T16:29:17.601] [DEBUG] debug-file - hvigorfile, resolving /Users/jordanzt/Work/HuaweiWork/Others/Projects/JungleTestLabs/opencalc-harmonyos/hvigorfile.ts
[2026-05-19T16:29:18.429] [DEBUG] debug-file - Create  resident worker with id: 1.
[2026-05-19T16:29:18.315] [DEBUG] debug-file - App plugin prepare end...
[2026-05-19T16:29:18.404] [DEBUG] debug-file - Plugin build process completed
[2026-05-19T16:29:18.405] [DEBUG] debug-file - Product 'default' build option initialized
[2026-05-19T16:29:18.408] [DEBUG] debug-file - Local scan or download HarmonyOS sdk components toolchains,ets,js,native,previewer
[2026-05-19T16:29:17.448] [DEBUG] debug-file - no-daemon, use the parent process.execArgv --max-old-space-size=8192,--max-semi-space-size=16,--expose-gc
[2026-05-19T16:29:18.430] [DEBUG] debug-file - Current worker pool is stopped or closed.
[2026-05-19T16:29:18.315] [DEBUG] debug-file - App plugin creating...
[2026-05-19T16:29:18.405] [DEBUG] debug-file - End initialize project's product build option map with build mode 'debug'.
[2026-05-19T16:29:18.418] [DEBUG] debug-file - hvigor build process will be closed with an error.
[2026-05-19T16:29:18.430] [DEBUG] debug-file - Clear worker 0.
[2026-05-19T16:29:18.418] [ERROR] debug-file - [31m00303168 Configuration Error
Error Message: SDK component missing.

* Try the following:
  > Please verify the integrity of your SDK.
  > Please update the SDK at the download link below.
  > More info: https://developer.huawei.com/consumer/en/download
[39m

[31m* Try:
> Run with --stacktrace option to get the stack trace.
> Run with --debug option to get more log output.

[2026-05-19T16:29:18.431] [DEBUG] debug-file - Worker 0 has been cleared.
[2026-05-19T16:29:18.419] [DEBUG] debug-file - ERROR: stacktrace = AdaptorError: [31m00303168 Configuration Error
Error Message: SDK component missing.

* Try the following:
  > Please verify the integrity of your SDK.
  > Please update the SDK at the download link below.
  > More info: https://developer.huawei.com/consumer/en/download
[39m
    at OhosLogger.printErrorExit (/Applications/DevEco-Studio.app/contents/tools/hvigor/hvigor/src/base/log/hvigor-log.js:1:5087)
    at HmosSdkLoader.getHmosSdkComponents (/Applications/DevEco-Studio.app/contents/tools/hvigor/hvigor-ohos-plugin/src/sdk/hmos-sdk-loader.js:1:1895)
    at HosSdkInfo.setup (/Applications/DevEco-Studio.app/contents/tools/hvigor/hvigor-ohos-plugin/src/sdk/info/hos-sdk-info.js:1:1537)
    at ProjectTaskService.setup (/Applications/DevEco-Studio.app/contents/tools/hvigor/hvigor-ohos-plugin/src/tasks/service/project-task-service.js:1:2525)
    at ProjectImpl.<anonymous> (/Applications/DevEco-Studio.app/contents/tools/hvigor/hvigor-ohos-plugin/src/plugin/builder/app-plugin-builder.js:1:2236)
    at ProjectImpl.executeAfterBindSystemPluginsHook (/Applications/DevEco-Studio.app/contents/tools/hvigor/hvigor/src/base/internal/lifecycle/hvigor-node-impl/default-node-impl.js:1:5526)
    at evaluateNodeVigorFile (/Applications/DevEco-Studio.app/contents/tools/hvigor/hvigor/src/base/internal/lifecycle/configuration.js:1:9340)
    at process.processTicksAndRejections (node:internal/process/task_queues:95:5)
    at async evalProject (/Applications/DevEco-Studio.app/contents/tools/hvigor/hvigor/src/base/internal/lifecycle/configuration.js:1:3544)
    at async configuration (/Applications/DevEco-Studio.app/contents/tools/hvigor/hvigor/src/base/internal/lifecycle/configuration.js:1:2288)
[2026-05-19T16:29:18.431] [DEBUG] debug-file - Current idle worker size: 1.
[2026-05-19T16:29:18.419] [ERROR] debug-file - AdaptorError: [31m00303168 Configuration Error
Error Message: SDK component missing.

* Try the following:
  > Please verify the integrity of your SDK.
  > Please update the SDK at the download link below.
  > More info: https://developer.huawei.com/consumer/en/download
[39m
    at OhosLogger.printErrorExit (/Applications/DevEco-Studio.app/contents/tools/hvigor/hvigor/src/base/log/hvigor-log.js:1:5087)
    at HmosSdkLoader.getHmosSdkComponents (/Applications/DevEco-Studio.app/contents/tools/hvigor/hvigor-ohos-plugin/src/sdk/hmos-sdk-loader.js:1:1895)
    at HosSdkInfo.setup (/Applications/DevEco-Studio.app/contents/tools/hvigor/hvigor-ohos-plugin/src/sdk/info/hos-sdk-info.js:1:1537)
    at ProjectTaskService.setup (/Applications/DevEco-Studio.app/contents/tools/hvigor/hvigor-ohos-plugin/src/tasks/service/project-task-service.js:1:2525)
    at ProjectImpl.<anonymous> (/Applications/DevEco-Studio.app/contents/tools/hvigor/hvigor-ohos-plugin/src/plugin/builder/app-plugin-builder.js:1:2236)
    at ProjectImpl.executeAfterBindSystemPluginsHook (/Applications/DevEco-Studio.app/contents/tools/hvigor/hvigor/src/base/internal/lifecycle/hvigor-node-impl/default-node-impl.js:1:5526)
    at evaluateNodeVigorFile (/Applications/DevEco-Studio.app/contents/tools/hvigor/hvigor/src/base/internal/lifecycle/configuration.js:1:9340)
    at process.processTicksAndRejections (node:internal/process/task_queues:95:5)
    at async evalProject (/Applications/DevEco-Studio.app/contents/tools/hvigor/hvigor/src/base/internal/lifecycle/configuration.js:1:3544)
    at async configuration (/Applications/DevEco-Studio.app/contents/tools/hvigor/hvigor/src/base/internal/lifecycle/configuration.js:1:2288)
[2026-05-19T16:29:18.431] [DEBUG] debug-file - Current busy worker size: 0.
[2026-05-19T16:29:18.420] [ERROR] debug-file - BUILD FAILED in 825 ms 
[2026-05-19T16:29:18.431] [DEBUG] debug-file - Clear worker 1.
[2026-05-19T16:29:18.428] [DEBUG] debug-file - Since there is no instance or instance is terminated, create a new worker pool.
[2026-05-19T16:29:18.431] [DEBUG] debug-file - Worker 1 has been cleared.
[2026-05-19T16:29:18.428] [DEBUG] debug-file - Worker pool is initialized with config:  {
  minPoolNum: 2,
  maxPoolNum: undefined,
  maxCoreSize: undefined,
  cacheCapacity: undefined,
  cacheTtl: undefined
}
[2026-05-19T16:29:18.431] [DEBUG] debug-file - Current idle worker size: 0.
[2026-05-19T16:29:18.431] [DEBUG] debug-file - Current busy worker size: 0.
[2026-05-19T16:29:18.435] [DEBUG] debug-file - hvigor build process will be closed.
[2026-05-19T16:29:18.437] [DEBUG] debug-file - worker[0] exits with exit code 0.
[2026-05-19T16:29:18.437] [DEBUG] debug-file - worker[1] exits with exit code 0.
[2026-05-19T16:29:18.438] [DEBUG] debug-file - Current worker pool is terminated.
[2026-05-19T16:31:40.385] [DEBUG] debug-file - env: nodejsVersion=v23.9.0
[2026-05-19T16:31:40.534] [DEBUG] debug-file - Hvigor init with startParameters:{
  hvigorfileTypeCheck: false,
  parallelExecution: true,
  incrementalExecution: true,
  printStackTrace: false,
  daemon: false,
  analyze: 0,
  logLevel: Level { level: 20000, levelStr: 'INFO', colour: 'green' },
  optimizationStrategy: 'memory',
  hotCompile: undefined,
  hotReloadBuild: undefined,
  customizedParam: undefined
}
[2026-05-19T16:31:41.254] [DEBUG] debug-file - hvigorfile, require result:  { appTasks: [Getter] }
[2026-05-19T16:31:41.254] [DEBUG] debug-file - Starting plugin build process
[2026-05-19T16:31:41.335] [DEBUG] debug-file - App plugin register hook start...
[2026-05-19T16:31:41.336] [DEBUG] debug-file - Start initialize project's product build option map with build mode debug.
[2026-05-19T16:31:41.337] [DEBUG] debug-file - Obtain build option for product 'default'in this build.
[2026-05-19T16:31:40.386] [DEBUG] debug-file - env: hvigor-config.json5 content = { modelVersion: '6.0.2', dependencies: {} }
[2026-05-19T16:31:40.534] [DEBUG] debug-file - Since current hvigor version 6.22.3 differs from last hvigor version 
      undefined, delete file-cache.json and task-cache.json.
[2026-05-19T16:31:41.399] [DEBUG] debug-file - Create  resident worker with id: 0.
[2026-05-19T16:31:41.254] [DEBUG] debug-file - hvigorfile, binding system plugins { appTasks: [Getter] }
[2026-05-19T16:31:41.254] [DEBUG] debug-file - App plugin prepare start...
[2026-05-19T16:31:41.335] [DEBUG] debug-file - App plugin register hook end...
[2026-05-19T16:31:41.336] [DEBUG] debug-file - Picking option from product 'default' with build mode 'debug'.
[2026-05-19T16:31:41.338] [DEBUG] debug-file - No signingConfig found, initRemoteHspCache failed.
[2026-05-19T16:31:40.387] [DEBUG] debug-file - env: daemon=false
[2026-05-19T16:31:40.534] [DEBUG] debug-file - Cache service initialization finished in 1 ms 
[2026-05-19T16:31:41.400] [DEBUG] debug-file - Create  resident worker with id: 1.
[2026-05-19T16:31:41.254] [DEBUG] debug-file - App plugin prepare end...
[2026-05-19T16:31:41.335] [DEBUG] debug-file - Plugin build process completed
[2026-05-19T16:31:41.336] [DEBUG] debug-file - Product 'default' build option initialized
[2026-05-19T16:31:41.339] [DEBUG] debug-file - Local scan or download HarmonyOS sdk components toolchains,ets,js,native,previewer
[2026-05-19T16:31:40.387] [DEBUG] debug-file - no-daemon, use the parent process.execArgv --max-old-space-size=8192,--max-semi-space-size=16,--expose-gc
[2026-05-19T16:31:40.535] [DEBUG] debug-file - hvigorfile, resolving /Users/jordanzt/Work/HuaweiWork/Others/Projects/JungleTestLabs/opencalc-harmonyos/hvigorfile.ts
[2026-05-19T16:31:41.401] [DEBUG] debug-file - Current worker pool is stopped or closed.
[2026-05-19T16:31:41.254] [DEBUG] debug-file - App plugin creating...
[2026-05-19T16:31:41.336] [DEBUG] debug-file - End initialize project's product build option map with build mode 'debug'.
[2026-05-19T16:31:41.393] [DEBUG] debug-file - hvigor build process will be closed with an error.
[2026-05-19T16:31:41.401] [DEBUG] debug-file - Clear worker 0.
[2026-05-19T16:31:41.394] [ERROR] debug-file - [31m00303168 Configuration Error
Error Message: SDK component missing.

* Try the following:
  > Please verify the integrity of your SDK.
  > Please update the SDK at the download link below.
  > More info: https://developer.huawei.com/consumer/en/download
[39m

[31m* Try:
> Run with --stacktrace option to get the stack trace.
> Run with --debug option to get more log output.

[2026-05-19T16:31:41.401] [DEBUG] debug-file - Worker 0 has been cleared.
[2026-05-19T16:31:41.394] [DEBUG] debug-file - ERROR: stacktrace = AdaptorError: [31m00303168 Configuration Error
Error Message: SDK component missing.

* Try the following:
  > Please verify the integrity of your SDK.
  > Please update the SDK at the download link below.
  > More info: https://developer.huawei.com/consumer/en/download
[39m
    at OhosLogger.printErrorExit (/Applications/DevEco-Studio.app/Contents/tools/hvigor/hvigor/src/base/log/hvigor-log.js:1:5087)
    at HmosSdkLoader.getHmosSdkComponents (/Applications/DevEco-Studio.app/Contents/tools/hvigor/hvigor-ohos-plugin/src/sdk/hmos-sdk-loader.js:1:1895)
    at HosSdkInfo.setup (/Applications/DevEco-Studio.app/Contents/tools/hvigor/hvigor-ohos-plugin/src/sdk/info/hos-sdk-info.js:1:1537)
    at ProjectTaskService.setup (/Applications/DevEco-Studio.app/Contents/tools/hvigor/hvigor-ohos-plugin/src/tasks/service/project-task-service.js:1:2525)
    at ProjectImpl.<anonymous> (/Applications/DevEco-Studio.app/Contents/tools/hvigor/hvigor-ohos-plugin/src/plugin/builder/app-plugin-builder.js:1:2236)
    at ProjectImpl.executeAfterBindSystemPluginsHook (/Applications/DevEco-Studio.app/Contents/tools/hvigor/hvigor/src/base/internal/lifecycle/hvigor-node-impl/default-node-impl.js:1:5526)
    at evaluateNodeVigorFile (/Applications/DevEco-Studio.app/Contents/tools/hvigor/hvigor/src/base/internal/lifecycle/configuration.js:1:9340)
    at process.processTicksAndRejections (node:internal/process/task_queues:105:5)
    at async evalProject (/Applications/DevEco-Studio.app/Contents/tools/hvigor/hvigor/src/base/internal/lifecycle/configuration.js:1:3544)
    at async configuration (/Applications/DevEco-Studio.app/Contents/tools/hvigor/hvigor/src/base/internal/lifecycle/configuration.js:1:2288)
[2026-05-19T16:31:41.401] [DEBUG] debug-file - Current idle worker size: 1.
[2026-05-19T16:31:41.394] [ERROR] debug-file - AdaptorError: [31m00303168 Configuration Error
Error Message: SDK component missing.

* Try the following:
  > Please verify the integrity of your SDK.
  > Please update the SDK at the download link below.
  > More info: https://developer.huawei.com/consumer/en/download
[39m
    at OhosLogger.printErrorExit (/Applications/DevEco-Studio.app/Contents/tools/hvigor/hvigor/src/base/log/hvigor-log.js:1:5087)
    at HmosSdkLoader.getHmosSdkComponents (/Applications/DevEco-Studio.app/Contents/tools/hvigor/hvigor-ohos-plugin/src/sdk/hmos-sdk-loader.js:1:1895)
    at HosSdkInfo.setup (/Applications/DevEco-Studio.app/Contents/tools/hvigor/hvigor-ohos-plugin/src/sdk/info/hos-sdk-info.js:1:1537)
    at ProjectTaskService.setup (/Applications/DevEco-Studio.app/Contents/tools/hvigor/hvigor-ohos-plugin/src/tasks/service/project-task-service.js:1:2525)
    at ProjectImpl.<anonymous> (/Applications/DevEco-Studio.app/Contents/tools/hvigor/hvigor-ohos-plugin/src/plugin/builder/app-plugin-builder.js:1:2236)
    at ProjectImpl.executeAfterBindSystemPluginsHook (/Applications/DevEco-Studio.app/Contents/tools/hvigor/hvigor/src/base/internal/lifecycle/hvigor-node-impl/default-node-impl.js:1:5526)
    at evaluateNodeVigorFile (/Applications/DevEco-Studio.app/Contents/tools/hvigor/hvigor/src/base/internal/lifecycle/configuration.js:1:9340)
    at process.processTicksAndRejections (node:internal/process/task_queues:105:5)
    at async evalProject (/Applications/DevEco-Studio.app/Contents/tools/hvigor/hvigor/src/base/internal/lifecycle/configuration.js:1:3544)
    at async configuration (/Applications/DevEco-Studio.app/Contents/tools/hvigor/hvigor/src/base/internal/lifecycle/configuration.js:1:2288)
[2026-05-19T16:31:41.401] [DEBUG] debug-file - Current busy worker size: 0.
[2026-05-19T16:31:41.395] [ERROR] debug-file - BUILD FAILED in 864 ms 
[2026-05-19T16:31:41.401] [DEBUG] debug-file - Clear worker 1.
[2026-05-19T16:31:41.399] [DEBUG] debug-file - Since there is no instance or instance is terminated, create a new worker pool.
[2026-05-19T16:31:41.401] [DEBUG] debug-file - Worker 1 has been cleared.
[2026-05-19T16:31:41.399] [DEBUG] debug-file - Worker pool is initialized with config:  {
  minPoolNum: 2,
  maxPoolNum: undefined,
  maxCoreSize: undefined,
  cacheCapacity: undefined,
  cacheTtl: undefined
}
[2026-05-19T16:31:41.401] [DEBUG] debug-file - Current idle worker size: 0.
[2026-05-19T16:31:41.401] [DEBUG] debug-file - Current busy worker size: 0.
[2026-05-19T16:31:41.404] [DEBUG] debug-file - hvigor build process will be closed.
[2026-05-19T16:31:41.406] [DEBUG] debug-file - worker[0] exits with exit code 0.
[2026-05-19T16:31:41.406] [DEBUG] debug-file - worker[1] exits with exit code 0.
[2026-05-19T16:31:41.406] [DEBUG] debug-file - Current worker pool is terminated.
[2026-05-19T16:37:12.676] [DEBUG] debug-file - env: nodejsVersion=v18.20.1
[2026-05-19T16:37:12.700] [DEBUG] debug-file - env: daemon=true
[2026-05-19T16:37:12.677] [DEBUG] debug-file - env: hvigor-config.json5 content = { modelVersion: '6.0.2', dependencies: {} }
[2026-05-19T16:37:12.927] [DEBUG] debug-file - session manager: set active socket. socketId=MSoz_KzQf7Hykbo8AAAB
[2026-05-19T16:37:12.937] [DEBUG] debug-file - java daemon tryConnect success
[2026-05-19T16:37:13.155] [DEBUG] debug-file - watch worker: worker id should be larger than 0. Nothing will be sent to any worker thread.
[2026-05-19T16:37:13.156] [DEBUG] debug-file - Since there is no instance or instance is terminated, create a new worker pool.
[2026-05-19T16:37:13.157] [DEBUG] debug-file - Worker pool is initialized with config:  {
  minPoolNum: 2,
  maxPoolNum: undefined,
  maxCoreSize: undefined,
  cacheCapacity: undefined,
  cacheTtl: undefined
}
[2026-05-19T16:37:13.157] [DEBUG] debug-file - Create  resident worker with id: 0.
[2026-05-19T16:37:13.158] [DEBUG] debug-file - Create  resident worker with id: 1.
[2026-05-19T16:37:13.159] [DEBUG] debug-file - Workers' log level updated to INFO
[2026-05-19T16:37:13.163] [DEBUG] debug-file - Hvigor init with startParameters:{
  hvigorfileTypeCheck: false,
  parallelExecution: true,
  incrementalExecution: true,
  printStackTrace: false,
  daemon: true,
  analyze: 0,
  logLevel: Level { level: 20000, levelStr: 'INFO', colour: 'green' },
  optimizationStrategy: 'memory',
  hotCompile: undefined,
  hotReloadBuild: undefined,
  customizedParam: undefined
}
[2026-05-19T16:37:13.164] [DEBUG] debug-file - Since current hvigor version 6.22.3 differs from last hvigor version 
      undefined, delete file-cache.json and task-cache.json.
[2026-05-19T16:37:13.165] [DEBUG] debug-file - Cache service initialization finished in 2 ms 
[2026-05-19T16:37:13.165] [DEBUG] debug-file - hvigorfile, resolving /Users/jordanzt/Work/HuaweiWork/Others/Projects/JungleTestLabs/opencalc-harmonyos/hvigorfile.ts
[2026-05-19T16:37:13.852] [DEBUG] debug-file - hvigorfile, require result:  {}
[2026-05-19T16:37:13.853] [DEBUG] debug-file - hvigorfile, binding system plugins {}
[2026-05-19T16:37:13.853] [DEBUG] debug-file - Starting plugin build process
[2026-05-19T16:37:13.853] [DEBUG] debug-file - App plugin prepare start...
[2026-05-19T16:37:13.853] [DEBUG] debug-file - App plugin prepare end...
[2026-05-19T16:37:13.853] [DEBUG] debug-file - App plugin creating...
[2026-05-19T16:37:13.944] [DEBUG] debug-file - App plugin register hook start...
[2026-05-19T16:37:13.944] [DEBUG] debug-file - App plugin register hook end...
[2026-05-19T16:37:13.944] [DEBUG] debug-file - Plugin build process completed
[2026-05-19T16:37:13.945] [DEBUG] debug-file - Start initialize project's product build option map with build mode debug.
[2026-05-19T16:37:13.945] [DEBUG] debug-file - Picking option from product 'default' with build mode 'debug'.
[2026-05-19T16:37:13.945] [DEBUG] debug-file - Product 'default' build option initialized
[2026-05-19T16:37:13.945] [DEBUG] debug-file - End initialize project's product build option map with build mode 'debug'.
[2026-05-19T16:37:13.946] [DEBUG] debug-file - Obtain build option for product 'default'in this build.
[2026-05-19T16:37:13.947] [DEBUG] debug-file - No signingConfig found, initRemoteHspCache failed.
[2026-05-19T16:37:13.948] [DEBUG] debug-file - Local scan or download HarmonyOS sdk components toolchains,ets,js,native,previewer
[2026-05-19T16:37:13.958] [DEBUG] debug-file - hvigor build process will be closed with an error.
[2026-05-19T16:37:13.958] [ERROR] debug-file - [31m00303168 Configuration Error
Error Message: SDK component missing.

* Try the following:
  > Please verify the integrity of your SDK.
  > Please update the SDK at the download link below.
  > More info: https://developer.huawei.com/consumer/en/download
[39m

[31m* Try:
> Run with --stacktrace option to get the stack trace.
> Run with --debug option to get more log output.

[2026-05-19T16:37:13.958] [DEBUG] debug-file - ERROR: stacktrace = AdaptorError: [31m00303168 Configuration Error
Error Message: SDK component missing.

* Try the following:
  > Please verify the integrity of your SDK.
  > Please update the SDK at the download link below.
  > More info: https://developer.huawei.com/consumer/en/download
[39m
    at OhosLogger.printErrorExit (/Applications/DevEco-Studio.app/contents/tools/hvigor/hvigor/src/base/log/hvigor-log.js:1:5087)
    at HmosSdkLoader.getHmosSdkComponents (/Applications/DevEco-Studio.app/contents/tools/hvigor/hvigor-ohos-plugin/src/sdk/hmos-sdk-loader.js:1:1895)
    at HosSdkInfo.setup (/Applications/DevEco-Studio.app/contents/tools/hvigor/hvigor-ohos-plugin/src/sdk/info/hos-sdk-info.js:1:1537)
    at ProjectTaskService.setup (/Applications/DevEco-Studio.app/contents/tools/hvigor/hvigor-ohos-plugin/src/tasks/service/project-task-service.js:1:2525)
    at ProjectImpl.<anonymous> (/Applications/DevEco-Studio.app/contents/tools/hvigor/hvigor-ohos-plugin/src/plugin/builder/app-plugin-builder.js:1:2236)
    at ProjectImpl.executeAfterBindSystemPluginsHook (/Applications/DevEco-Studio.app/contents/tools/hvigor/hvigor/src/base/internal/lifecycle/hvigor-node-impl/default-node-impl.js:1:5526)
    at evaluateNodeVigorFile (/Applications/DevEco-Studio.app/contents/tools/hvigor/hvigor/src/base/internal/lifecycle/configuration.js:1:9340)
    at process.processTicksAndRejections (node:internal/process/task_queues:95:5)
    at async evalProject (/Applications/DevEco-Studio.app/contents/tools/hvigor/hvigor/src/base/internal/lifecycle/configuration.js:1:3544)
    at async configuration (/Applications/DevEco-Studio.app/contents/tools/hvigor/hvigor/src/base/internal/lifecycle/configuration.js:1:2288)
[2026-05-19T16:37:13.958] [ERROR] debug-file - AdaptorError: [31m00303168 Configuration Error
Error Message: SDK component missing.

* Try the following:
  > Please verify the integrity of your SDK.
  > Please update the SDK at the download link below.
  > More info: https://developer.huawei.com/consumer/en/download
[39m
    at OhosLogger.printErrorExit (/Applications/DevEco-Studio.app/contents/tools/hvigor/hvigor/src/base/log/hvigor-log.js:1:5087)
    at HmosSdkLoader.getHmosSdkComponents (/Applications/DevEco-Studio.app/contents/tools/hvigor/hvigor-ohos-plugin/src/sdk/hmos-sdk-loader.js:1:1895)
    at HosSdkInfo.setup (/Applications/DevEco-Studio.app/contents/tools/hvigor/hvigor-ohos-plugin/src/sdk/info/hos-sdk-info.js:1:1537)
    at ProjectTaskService.setup (/Applications/DevEco-Studio.app/contents/tools/hvigor/hvigor-ohos-plugin/src/tasks/service/project-task-service.js:1:2525)
    at ProjectImpl.<anonymous> (/Applications/DevEco-Studio.app/contents/tools/hvigor/hvigor-ohos-plugin/src/plugin/builder/app-plugin-builder.js:1:2236)
    at ProjectImpl.executeAfterBindSystemPluginsHook (/Applications/DevEco-Studio.app/contents/tools/hvigor/hvigor/src/base/internal/lifecycle/hvigor-node-impl/default-node-impl.js:1:5526)
    at evaluateNodeVigorFile (/Applications/DevEco-Studio.app/contents/tools/hvigor/hvigor/src/base/internal/lifecycle/configuration.js:1:9340)
    at process.processTicksAndRejections (node:internal/process/task_queues:95:5)
    at async evalProject (/Applications/DevEco-Studio.app/contents/tools/hvigor/hvigor/src/base/internal/lifecycle/configuration.js:1:3544)
    at async configuration (/Applications/DevEco-Studio.app/contents/tools/hvigor/hvigor/src/base/internal/lifecycle/configuration.js:1:2288)
[2026-05-19T16:37:13.959] [ERROR] debug-file - BUILD FAILED in 800 ms 
[2026-05-19T16:37:13.962] [DEBUG] debug-file - Cleanup worker 0.
[2026-05-19T16:37:13.962] [DEBUG] debug-file - Worker 0 has been cleaned up.
[2026-05-19T16:37:13.962] [DEBUG] debug-file - Current idle worker size: 1.
[2026-05-19T16:37:13.962] [DEBUG] debug-file - Current resident worker size: 2.
[2026-05-19T16:37:13.962] [DEBUG] debug-file - Cleanup worker 1.
[2026-05-19T16:37:13.962] [DEBUG] debug-file - Worker 1 has been cleaned up.
[2026-05-19T16:37:13.962] [DEBUG] debug-file - Current idle worker size: 0.
[2026-05-19T16:37:13.962] [DEBUG] debug-file - Current resident worker size: 2.
[2026-05-19T16:37:13.967] [DEBUG] debug-file - session manager: send message to worker process.
[2026-05-19T16:37:13.967] [DEBUG] debug-file - session manager: send message to worker process.
[2026-05-19T16:37:13.967] [DEBUG] debug-file - hvigor build process will be closed.
[2026-05-19T16:37:13.968] [DEBUG] debug-file - worker[1] exits with exit code 1.
[2026-05-19T16:37:13.968] [DEBUG] debug-file - worker[0] exits with exit code 1.
[2026-05-19T16:37:13.968] [DEBUG] debug-file - watch worker: worker id should be larger than 0. Nothing will be sent to any worker thread.
[2026-05-19T16:37:13.968] [DEBUG] debug-file - watch worker: worker id should be larger than 0. Nothing will be sent to any worker thread.
[2026-05-19T16:37:28.749] [DEBUG] debug-file - env: nodejsVersion=v23.9.0
[2026-05-19T16:37:28.901] [DEBUG] debug-file - Hvigor init with startParameters:{
  hvigorfileTypeCheck: false,
  parallelExecution: true,
  incrementalExecution: true,
  printStackTrace: true,
  daemon: false,
  analyze: 0,
  logLevel: Level { level: 20000, levelStr: 'INFO', colour: 'green' },
  optimizationStrategy: 'memory',
  hotCompile: undefined,
  hotReloadBuild: undefined,
  customizedParam: undefined
}
[2026-05-19T16:37:29.446] [DEBUG] debug-file - Starting plugin build process
[2026-05-19T16:37:29.445] [DEBUG] debug-file - hvigorfile, require result:  { appTasks: [Getter] }
[2026-05-19T16:37:29.523] [DEBUG] debug-file - App plugin register hook start...
[2026-05-19T16:37:29.524] [DEBUG] debug-file - Start initialize project's product build option map with build mode debug.
[2026-05-19T16:37:29.525] [DEBUG] debug-file - Obtain build option for product 'default'in this build.
[2026-05-19T16:37:28.749] [DEBUG] debug-file - env: hvigor-config.json5 content = { modelVersion: '6.0.2', dependencies: {} }
[2026-05-19T16:37:28.901] [DEBUG] debug-file - Since current hvigor version 6.22.3 differs from last hvigor version 
      undefined, delete file-cache.json and task-cache.json.
[2026-05-19T16:37:29.589] [DEBUG] debug-file - Create  resident worker with id: 0.
[2026-05-19T16:37:29.446] [DEBUG] debug-file - App plugin prepare start...
[2026-05-19T16:37:29.445] [DEBUG] debug-file - hvigorfile, binding system plugins { appTasks: [Getter] }
[2026-05-19T16:37:29.523] [DEBUG] debug-file - App plugin register hook end...
[2026-05-19T16:37:29.524] [DEBUG] debug-file - Picking option from product 'default' with build mode 'debug'.
[2026-05-19T16:37:29.526] [DEBUG] debug-file - No signingConfig found, initRemoteHspCache failed.
[2026-05-19T16:37:28.751] [DEBUG] debug-file - env: daemon=false
[2026-05-19T16:37:28.902] [DEBUG] debug-file - Cache service initialization finished in 1 ms 
[2026-05-19T16:37:29.590] [DEBUG] debug-file - Create  resident worker with id: 1.
[2026-05-19T16:37:29.446] [DEBUG] debug-file - App plugin prepare end...
[2026-05-19T16:37:29.523] [DEBUG] debug-file - Plugin build process completed
[2026-05-19T16:37:29.524] [DEBUG] debug-file - Product 'default' build option initialized
[2026-05-19T16:37:29.527] [DEBUG] debug-file - Local scan or download HarmonyOS sdk components toolchains,ets,js,native,previewer
[2026-05-19T16:37:28.751] [DEBUG] debug-file - no-daemon, use the parent process.execArgv --max-old-space-size=8192,--max-semi-space-size=16,--expose-gc,--enable-source-maps
[2026-05-19T16:37:28.902] [DEBUG] debug-file - hvigorfile, resolving /Users/jordanzt/Work/HuaweiWork/Others/Projects/JungleTestLabs/opencalc-harmonyos/hvigorfile.ts
[2026-05-19T16:37:29.591] [DEBUG] debug-file - Current worker pool is stopped or closed.
[2026-05-19T16:37:29.446] [DEBUG] debug-file - App plugin creating...
[2026-05-19T16:37:29.524] [DEBUG] debug-file - End initialize project's product build option map with build mode 'debug'.
[2026-05-19T16:37:29.581] [DEBUG] debug-file - hvigor build process will be closed with an error.
[2026-05-19T16:37:29.591] [DEBUG] debug-file - Clear worker 0.
[2026-05-19T16:37:29.581] [ERROR] debug-file - [31m00303168 Configuration Error
Error Message: SDK component missing.

* Try the following:
  > Please verify the integrity of your SDK.
  > Please update the SDK at the download link below.
  > More info: https://developer.huawei.com/consumer/en/download
[39m

[31m* Try:
> Run with --debug option to get more log output.

[2026-05-19T16:37:29.591] [DEBUG] debug-file - Worker 0 has been cleared.
[2026-05-19T16:37:29.583] [ERROR] debug-file - AdaptorError: [31m00303168 Configuration Error
Error Message: SDK component missing.

* Try the following:
  > Please verify the integrity of your SDK.
  > Please update the SDK at the download link below.
  > More info: https://developer.huawei.com/consumer/en/download
[39m
    at OhosLogger.printErrorExit (/Applications/DevEco-Studio.app/Contents/tools/hvigor/hvigor/src/base/log/hvigor-log.js:1:5087)
    at HmosSdkLoader.getHmosSdkComponents (/Applications/DevEco-Studio.app/Contents/tools/hvigor/hvigor-ohos-plugin/src/sdk/hmos-sdk-loader.js:1:1895)
    at HosSdkInfo.setup (/Applications/DevEco-Studio.app/Contents/tools/hvigor/hvigor-ohos-plugin/src/sdk/info/hos-sdk-info.js:1:1537)
    at ProjectTaskService.setup (/Applications/DevEco-Studio.app/Contents/tools/hvigor/hvigor-ohos-plugin/src/tasks/service/project-task-service.js:1:2525)
    at ProjectImpl.<anonymous> (/Applications/DevEco-Studio.app/Contents/tools/hvigor/hvigor-ohos-plugin/src/plugin/builder/app-plugin-builder.js:1:2236)
    at ProjectImpl.executeAfterBindSystemPluginsHook (/Applications/DevEco-Studio.app/Contents/tools/hvigor/hvigor/src/base/internal/lifecycle/hvigor-node-impl/default-node-impl.js:1:5526)
    at evaluateNodeVigorFile (/Applications/DevEco-Studio.app/Contents/tools/hvigor/hvigor/src/base/internal/lifecycle/configuration.js:1:9340)
    at process.processTicksAndRejections (node:internal/process/task_queues:105:5)
    at async evalProject (/Applications/DevEco-Studio.app/Contents/tools/hvigor/hvigor/src/base/internal/lifecycle/configuration.js:1:3544)
    at async configuration (/Applications/DevEco-Studio.app/Contents/tools/hvigor/hvigor/src/base/internal/lifecycle/configuration.js:1:2288)
[2026-05-19T16:37:29.591] [DEBUG] debug-file - Current idle worker size: 1.
[2026-05-19T16:37:29.584] [ERROR] debug-file - BUILD FAILED in 685 ms 
[2026-05-19T16:37:29.591] [DEBUG] debug-file - Current busy worker size: 0.
[2026-05-19T16:37:29.589] [DEBUG] debug-file - Since there is no instance or instance is terminated, create a new worker pool.
[2026-05-19T16:37:29.591] [DEBUG] debug-file - Clear worker 1.
[2026-05-19T16:37:29.589] [DEBUG] debug-file - Worker pool is initialized with config:  {
  minPoolNum: 2,
  maxPoolNum: undefined,
  maxCoreSize: undefined,
  cacheCapacity: undefined,
  cacheTtl: undefined
}
[2026-05-19T16:37:29.591] [DEBUG] debug-file - Worker 1 has been cleared.
[2026-05-19T16:37:29.591] [DEBUG] debug-file - Current idle worker size: 0.
[2026-05-19T16:37:29.591] [DEBUG] debug-file - Current busy worker size: 0.
[2026-05-19T16:37:29.594] [DEBUG] debug-file - hvigor build process will be closed.
[2026-05-19T16:37:29.596] [DEBUG] debug-file - worker[0] exits with exit code 0.
[2026-05-19T16:37:29.596] [DEBUG] debug-file - worker[1] exits with exit code 0.
[2026-05-19T16:37:29.597] [DEBUG] debug-file - Current worker pool is terminated.
[2026-05-19T16:38:42.138] [DEBUG] debug-file - env: nodejsVersion=v23.9.0
[2026-05-19T16:38:42.259] [DEBUG] debug-file - Hvigor init with startParameters:{
  hvigorfileTypeCheck: false,
  parallelExecution: true,
  incrementalExecution: true,
  printStackTrace: false,
  daemon: false,
  analyze: 0,
  logLevel: Level { level: 20000, levelStr: 'INFO', colour: 'green' },
  optimizationStrategy: 'memory',
  hotCompile: undefined,
  hotReloadBuild: undefined,
  customizedParam: undefined
}
[2026-05-19T16:38:42.751] [DEBUG] debug-file - hvigorfile, require result:  { appTasks: [Getter] }
[2026-05-19T16:38:42.752] [DEBUG] debug-file - Starting plugin build process
[2026-05-19T16:38:42.831] [DEBUG] debug-file - App plugin register hook start...
[2026-05-19T16:38:42.832] [DEBUG] debug-file - Start initialize project's product build option map with build mode debug.
[2026-05-19T16:38:42.833] [DEBUG] debug-file - Obtain build option for product 'default'in this build.
[2026-05-19T16:38:42.138] [DEBUG] debug-file - env: hvigor-config.json5 content = { modelVersion: '6.0.2', dependencies: {} }
[2026-05-19T16:38:42.259] [DEBUG] debug-file - Since current hvigor version 6.22.3 differs from last hvigor version 
      undefined, delete file-cache.json and task-cache.json.
[2026-05-19T16:38:42.893] [DEBUG] debug-file - Create  resident worker with id: 0.
[2026-05-19T16:38:42.751] [DEBUG] debug-file - hvigorfile, binding system plugins { appTasks: [Getter] }
[2026-05-19T16:38:42.752] [DEBUG] debug-file - App plugin prepare start...
[2026-05-19T16:38:42.831] [DEBUG] debug-file - App plugin register hook end...
[2026-05-19T16:38:42.832] [DEBUG] debug-file - Picking option from product 'default' with build mode 'debug'.
[2026-05-19T16:38:42.834] [DEBUG] debug-file - No signingConfig found, initRemoteHspCache failed.
[2026-05-19T16:38:42.139] [DEBUG] debug-file - env: daemon=false
[2026-05-19T16:38:42.259] [DEBUG] debug-file - Cache service initialization finished in 1 ms 
[2026-05-19T16:38:42.894] [DEBUG] debug-file - Create  resident worker with id: 1.
[2026-05-19T16:38:42.752] [DEBUG] debug-file - App plugin prepare end...
[2026-05-19T16:38:42.831] [DEBUG] debug-file - Plugin build process completed
[2026-05-19T16:38:42.832] [DEBUG] debug-file - Product 'default' build option initialized
[2026-05-19T16:38:42.835] [DEBUG] debug-file - Local scan or download HarmonyOS sdk components toolchains,ets,js,native,previewer
[2026-05-19T16:38:42.139] [DEBUG] debug-file - no-daemon, use the parent process.execArgv --max-old-space-size=8192,--max-semi-space-size=16,--expose-gc
[2026-05-19T16:38:42.261] [DEBUG] debug-file - hvigorfile, resolving /Users/jordanzt/Work/HuaweiWork/Others/Projects/JungleTestLabs/opencalc-harmonyos/hvigorfile.ts
[2026-05-19T16:38:42.895] [DEBUG] debug-file - Current worker pool is stopped or closed.
[2026-05-19T16:38:42.752] [DEBUG] debug-file - App plugin creating...
[2026-05-19T16:38:42.832] [DEBUG] debug-file - End initialize project's product build option map with build mode 'debug'.
[2026-05-19T16:38:42.887] [DEBUG] debug-file - hvigor build process will be closed with an error.
[2026-05-19T16:38:42.895] [DEBUG] debug-file - Clear worker 0.
[2026-05-19T16:38:42.888] [ERROR] debug-file - [31m00303168 Configuration Error
Error Message: SDK component missing.

* Try the following:
  > Please verify the integrity of your SDK.
  > Please update the SDK at the download link below.
  > More info: https://developer.huawei.com/consumer/en/download
[39m

[31m* Try:
> Run with --stacktrace option to get the stack trace.
> Run with --debug option to get more log output.

[2026-05-19T16:38:42.895] [DEBUG] debug-file - Worker 0 has been cleared.
[2026-05-19T16:38:42.888] [DEBUG] debug-file - ERROR: stacktrace = AdaptorError: [31m00303168 Configuration Error
Error Message: SDK component missing.

* Try the following:
  > Please verify the integrity of your SDK.
  > Please update the SDK at the download link below.
  > More info: https://developer.huawei.com/consumer/en/download
[39m
    at OhosLogger.printErrorExit (/Applications/DevEco-Studio.app/Contents/tools/hvigor/hvigor/src/base/log/hvigor-log.js:1:5087)
    at HmosSdkLoader.getHmosSdkComponents (/Applications/DevEco-Studio.app/Contents/tools/hvigor/hvigor-ohos-plugin/src/sdk/hmos-sdk-loader.js:1:1895)
    at HosSdkInfo.setup (/Applications/DevEco-Studio.app/Contents/tools/hvigor/hvigor-ohos-plugin/src/sdk/info/hos-sdk-info.js:1:1537)
    at ProjectTaskService.setup (/Applications/DevEco-Studio.app/Contents/tools/hvigor/hvigor-ohos-plugin/src/tasks/service/project-task-service.js:1:2525)
    at ProjectImpl.<anonymous> (/Applications/DevEco-Studio.app/Contents/tools/hvigor/hvigor-ohos-plugin/src/plugin/builder/app-plugin-builder.js:1:2236)
    at ProjectImpl.executeAfterBindSystemPluginsHook (/Applications/DevEco-Studio.app/Contents/tools/hvigor/hvigor/src/base/internal/lifecycle/hvigor-node-impl/default-node-impl.js:1:5526)
    at evaluateNodeVigorFile (/Applications/DevEco-Studio.app/Contents/tools/hvigor/hvigor/src/base/internal/lifecycle/configuration.js:1:9340)
    at process.processTicksAndRejections (node:internal/process/task_queues:105:5)
    at async evalProject (/Applications/DevEco-Studio.app/Contents/tools/hvigor/hvigor/src/base/internal/lifecycle/configuration.js:1:3544)
    at async configuration (/Applications/DevEco-Studio.app/Contents/tools/hvigor/hvigor/src/base/internal/lifecycle/configuration.js:1:2288)
[2026-05-19T16:38:42.895] [DEBUG] debug-file - Current idle worker size: 1.
[2026-05-19T16:38:42.888] [ERROR] debug-file - AdaptorError: [31m00303168 Configuration Error
Error Message: SDK component missing.

* Try the following:
  > Please verify the integrity of your SDK.
  > Please update the SDK at the download link below.
  > More info: https://developer.huawei.com/consumer/en/download
[39m
    at OhosLogger.printErrorExit (/Applications/DevEco-Studio.app/Contents/tools/hvigor/hvigor/src/base/log/hvigor-log.js:1:5087)
    at HmosSdkLoader.getHmosSdkComponents (/Applications/DevEco-Studio.app/Contents/tools/hvigor/hvigor-ohos-plugin/src/sdk/hmos-sdk-loader.js:1:1895)
    at HosSdkInfo.setup (/Applications/DevEco-Studio.app/Contents/tools/hvigor/hvigor-ohos-plugin/src/sdk/info/hos-sdk-info.js:1:1537)
    at ProjectTaskService.setup (/Applications/DevEco-Studio.app/Contents/tools/hvigor/hvigor-ohos-plugin/src/tasks/service/project-task-service.js:1:2525)
    at ProjectImpl.<anonymous> (/Applications/DevEco-Studio.app/Contents/tools/hvigor/hvigor-ohos-plugin/src/plugin/builder/app-plugin-builder.js:1:2236)
    at ProjectImpl.executeAfterBindSystemPluginsHook (/Applications/DevEco-Studio.app/Contents/tools/hvigor/hvigor/src/base/internal/lifecycle/hvigor-node-impl/default-node-impl.js:1:5526)
    at evaluateNodeVigorFile (/Applications/DevEco-Studio.app/Contents/tools/hvigor/hvigor/src/base/internal/lifecycle/configuration.js:1:9340)
    at process.processTicksAndRejections (node:internal/process/task_queues:105:5)
    at async evalProject (/Applications/DevEco-Studio.app/Contents/tools/hvigor/hvigor/src/base/internal/lifecycle/configuration.js:1:3544)
    at async configuration (/Applications/DevEco-Studio.app/Contents/tools/hvigor/hvigor/src/base/internal/lifecycle/configuration.js:1:2288)
[2026-05-19T16:38:42.895] [DEBUG] debug-file - Current busy worker size: 0.
[2026-05-19T16:38:42.889] [ERROR] debug-file - BUILD FAILED in 632 ms 
[2026-05-19T16:38:42.895] [DEBUG] debug-file - Clear worker 1.
[2026-05-19T16:38:42.893] [DEBUG] debug-file - Since there is no instance or instance is terminated, create a new worker pool.
[2026-05-19T16:38:42.895] [DEBUG] debug-file - Worker 1 has been cleared.
[2026-05-19T16:38:42.893] [DEBUG] debug-file - Worker pool is initialized with config:  {
  minPoolNum: 2,
  maxPoolNum: undefined,
  maxCoreSize: undefined,
  cacheCapacity: undefined,
  cacheTtl: undefined
}
[2026-05-19T16:38:42.895] [DEBUG] debug-file - Current idle worker size: 0.
[2026-05-19T16:38:42.895] [DEBUG] debug-file - Current busy worker size: 0.
[2026-05-19T16:38:42.898] [DEBUG] debug-file - hvigor build process will be closed.
[2026-05-19T16:38:42.900] [DEBUG] debug-file - worker[0] exits with exit code 0.
[2026-05-19T16:38:42.900] [DEBUG] debug-file - worker[1] exits with exit code 0.
[2026-05-19T16:38:42.900] [DEBUG] debug-file - Current worker pool is terminated.
[2026-05-19T16:43:02.790] [DEBUG] debug-file - env: nodejsVersion=v23.9.0
[2026-05-19T16:43:02.804] [DEBUG] debug-file - env: daemon=true
[2026-05-19T16:43:02.790] [DEBUG] debug-file - env: hvigor-config.json5 content = { modelVersion: '6.0.2', dependencies: {} }
[2026-05-19T16:43:03.029] [DEBUG] debug-file - java daemon tryConnect success
[2026-05-19T16:43:03.039] [DEBUG] debug-file - session manager: set active socket. socketId=qUab9obzDaVm5gNJAAAB
[2026-05-19T16:43:03.240] [DEBUG] debug-file - watch worker: worker id should be larger than 0. Nothing will be sent to any worker thread.
[2026-05-19T16:43:03.241] [DEBUG] debug-file - Since there is no instance or instance is terminated, create a new worker pool.
[2026-05-19T16:43:03.241] [DEBUG] debug-file - Worker pool is initialized with config:  {
  minPoolNum: 2,
  maxPoolNum: undefined,
  maxCoreSize: undefined,
  cacheCapacity: undefined,
  cacheTtl: undefined
}
[2026-05-19T16:43:03.241] [DEBUG] debug-file - Create  resident worker with id: 0.
[2026-05-19T16:43:03.242] [DEBUG] debug-file - Create  resident worker with id: 1.
[2026-05-19T16:43:03.243] [DEBUG] debug-file - Workers' log level updated to INFO
[2026-05-19T16:43:03.247] [DEBUG] debug-file - Hvigor init with startParameters:{
  hvigorfileTypeCheck: false,
  parallelExecution: true,
  incrementalExecution: true,
  printStackTrace: false,
  daemon: true,
  analyze: 0,
  logLevel: Level { level: 20000, levelStr: 'INFO', colour: 'green' },
  optimizationStrategy: 'memory',
  hotCompile: undefined,
  hotReloadBuild: undefined,
  customizedParam: undefined
}
[2026-05-19T16:43:03.247] [DEBUG] debug-file - Since current hvigor version 6.22.3 differs from last hvigor version 
      undefined, delete file-cache.json and task-cache.json.
[2026-05-19T16:43:03.248] [DEBUG] debug-file - Cache service initialization finished in 2 ms 
[2026-05-19T16:43:03.249] [DEBUG] debug-file - hvigorfile, resolving /Users/jordanzt/Work/HuaweiWork/Others/Projects/JungleTestLabs/opencalc-harmonyos/hvigorfile.ts
[2026-05-19T16:43:03.974] [DEBUG] debug-file - hvigorfile, require result:  {}
[2026-05-19T16:43:03.974] [DEBUG] debug-file - hvigorfile, binding system plugins {}
[2026-05-19T16:43:03.975] [DEBUG] debug-file - Starting plugin build process
[2026-05-19T16:43:03.975] [DEBUG] debug-file - App plugin prepare start...
[2026-05-19T16:43:03.975] [DEBUG] debug-file - App plugin prepare end...
[2026-05-19T16:43:03.975] [DEBUG] debug-file - App plugin creating...
[2026-05-19T16:43:04.051] [DEBUG] debug-file - App plugin register hook start...
[2026-05-19T16:43:04.052] [DEBUG] debug-file - App plugin register hook end...
[2026-05-19T16:43:04.052] [DEBUG] debug-file - Plugin build process completed
[2026-05-19T16:43:04.052] [DEBUG] debug-file - Start initialize project's product build option map with build mode debug.
[2026-05-19T16:43:04.052] [DEBUG] debug-file - Picking option from product 'default' with build mode 'debug'.
[2026-05-19T16:43:04.052] [DEBUG] debug-file - Product 'default' build option initialized
[2026-05-19T16:43:04.052] [DEBUG] debug-file - End initialize project's product build option map with build mode 'debug'.
[2026-05-19T16:43:04.053] [DEBUG] debug-file - Obtain build option for product 'default'in this build.
[2026-05-19T16:43:04.054] [DEBUG] debug-file - No signingConfig found, initRemoteHspCache failed.
[2026-05-19T16:43:04.055] [DEBUG] debug-file - Local scan or download HarmonyOS sdk components toolchains,ets,js,native,previewer
[2026-05-19T16:43:04.108] [DEBUG] debug-file - hvigor build process will be closed with an error.
[2026-05-19T16:43:04.108] [ERROR] debug-file - [31m00303168 Configuration Error
Error Message: SDK component missing.

* Try the following:
  > Please verify the integrity of your SDK.
  > Please update the SDK at the download link below.
  > More info: https://developer.huawei.com/consumer/en/download
[39m

[31m* Try:
> Run with --stacktrace option to get the stack trace.
> Run with --debug option to get more log output.

[2026-05-19T16:43:04.108] [DEBUG] debug-file - ERROR: stacktrace = AdaptorError: [31m00303168 Configuration Error
Error Message: SDK component missing.

* Try the following:
  > Please verify the integrity of your SDK.
  > Please update the SDK at the download link below.
  > More info: https://developer.huawei.com/consumer/en/download
[39m
    at OhosLogger.printErrorExit (/Applications/DevEco-Studio.app/Contents/tools/hvigor/hvigor/src/base/log/hvigor-log.js:1:5087)
    at HmosSdkLoader.getHmosSdkComponents (/Applications/DevEco-Studio.app/Contents/tools/hvigor/hvigor-ohos-plugin/src/sdk/hmos-sdk-loader.js:1:1895)
    at HosSdkInfo.setup (/Applications/DevEco-Studio.app/Contents/tools/hvigor/hvigor-ohos-plugin/src/sdk/info/hos-sdk-info.js:1:1537)
    at ProjectTaskService.setup (/Applications/DevEco-Studio.app/Contents/tools/hvigor/hvigor-ohos-plugin/src/tasks/service/project-task-service.js:1:2525)
    at ProjectImpl.<anonymous> (/Applications/DevEco-Studio.app/Contents/tools/hvigor/hvigor-ohos-plugin/src/plugin/builder/app-plugin-builder.js:1:2236)
    at ProjectImpl.executeAfterBindSystemPluginsHook (/Applications/DevEco-Studio.app/Contents/tools/hvigor/hvigor/src/base/internal/lifecycle/hvigor-node-impl/default-node-impl.js:1:5526)
    at evaluateNodeVigorFile (/Applications/DevEco-Studio.app/Contents/tools/hvigor/hvigor/src/base/internal/lifecycle/configuration.js:1:9340)
    at process.processTicksAndRejections (node:internal/process/task_queues:105:5)
    at async evalProject (/Applications/DevEco-Studio.app/Contents/tools/hvigor/hvigor/src/base/internal/lifecycle/configuration.js:1:3544)
    at async configuration (/Applications/DevEco-Studio.app/Contents/tools/hvigor/hvigor/src/base/internal/lifecycle/configuration.js:1:2288)
[2026-05-19T16:43:04.108] [ERROR] debug-file - AdaptorError: [31m00303168 Configuration Error
Error Message: SDK component missing.

* Try the following:
  > Please verify the integrity of your SDK.
  > Please update the SDK at the download link below.
  > More info: https://developer.huawei.com/consumer/en/download
[39m
    at OhosLogger.printErrorExit (/Applications/DevEco-Studio.app/Contents/tools/hvigor/hvigor/src/base/log/hvigor-log.js:1:5087)
    at HmosSdkLoader.getHmosSdkComponents (/Applications/DevEco-Studio.app/Contents/tools/hvigor/hvigor-ohos-plugin/src/sdk/hmos-sdk-loader.js:1:1895)
    at HosSdkInfo.setup (/Applications/DevEco-Studio.app/Contents/tools/hvigor/hvigor-ohos-plugin/src/sdk/info/hos-sdk-info.js:1:1537)
    at ProjectTaskService.setup (/Applications/DevEco-Studio.app/Contents/tools/hvigor/hvigor-ohos-plugin/src/tasks/service/project-task-service.js:1:2525)
    at ProjectImpl.<anonymous> (/Applications/DevEco-Studio.app/Contents/tools/hvigor/hvigor-ohos-plugin/src/plugin/builder/app-plugin-builder.js:1:2236)
    at ProjectImpl.executeAfterBindSystemPluginsHook (/Applications/DevEco-Studio.app/Contents/tools/hvigor/hvigor/src/base/internal/lifecycle/hvigor-node-impl/default-node-impl.js:1:5526)
    at evaluateNodeVigorFile (/Applications/DevEco-Studio.app/Contents/tools/hvigor/hvigor/src/base/internal/lifecycle/configuration.js:1:9340)
    at process.processTicksAndRejections (node:internal/process/task_queues:105:5)
    at async evalProject (/Applications/DevEco-Studio.app/Contents/tools/hvigor/hvigor/src/base/internal/lifecycle/configuration.js:1:3544)
    at async configuration (/Applications/DevEco-Studio.app/Contents/tools/hvigor/hvigor/src/base/internal/lifecycle/configuration.js:1:2288)
[2026-05-19T16:43:04.109] [ERROR] debug-file - BUILD FAILED in 866 ms 
[2026-05-19T16:43:04.111] [DEBUG] debug-file - Cleanup worker 0.
[2026-05-19T16:43:04.111] [DEBUG] debug-file - Worker 0 has been cleaned up.
[2026-05-19T16:43:04.111] [DEBUG] debug-file - Current idle worker size: 1.
[2026-05-19T16:43:04.111] [DEBUG] debug-file - Current resident worker size: 2.
[2026-05-19T16:43:04.112] [DEBUG] debug-file - Cleanup worker 1.
[2026-05-19T16:43:04.112] [DEBUG] debug-file - Worker 1 has been cleaned up.
[2026-05-19T16:43:04.112] [DEBUG] debug-file - Current idle worker size: 0.
[2026-05-19T16:43:04.112] [DEBUG] debug-file - Current resident worker size: 2.
[2026-05-19T16:43:04.113] [DEBUG] debug-file - session manager: send message to worker process.
[2026-05-19T16:43:04.113] [DEBUG] debug-file - session manager: send message to worker process.
[2026-05-19T16:43:04.115] [DEBUG] debug-file - hvigor build process will be closed.
[2026-05-19T16:43:04.115] [DEBUG] debug-file - watch worker: worker id should be larger than 0. Nothing will be sent to any worker thread.
[2026-05-19T16:43:04.115] [DEBUG] debug-file - watch worker: worker id should be larger than 0. Nothing will be sent to any worker thread.
[2026-05-19T16:43:04.115] [DEBUG] debug-file - worker[1] exits with exit code 1.
[2026-05-19T16:43:04.115] [DEBUG] debug-file - worker[0] exits with exit code 1.
[2026-05-19T17:20:09.710] [DEBUG] debug-file - env: nodejsVersion=v18.20.1
[2026-05-19T17:20:09.723] [DEBUG] debug-file - env: daemon=true
[2026-05-19T17:20:09.711] [DEBUG] debug-file - env: hvigor-config.json5 content = { modelVersion: '6.0.2', dependencies: {} }
[2026-05-19T17:20:09.961] [DEBUG] debug-file - java daemon tryConnect success
[2026-05-19T17:20:09.976] [DEBUG] debug-file - session manager: set active socket. socketId=DDP_Qu0AtDHpiRzxAAAB
[2026-05-19T17:20:10.206] [DEBUG] debug-file - watch worker: worker id should be larger than 0. Nothing will be sent to any worker thread.
[2026-05-19T17:20:10.207] [DEBUG] debug-file - Since there is no instance or instance is terminated, create a new worker pool.
[2026-05-19T17:20:10.207] [DEBUG] debug-file - Worker pool is initialized with config:  {
  minPoolNum: 2,
  maxPoolNum: undefined,
  maxCoreSize: undefined,
  cacheCapacity: undefined,
  cacheTtl: undefined
}
[2026-05-19T17:20:10.208] [DEBUG] debug-file - Create  resident worker with id: 0.
[2026-05-19T17:20:10.209] [DEBUG] debug-file - Create  resident worker with id: 1.
[2026-05-19T17:20:10.210] [DEBUG] debug-file - Workers' log level updated to INFO
[2026-05-19T17:20:10.216] [DEBUG] debug-file - Hvigor init with startParameters:{
  hvigorfileTypeCheck: false,
  parallelExecution: true,
  incrementalExecution: true,
  printStackTrace: false,
  daemon: true,
  analyze: 0,
  logLevel: Level { level: 20000, levelStr: 'INFO', colour: 'green' },
  optimizationStrategy: 'memory',
  hotCompile: undefined,
  hotReloadBuild: undefined,
  customizedParam: undefined
}
[2026-05-19T17:20:10.216] [DEBUG] debug-file - Since current hvigor version 6.22.3 differs from last hvigor version 
      undefined, delete file-cache.json and task-cache.json.
[2026-05-19T17:20:10.217] [DEBUG] debug-file - Cache service initialization finished in 1 ms 
[2026-05-19T17:20:10.217] [DEBUG] debug-file - hvigorfile, resolving /Users/jordanzt/Work/HuaweiWork/Others/Projects/JungleTestLabs/opencalc-harmonyos/hvigorfile.ts
[2026-05-19T17:20:10.922] [DEBUG] debug-file - hvigorfile, require result:  {}
[2026-05-19T17:20:10.922] [DEBUG] debug-file - hvigorfile, binding system plugins {}
[2026-05-19T17:20:10.922] [DEBUG] debug-file - Starting plugin build process
[2026-05-19T17:20:10.922] [DEBUG] debug-file - App plugin prepare start...
[2026-05-19T17:20:10.922] [DEBUG] debug-file - App plugin prepare end...
[2026-05-19T17:20:10.922] [DEBUG] debug-file - App plugin creating...
[2026-05-19T17:20:11.010] [DEBUG] debug-file - App plugin register hook start...
[2026-05-19T17:20:11.010] [DEBUG] debug-file - App plugin register hook end...
[2026-05-19T17:20:11.010] [DEBUG] debug-file - Plugin build process completed
[2026-05-19T17:20:11.011] [DEBUG] debug-file - Start initialize project's product build option map with build mode debug.
[2026-05-19T17:20:11.011] [DEBUG] debug-file - Picking option from product 'default' with build mode 'debug'.
[2026-05-19T17:20:11.011] [DEBUG] debug-file - Product 'default' build option initialized
[2026-05-19T17:20:11.011] [DEBUG] debug-file - End initialize project's product build option map with build mode 'debug'.
[2026-05-19T17:20:11.012] [DEBUG] debug-file - Obtain build option for product 'default'in this build.
[2026-05-19T17:20:11.013] [DEBUG] debug-file - No signingConfig found, initRemoteHspCache failed.
[2026-05-19T17:20:11.014] [DEBUG] debug-file - Local scan or download HarmonyOS sdk components toolchains,ets,js,native,previewer
[2026-05-19T17:20:11.016] [DEBUG] debug-file - Local scan or download hmscore sdk components toolchains,ets,native
[2026-05-19T17:20:11.018] [DEBUG] debug-file - Start recording SDK configuration permission data.
[2026-05-19T17:20:11.039] [DEBUG] debug-file - Sdk init in 26 ms 
[2026-05-19T17:20:11.041] [DEBUG] debug-file - Project task initialization takes 2 ms 
[2026-05-19T17:20:11.041] [DEBUG] debug-file - hvigorfile, resolve finished /Users/jordanzt/Work/HuaweiWork/Others/Projects/JungleTestLabs/opencalc-harmonyos/hvigorfile.ts
[2026-05-19T17:20:11.041] [DEBUG] debug-file - hvigorfile, resolving /Users/jordanzt/Work/HuaweiWork/Others/Projects/JungleTestLabs/opencalc-harmonyos/entry/hvigorfile.ts
[2026-05-19T17:20:11.044] [DEBUG] debug-file - hvigorfile, require result:  {}
[2026-05-19T17:20:11.044] [DEBUG] debug-file - hvigorfile, binding system plugins {}
[2026-05-19T17:20:11.044] [DEBUG] debug-file - Starting plugin build process
[2026-05-19T17:20:11.044] [DEBUG] debug-file - Hap plugin creating...
[2026-05-19T17:20:11.045] [DEBUG] debug-file - failed to load cangjie to dynamically generate schemas: Error: Cannot find module '@ohos/cangjie-build-support/index'
Require stack:
- /Applications/DevEco-Studio.app/Contents/tools/hvigor/hvigor-ohos-plugin/src/plugin/hooks/cangjie-register.js
- /Applications/DevEco-Studio.app/Contents/tools/hvigor/hvigor-ohos-plugin/src/plugin/strategy/stage-init-strategy.js
- /Applications/DevEco-Studio.app/Contents/tools/hvigor/hvigor-ohos-plugin/src/plugin/builder/abstract-plugin-builder.js
- /Applications/DevEco-Studio.app/Contents/tools/hvigor/hvigor-ohos-plugin/src/plugin/builder/app-plugin-builder.js
- /Applications/DevEco-Studio.app/Contents/tools/hvigor/hvigor-ohos-plugin/src/plugin/factory/plugin-factory.js
- /Applications/DevEco-Studio.app/Contents/tools/hvigor/hvigor-ohos-plugin/index.js
- /Users/jordanzt/Work/HuaweiWork/Others/Projects/JungleTestLabs/opencalc-harmonyos/hvigorfile.ts
- /Applications/DevEco-Studio.app/Contents/tools/hvigor/hvigor/src/base/internal/lifecycle/configuration.js
- /Applications/DevEco-Studio.app/Contents/tools/hvigor/hvigor/src/base/boot/index.js
- /Applications/DevEco-Studio.app/Contents/tools/hvigor/hvigor/src/base/daemon/cluster/worker-process-lifecycle.js
- /Applications/DevEco-Studio.app/Contents/tools/hvigor/hvigor/src/base/daemon/process/daemon-process-boot-script.js
[2026-05-19T17:20:11.050] [DEBUG] debug-file - Start initialize module-target build option map, moduleName=entry, buildMode=debug
[2026-05-19T17:20:11.050] [DEBUG] debug-file - Target 'default' config initialized
[2026-05-19T17:20:11.050] [DEBUG] debug-file - Module 'entry' target 'default' build option initialized
[2026-05-19T17:20:11.050] [DEBUG] debug-file - End initialize module-target build option map, moduleName=entry
[2026-05-19T17:20:11.050] [DEBUG] debug-file - Start initialize module-target build option map, moduleName=entry, buildMode=release
[2026-05-19T17:20:11.050] [DEBUG] debug-file - Target 'default' config initialized
[2026-05-19T17:20:11.051] [DEBUG] debug-file - Module 'entry' target 'default' build option initialized
[2026-05-19T17:20:11.051] [DEBUG] debug-file - End initialize module-target build option map, moduleName=entry
[2026-05-19T17:20:11.051] [DEBUG] debug-file - Start initialize module-target build option map, moduleName=entry, buildMode=debug
[2026-05-19T17:20:11.051] [DEBUG] debug-file - Target 'default' config initialized
[2026-05-19T17:20:11.051] [DEBUG] debug-file - Module 'entry' target 'default' build option initialized
[2026-05-19T17:20:11.051] [DEBUG] debug-file - End initialize module-target build option map, moduleName=entry
[2026-05-19T17:20:11.051] [DEBUG] debug-file - Obtain build option for module 'entry' target 'default'in this build.
[2026-05-19T17:20:11.053] [DEBUG] debug-file - Module entry task initialization takes 2 ms 
[2026-05-19T17:20:11.053] [DEBUG] debug-file - Hap plugin register hook start...
[2026-05-19T17:20:11.053] [DEBUG] debug-file - Hap plugin register hook end...
[2026-05-19T17:20:11.053] [DEBUG] debug-file - Plugin build process completed
[2026-05-19T17:20:11.053] [DEBUG] debug-file - hvigorfile, resolve finished /Users/jordanzt/Work/HuaweiWork/Others/Projects/JungleTestLabs/opencalc-harmonyos/entry/hvigorfile.ts
[2026-05-19T17:20:11.093] [DEBUG] debug-file - hvigorfile, resolve hvigorfile dependencies in 40 ms 
[2026-05-19T17:20:11.093] [DEBUG] debug-file - project has submodules:entry
[2026-05-19T17:20:11.094] [DEBUG] debug-file - start to load updatedOhPackageInfo to the disk
[2026-05-19T17:20:11.095] [DEBUG] debug-file - load to the disk finished
[2026-05-19T17:20:11.096] [DEBUG] debug-file - Start to initialize dependency information.
[2026-05-19T17:20:11.100] [DEBUG] debug-file - Module opencalc-harmonyos Collected Dependency: 
[2026-05-19T17:20:11.100] [DEBUG] debug-file - Module opencalc-harmonyos's total dependency: 0
[2026-05-19T17:20:11.101] [DEBUG] debug-file - Start to initialize dependency information.
[2026-05-19T17:20:11.101] [DEBUG] debug-file - Module entry Collected Dependency: 
[2026-05-19T17:20:11.101] [DEBUG] debug-file - Module entry's total dependency: 0
[2026-05-19T17:20:11.103] [DEBUG] debug-file - Configuration phase cost:886 ms 
[2026-05-19T17:20:11.104] [DEBUG] debug-file - Configuration task cost before running: 894 ms 
[2026-05-19T17:20:11.104] [DEBUG] debug-file - Executing task :entry:clean
[2026-05-19T17:20:11.104] [DEBUG] debug-file - clean: Worker pool is inactive.
[2026-05-19T17:20:11.106] [DEBUG] debug-file - entry : clean cost memory 0.192352294921875
[2026-05-19T17:20:11.106] [DEBUG] debug-file - runTaskFromQueue task cost before running: 896 ms 
[2026-05-19T17:20:11.106] [INFO] debug-file - Finished :entry:clean... after 2 ms 
[2026-05-19T17:20:11.108] [DEBUG] debug-file - Executing task :entry:default@PreBuild
[2026-05-19T17:20:11.109] [DEBUG] debug-file - Task 'entry:default@PreBuild' cost while wrapping incremental declarations: 1 ms 
[2026-05-19T17:20:11.173] [DEBUG] debug-file - current product is not Atomic service.
[2026-05-19T17:20:11.174] [DEBUG] debug-file - Use tool [darwin: JAVA_HOME, CLASSPATH]
 [
  {
    JAVA_HOME: '/Applications/DevEco-Studio.app/Contents/jbr/Contents/Home'
  },
  { CLASSPATH: undefined }
]
[2026-05-19T17:20:11.174] [DEBUG] debug-file - Use tool [darwin: NODE_HOME]
 [
  {
    NODE_HOME: '/Applications/DevEco-Studio.app/Contents/tools/node/bin'
  }
]
[2026-05-19T17:20:11.174] [DEBUG] debug-file - entry : default@PreBuild cost memory 4.577667236328125
[2026-05-19T17:20:11.174] [DEBUG] debug-file - runTaskFromQueue task cost before running: 964 ms 
[2026-05-19T17:20:11.174] [INFO] debug-file - Finished :entry:default@PreBuild... after 66 ms 
[2026-05-19T17:20:11.175] [DEBUG] debug-file - Executing task :entry:default@CreateModuleInfo
[2026-05-19T17:20:11.175] [DEBUG] debug-file - Task 'entry:default@CreateModuleInfo' cost while wrapping incremental declarations: 1 ms 
[2026-05-19T17:20:11.175] [DEBUG] debug-file - entry : default@CreateModuleInfo cost memory 0.0425262451171875
[2026-05-19T17:20:11.175] [DEBUG] debug-file - runTaskFromQueue task cost before running: 965 ms 
[2026-05-19T17:20:11.175] [INFO] debug-file - Finished :entry:default@CreateModuleInfo... after 1 ms 
[2026-05-19T17:20:11.176] [DEBUG] debug-file - Executing task :entry:default@GenerateMetadata
[2026-05-19T17:20:11.176] [DEBUG] debug-file - Task 'entry:default@GenerateMetadata' cost while wrapping incremental declarations: 1 ms 
[2026-05-19T17:20:11.177] [DEBUG] debug-file - entry : default@GenerateMetadata cost memory 0.1214599609375
[2026-05-19T17:20:11.177] [DEBUG] debug-file - runTaskFromQueue task cost before running: 966 ms 
[2026-05-19T17:20:11.177] [INFO] debug-file - Finished :entry:default@GenerateMetadata... after 1 ms 
[2026-05-19T17:20:11.177] [DEBUG] debug-file - Executing task :entry:default@ConfigureCmake
[2026-05-19T17:20:11.177] [DEBUG] debug-file - entry : default@ConfigureCmake cost memory 0.01458740234375
[2026-05-19T17:20:11.177] [DEBUG] debug-file - runTaskFromQueue task cost before running: 967 ms 
[2026-05-19T17:20:11.177] [INFO] debug-file - Finished :entry:default@ConfigureCmake... after 1 ms 
[2026-05-19T17:20:11.178] [DEBUG] debug-file - Executing task :entry:default@MergeProfile
[2026-05-19T17:20:11.178] [DEBUG] debug-file - Task 'entry:default@MergeProfile' cost while wrapping incremental declarations: 1 ms 
[2026-05-19T17:20:11.178] [DEBUG] debug-file - Change app api release type with 'Release'
[2026-05-19T17:20:11.178] [DEBUG] debug-file - Change app compile API version with '6.0.2.130'
[2026-05-19T17:20:11.178] [DEBUG] debug-file - Change app target API version with '60002022'
[2026-05-19T17:20:11.178] [DEBUG] debug-file - Change app minimum API version with '60002022'
[2026-05-19T17:20:11.178] [DEBUG] debug-file - Use cli appEnvironment
[2026-05-19T17:20:11.179] [DEBUG] debug-file - entry : default@MergeProfile cost memory 0.143524169921875
[2026-05-19T17:20:11.179] [DEBUG] debug-file - runTaskFromQueue task cost before running: 969 ms 
[2026-05-19T17:20:11.179] [INFO] debug-file - Finished :entry:default@MergeProfile... after 2 ms 
[2026-05-19T17:20:11.179] [DEBUG] debug-file - Executing task :entry:default@CreateBuildProfile
[2026-05-19T17:20:11.179] [DEBUG] debug-file - Task 'entry:default@CreateBuildProfile' cost while wrapping incremental declarations: 1 ms 
[2026-05-19T17:20:11.180] [DEBUG] debug-file - entry : default@CreateBuildProfile cost memory 0.41628265380859375
[2026-05-19T17:20:11.180] [DEBUG] debug-file - runTaskFromQueue task cost before running: 970 ms 
[2026-05-19T17:20:11.180] [INFO] debug-file - Finished :entry:default@CreateBuildProfile... after 1 ms 
[2026-05-19T17:20:11.180] [DEBUG] debug-file - Executing task :entry:default@PreCheckSyscap
[2026-05-19T17:20:11.180] [DEBUG] debug-file - entry : default@PreCheckSyscap cost memory 0.01476287841796875
[2026-05-19T17:20:11.180] [DEBUG] debug-file - runTaskFromQueue task cost before running: 970 ms 
[2026-05-19T17:20:11.180] [INFO] debug-file - Finished :entry:default@PreCheckSyscap... after 1 ms 
[2026-05-19T17:20:11.181] [DEBUG] debug-file - Executing task :entry:default@GeneratePkgContextInfo
[2026-05-19T17:20:11.185] [DEBUG] debug-file - Task 'entry:default@GeneratePkgContextInfo' cost while wrapping incremental declarations: 1 ms 
[2026-05-19T17:20:11.185] [DEBUG] debug-file - entry : default@GeneratePkgContextInfo cost memory 0.23889923095703125
[2026-05-19T17:20:11.185] [DEBUG] debug-file - runTaskFromQueue task cost before running: 975 ms 
[2026-05-19T17:20:11.185] [INFO] debug-file - Finished :entry:default@GeneratePkgContextInfo... after 5 ms 
[2026-05-19T17:20:11.186] [DEBUG] debug-file - Executing task :entry:default@ProcessIntegratedHsp
[2026-05-19T17:20:11.186] [DEBUG] debug-file - entry : default@ProcessIntegratedHsp cost memory 0.031890869140625
[2026-05-19T17:20:11.187] [DEBUG] debug-file - runTaskFromQueue task cost before running: 976 ms 
[2026-05-19T17:20:11.187] [INFO] debug-file - Finished :entry:default@ProcessIntegratedHsp... after 1 ms 
[2026-05-19T17:20:11.187] [DEBUG] debug-file - Executing task :entry:default@BuildNativeWithCmake
[2026-05-19T17:20:11.187] [DEBUG] debug-file - entry : default@BuildNativeWithCmake cost memory 0.015045166015625
[2026-05-19T17:20:11.187] [DEBUG] debug-file - runTaskFromQueue task cost before running: 977 ms 
[2026-05-19T17:20:11.187] [INFO] debug-file - Finished :entry:default@BuildNativeWithCmake... after 1 ms 
[2026-05-19T17:20:11.188] [DEBUG] debug-file - Executing task :entry:default@MakePackInfo
[2026-05-19T17:20:11.188] [DEBUG] debug-file - Module Pack Info:  {
  summary: {
    app: { bundleName: 'c***r', bundleType: 'app', version: [Object] },
    modules: [ [Object] ]
  },
  packages: [
    {
      deviceType: [Array],
      moduleType: 'entry',
      deliveryWithInstall: true,
      name: 'entry-default'
    }
  ]
}
[2026-05-19T17:20:11.189] [DEBUG] debug-file - entry : default@MakePackInfo cost memory 0.0997467041015625
[2026-05-19T17:20:11.189] [DEBUG] debug-file - runTaskFromQueue task cost before running: 978 ms 
[2026-05-19T17:20:11.189] [INFO] debug-file - Finished :entry:default@MakePackInfo... after 1 ms 
[2026-05-19T17:20:11.189] [DEBUG] debug-file - Executing task :entry:default@SyscapTransform
[2026-05-19T17:20:11.189] [DEBUG] debug-file - File: '/Users/jordanzt/Work/HuaweiWork/Others/Projects/JungleTestLabs/opencalc-harmonyos/entry/src/main/syscap.json' from 'sysCapJsonPath' is not exists, just ignore.
[2026-05-19T17:20:11.189] [DEBUG] debug-file - Task 'entry:default@SyscapTransform' cost while wrapping incremental declarations: 1 ms 
[2026-05-19T17:20:11.190] [DEBUG] debug-file - entry : default@SyscapTransform cost memory 0.049560546875
[2026-05-19T17:20:11.190] [DEBUG] debug-file - runTaskFromQueue task cost before running: 980 ms 
[2026-05-19T17:20:11.190] [INFO] debug-file - Finished :entry:default@SyscapTransform... after 1 ms 
[2026-05-19T17:20:11.191] [DEBUG] debug-file - Executing task :entry:default@ProcessProfile
[2026-05-19T17:20:11.191] [DEBUG] debug-file - Task 'entry:default@ProcessProfile' cost while wrapping incremental declarations: 1 ms 
[2026-05-19T17:20:11.192] [DEBUG] debug-file - [
  '/Applications/DevEco-Studio.app/Contents/tools/node/bin/node',
  '/Applications/DevEco-Studio.app/Contents/sdk/default/openharmony/ets/build-tools/ets-loader/bin/ark/ts2abc.js',
  '--target-api-version',
  '22'
]
[2026-05-19T17:20:11.256] [DEBUG] debug-file - 13.0.1.0
[2026-05-19T17:20:11.257] [DEBUG] debug-file - No need to add fake ui ability because of not in preview process.
[2026-05-19T17:20:11.257] [DEBUG] debug-file - entry : default@ProcessProfile cost memory 0.2674713134765625
[2026-05-19T17:20:11.257] [DEBUG] debug-file - runTaskFromQueue task cost before running: 1 s 47 ms 
[2026-05-19T17:20:11.257] [INFO] debug-file - Finished :entry:default@ProcessProfile... after 67 ms 
[2026-05-19T17:20:11.258] [DEBUG] debug-file - Executing task :entry:default@ProcessRouterMap
[2026-05-19T17:20:11.259] [DEBUG] debug-file - entry : default@ProcessRouterMap cost memory 0.07567596435546875
[2026-05-19T17:20:11.259] [DEBUG] debug-file - runTaskFromQueue task cost before running: 1 s 49 ms 
[2026-05-19T17:20:11.259] [INFO] debug-file - Finished :entry:default@ProcessRouterMap... after 1 ms 
[2026-05-19T17:20:11.259] [DEBUG] debug-file - Executing task :entry:default@ProcessShareConfig
[2026-05-19T17:20:11.260] [DEBUG] debug-file - entry : default@ProcessShareConfig cost memory 0.0632171630859375
[2026-05-19T17:20:11.260] [DEBUG] debug-file - runTaskFromQueue task cost before running: 1 s 50 ms 
[2026-05-19T17:20:11.260] [INFO] debug-file - Finished :entry:default@ProcessShareConfig... after 1 ms 
[2026-05-19T17:20:11.260] [DEBUG] debug-file - Executing task :entry:default@ProcessStartupConfig
[2026-05-19T17:20:11.260] [DEBUG] debug-file - Task 'entry:default@ProcessStartupConfig' cost while wrapping incremental declarations: 1 ms 
[2026-05-19T17:20:11.261] [DEBUG] debug-file - entry : default@ProcessStartupConfig cost memory 0.063079833984375
[2026-05-19T17:20:11.261] [DEBUG] debug-file - runTaskFromQueue task cost before running: 1 s 51 ms 
[2026-05-19T17:20:11.261] [INFO] debug-file - Finished :entry:default@ProcessStartupConfig... after 1 ms 
[2026-05-19T17:20:11.261] [DEBUG] debug-file - Executing task :entry:default@BuildNativeWithNinja
[2026-05-19T17:20:11.261] [DEBUG] debug-file - entry : default@BuildNativeWithNinja cost memory 0.02617645263671875
[2026-05-19T17:20:11.261] [DEBUG] debug-file - runTaskFromQueue task cost before running: 1 s 51 ms 
[2026-05-19T17:20:11.261] [INFO] debug-file - Finished :entry:default@BuildNativeWithNinja... after 1 ms 
[2026-05-19T17:20:11.262] [DEBUG] debug-file - restool module names: entry; moduleName=entry, taskName=default@ProcessResource
[2026-05-19T17:20:11.263] [DEBUG] debug-file - Executing task :entry:default@ProcessResource
[2026-05-19T17:20:11.263] [DEBUG] debug-file - Task 'entry:default@ProcessResource' cost while wrapping incremental declarations: 1 ms 
[2026-05-19T17:20:11.263] [DEBUG] debug-file - entry : default@ProcessResource cost memory 0.116607666015625
[2026-05-19T17:20:11.263] [DEBUG] debug-file - runTaskFromQueue task cost before running: 1 s 53 ms 
[2026-05-19T17:20:11.264] [INFO] debug-file - Finished :entry:default@ProcessResource... after 2 ms 
[2026-05-19T17:20:11.264] [DEBUG] debug-file - Executing task :entry:default@GenerateLoaderJson
[2026-05-19T17:20:11.264] [DEBUG] debug-file - Task 'entry:default@GenerateLoaderJson' cost while wrapping incremental declarations: 1 ms 
[2026-05-19T17:20:11.266] [DEBUG] debug-file - entry : default@GenerateLoaderJson cost memory 0.5185317993164062
[2026-05-19T17:20:11.266] [DEBUG] debug-file - runTaskFromQueue task cost before running: 1 s 56 ms 
[2026-05-19T17:20:11.267] [INFO] debug-file - Finished :entry:default@GenerateLoaderJson... after 3 ms 
[2026-05-19T17:20:11.267] [DEBUG] debug-file - Executing task :entry:default@ProcessLibs
[2026-05-19T17:20:11.269] [DEBUG] debug-file - Worker dispatch failed, running processLibs on main thread.
[2026-05-19T17:20:11.270] [DEBUG] debug-file - entry : default@ProcessLibs cost memory 0.33019256591796875
[2026-05-19T17:20:11.270] [DEBUG] debug-file - runTaskFromQueue task cost before running: 1 s 60 ms 
[2026-05-19T17:20:11.270] [INFO] debug-file - Finished :entry:default@ProcessLibs... after 3 ms 
[2026-05-19T17:20:11.270] [DEBUG] debug-file - restool module names: entry; moduleName=entry, taskName=default@CompileResource
[2026-05-19T17:20:11.270] [DEBUG] debug-file - Executing task :entry:default@CompileResource
[2026-05-19T17:20:11.336] [DEBUG] debug-file - Use tool [/Applications/DevEco-Studio.app/Contents/sdk/default/openharmony/toolchains/restool]
 [
  '/Applications/DevEco-Studio.app/Contents/sdk/default/openharmony/toolchains/restool',
  '-l',
  '/Users/jordanzt/Work/HuaweiWork/Others/Projects/JungleTestLabs/opencalc-harmonyos/entry/build/default/intermediates/res/default/resConfig.json'
]
[2026-05-19T17:20:11.337] [DEBUG] debug-file - current process  memoryUsage: {
  rss: 347947008,
  heapTotal: 184008704,
  heapUsed: 155577424,
  external: 3350117,
  arrayBuffers: 1462727
} os memoryUsage :15.862197875976562
[2026-05-19T17:20:11.365] [DEBUG] debug-file - Info: Pack: normal pack mode

[2026-05-19T17:20:11.475] [DEBUG] debug-file - Info: hardware concurrency count is : 12
Info: thread count is : 12
Info: thread pool is started

[2026-05-19T17:20:11.476] [DEBUG] debug-file - Info: GenericCompiler::CompileFiles

[2026-05-19T17:20:11.476] [DEBUG] debug-file - Info: GenericCompiler::CompileFiles

[2026-05-19T17:20:11.477] [DEBUG] debug-file - 05-19 17:20:11.477 37991 6026168 E C01400/ImageTranscoderUtils: DecodeToRGBA IN
05-19 17:20:11.477 37991 6026168 E C01400/ImageTranscoderUtils: ImageFilter IN /Users/jordanzt/Work/HuaweiWork/Others/Projects/JungleTestLabs/opencalc-harmonyos/entry/src/main/resources/base/media/app_icon.png

[2026-05-19T17:20:11.481] [DEBUG] debug-file - 05-19 17:20:11.481 37991 6026168 E C01400/ImageTranscoder: TranscodeSLR Only zoom-out is supported.

[2026-05-19T17:20:11.481] [DEBUG] debug-file - Warning: ScaleImage failed, error message: INVALID_PARAMETERS, file path = /Users/jordanzt/Work/HuaweiWork/Others/Projects/JungleTestLabs/opencalc-harmonyos/entry/src/main/resources/base/media/app_icon.png

[2026-05-19T17:20:11.482] [DEBUG] debug-file - Info: restool resources compile success.

[2026-05-19T17:20:11.482] [DEBUG] debug-file - Info: thread pool is stopped

[2026-05-19T17:20:11.483] [WARN] debug-file - Warning: 'record' node is empty, please check the JSON file.
at /Applications/DevEco-Studio.app/Contents/sdk/default/hms/toolchains/id_defined.json
Warning: 'record' node is empty, please check the JSON file.
at /Applications/DevEco-Studio.app/Contents/sdk/default/openharmony/toolchains/id_defined.json

[2026-05-19T17:20:11.484] [DEBUG] debug-file - entry : default@CompileResource cost memory -27.833419799804688
[2026-05-19T17:20:11.484] [DEBUG] debug-file - runTaskFromQueue task cost before running: 1 s 274 ms 
[2026-05-19T17:20:11.484] [INFO] debug-file - Finished :entry:default@CompileResource... after 214 ms 
[2026-05-19T17:20:11.485] [DEBUG] debug-file - Executing task :entry:default@DoNativeStrip
[2026-05-19T17:20:11.485] [DEBUG] debug-file - Task 'entry:default@DoNativeStrip' cost while wrapping incremental declarations: 1 ms 
[2026-05-19T17:20:11.486] [DEBUG] debug-file - entry : default@DoNativeStrip cost memory 0.04279327392578125
[2026-05-19T17:20:11.486] [DEBUG] debug-file - runTaskFromQueue task cost before running: 1 s 275 ms 
[2026-05-19T17:20:11.486] [INFO] debug-file - Finished :entry:default@DoNativeStrip... after 1 ms 
[2026-05-19T17:20:11.486] [DEBUG] debug-file - Executing task :entry:default@CompileArkTS
[2026-05-19T17:20:11.486] [DEBUG] debug-file - obfuscationOptions: undefined
[2026-05-19T17:20:11.487] [DEBUG] debug-file - Task 'entry:default@CompileArkTS' cost while wrapping incremental declarations: 1 ms 
[2026-05-19T17:20:11.491] [DEBUG] debug-file - build config:
[2026-05-19T17:20:11.491] [DEBUG] debug-file - {
  moduleType: 'entry',
  perf: 0,
  targetName: '.default',
  packageManagerType: 'ohpm',
  localPropertiesPath: '/Users/jordanzt/Work/HuaweiWork/Others/Projects/JungleTestLabs/opencalc-harmonyos/local.properties',
  isPreview: false,
  isOhosTest: false,
  isLocalTest: false,
  buildMode: 'Debug',
  hotReloadBuild: undefined,
  watchMode: 'false',
  aceProfilePath: '/Users/jordanzt/Work/HuaweiWork/Others/Projects/JungleTestLabs/opencalc-harmonyos/entry/build/default/intermediates/res/default/resources/base/profile',
  etsLoaderPath: '/Applications/DevEco-Studio.app/Contents/sdk/default/openharmony/ets/build-tools/ets-loader',
  modulePath: '/Users/jordanzt/Work/HuaweiWork/Others/Projects/JungleTestLabs/opencalc-harmonyos/entry',
  testFrameworkPar: {
    testMode: undefined,
    coveragePathFilter: undefined,
    coverageMode: undefined
  },
  needCoverageInsert: false,
  debugLine: false,
  projectTopDir: '/Users/jordanzt/Work/HuaweiWork/Others/Projects/JungleTestLabs/opencalc-harmonyos',
  compileSdkVersion: 22,
  compatibleSdkVersion: 22,
  originCompatibleSdkVersion: '6.0.2(22)',
  compatibleSdkVersionStage: undefined,
  bundleName: 'c***r',
  etsLoaderVersion: '6.0.2.130',
  etsLoaderReleaseType: 'Release',
  aotCompileMode: 'type',
  apPath: '/Users/jordanzt/Work/HuaweiWork/Others/Projects/JungleTestLabs/opencalc-harmonyos/entry/modules.ap',
  entryModuleName: 'entry',
  entryModuleVersion: '1.0.0',
  entryPackageName: 'entry',
  allModuleNameHash: '6671a194f23c271af8c958055775f1e8fca00d4e2e30f4305728b40b020624b2',
  externalApiPaths: [ '/Applications/DevEco-Studio.app/Contents/sdk/default/hms/ets' ],
  compilerTypes: [],
  isCrossplatform: false,
  hvigorPluginFile: undefined,
  compilePluginPath: undefined,
  buildGeneratedProfilePath: '/Users/jordanzt/Work/HuaweiWork/Others/Projects/JungleTestLabs/opencalc-harmonyos/entry/build/default/generated/profile/default',
  bundleType: 'app',
  arkTSVersion: undefined,
  apiVersion: 22,
  needCompleteSourcesMap: false,
  isFaMode: false,
  buildDir: '/Users/jordanzt/Work/HuaweiWork/Others/Projects/JungleTestLabs/opencalc-harmonyos/entry/build',
  deviceTypes: [ 'phone', 'tablet' ],
  pkgContextInfo: undefined,
  ohPackagePathMap: {},
  dependencyAliasMap: {},
  permission: { requestPermissions: [ [Object] ], definePermissions: undefined },
  useGetCurrentBundleName: false,
  projectArkOption: undefined,
  sourceMapDir: undefined,
  branchElimination: false,
  transformLib: undefined,
  tsImportSendable: false,
  resolveConflictMode: true,
  depName2RootPath: {},
  depName2DepInfo: {},
  rootPathSet: [
    '/Users/jordanzt/Work/HuaweiWork/Others/Projects/JungleTestLabs/opencalc-harmonyos'
  ],
  useNativeResolver: true,
  shouldEmitJs: true,
  useTscResolve: false,
  singleFileEmit: false,
  userProjectConfig: {
    autoLazyImport: false,
    allowEmptyBundleName: false,
    reExportCheckMode: 'noCheck',
    executionMode: 'memory',
    usePathPlaceholder: false,
    writeRollupCache: true,
    isExpandImportEnabled: false,
    expandImportExclude: '',
    lazyImportExclude: '',
    lazyImportInclude: '',
    ignoreCrossplatformCheck: false,
    isHarDeduplicateEnabled: false,
    skipOhModulesLint: false,
    enableStrictCheckOHModule: false,
    disableSendableCheckRules: [],
    useDeclarationFileSignature: false,
    customizedOptions: undefined,
    integratedHsp: false,
    isPreloadSoEnabled: false
  },
  executionMode: 'memory',
  arkCompileCachePath: '/Users/jordanzt/Work/HuaweiWork/Others/Projects/JungleTestLabs/opencalc-harmonyos/entry/build/default/cache/default/default@CompileArkTS/esmodule',
  autoLazyFilter: undefined,
  isHarDeduplicateEnabled: false,
  intermediateHarDuplicateDirPath: '/Users/jordanzt/Work/HuaweiWork/Others/Projects/JungleTestLabs/opencalc-harmonyos/entry/build/default/intermediates/har_duplicate/default',
  autoLazyImport: false,
  allowEmptyBundleName: false,
  reExportCheckMode: 'noCheck',
  usePathPlaceholder: false,
  writeRollupCache: true,
  isExpandImportEnabled: false,
  expandImportExclude: '',
  lazyImportExclude: '',
  lazyImportInclude: '',
  ignoreCrossplatformCheck: false,
  skipOhModulesLint: false,
  enableStrictCheckOHModule: false,
  disableSendableCheckRules: [],
  useDeclarationFileSignature: false,
  customizedOptions: undefined,
  integratedHsp: false,
  isPreloadSoEnabled: false,
  strictMode: undefined,
  useNormalizedOHMUrl: false,
  caseSensitiveCheck: false,
  aceModuleJsonPath: '/Users/jordanzt/Work/HuaweiWork/Others/Projects/JungleTestLabs/opencalc-harmonyos/entry/build/default/intermediates/res/default/ark_module.json',
  appResource: '/Users/jordanzt/Work/HuaweiWork/Others/Projects/JungleTestLabs/opencalc-harmonyos/entry/build/default/intermediates/res/default/ResourceTable.txt',
  rawFileResource: '/Users/jordanzt/Work/HuaweiWork/Others/Projects/JungleTestLabs/opencalc-harmonyos/entry/build/default/intermediates/res/default/resources/rawfile',
  resourceTableHash: '15a61ac8d9e6adf561b61d3e27a374d205464ba7d77ce5a6c1be29eb60539798',
  runtimeOS: 'HarmonyOS',
  sdkInfo: 'false:22:6.0.2.130:Release',
  aceModuleRoot: '/Users/jordanzt/Work/HuaweiWork/Others/Projects/JungleTestLabs/opencalc-harmonyos/entry/src/main/ets',
  compileMode: 'esmodule',
  aceSuperVisualPath: '/Users/jordanzt/Work/HuaweiWork/Others/Projects/JungleTestLabs/opencalc-harmonyos/entry/src/main/supervisual',
  aceBuildJson: '/Users/jordanzt/Work/HuaweiWork/Others/Projects/JungleTestLabs/opencalc-harmonyos/entry/build/default/intermediates/loader/default/loader.json',
  cachePath: '/Users/jordanzt/Work/HuaweiWork/Others/Projects/JungleTestLabs/opencalc-harmonyos/entry/build/default/cache/default/default@CompileArkTS/esmodule/debug',
  aceModuleBuild: '/Users/jordanzt/Work/HuaweiWork/Others/Projects/JungleTestLabs/opencalc-harmonyos/entry/build/default/intermediates/loader_out/default/ets',
  supportChunks: true,
  declaredFilesPath: undefined,
  shouldCollectDirectImportees: false,
  isByteCodeHarOptimize: false,
  expandImportPath: undefined,
  pkgNameToPkgBriefInfo: {
    entry: {
      pkgRoot: '/Users/jordanzt/Work/HuaweiWork/Others/Projects/JungleTestLabs/opencalc-harmonyos/entry',
      originalSourceRoots: undefined,
      sourceRoots: [Array],
      pkgName: 'entry'
    }
  },
  projectModel: {
    '/Users/jordanzt/Work/HuaweiWork/Others/Projects/JungleTestLabs/opencalc-harmonyos/entry/src/main': {
      moduleName: 'entry',
      modulePkgPath: '/Users/jordanzt/Work/HuaweiWork/Others/Projects/JungleTestLabs/opencalc-harmonyos/entry',
      belongProjectPath: '/Users/jordanzt/Work/HuaweiWork/Others/Projects/JungleTestLabs/opencalc-harmonyos'
    },
    '/Users/jordanzt/Work/HuaweiWork/Others/Projects/JungleTestLabs/opencalc-harmonyos/entry': {
      moduleName: 'entry',
      modulePkgPath: '/Users/jordanzt/Work/HuaweiWork/Others/Projects/JungleTestLabs/opencalc-harmonyos/entry',
      belongProjectPath: '/Users/jordanzt/Work/HuaweiWork/Others/Projects/JungleTestLabs/opencalc-harmonyos'
    },
    '/Users/jordanzt/Work/HuaweiWork/Others/Projects/JungleTestLabs/opencalc-harmonyos': {
      moduleName: 'opencalc-harmonyos',
      modulePkgPath: '/Users/jordanzt/Work/HuaweiWork/Others/Projects/JungleTestLabs/opencalc-harmonyos',
      belongProjectPath: '/Users/jordanzt/Work/HuaweiWork/Others/Projects/JungleTestLabs/opencalc-harmonyos'
    }
  },
  pkgJsonFileHash: '9598d6ed3debbacd1532769d4ef187be335bd6b4f7ea12b707b184fd0505ba47',
  allModulePaths: [
    '/Users/jordanzt/Work/HuaweiWork/Others/Projects/JungleTestLabs/opencalc-harmonyos/entry'
  ],
  routerMap: {},
  obfuscationOptions: undefined,
  byteCodeHarToDependencyKeys: undefined,
  compileBlockPkg: [],
  mockParams: {
    decorator: '@MockSetup',
    packageName: '@ohos/hamock',
    etsSourceRootPath: 'src/main/ets',
    mockConfigPath: undefined,
    mockConfigKey2ModuleInfo: {},
    source2ModuleIdMap: {}
  },
  copyCodeResourceEnable: true,
  copyCodeResourceExcludes: [],
  copyCodeResourceIncludes: undefined,
  uiTransformOptimization: false,
  sdkPath: '/Applications/DevEco-Studio.app/Contents/sdk',
  needPreloadSoFileSet: {},
  preloadSoFilePath: '/Users/jordanzt/Work/HuaweiWork/Others/Projects/JungleTestLabs/opencalc-harmonyos/entry/build/default/intermediates/preload/default/preload.json',
  useSourceHash: false,
  localModuleParamMap: {},
  otherPaths: {
    'entry/*': [ '../*', '../../../build/default/generated/profile/default/*' ]
  },
  collectImportersConfig: undefined
}
[2026-05-19T17:20:11.491] [DEBUG] debug-file - Compile arkts with external api path: /Applications/DevEco-Studio.app/Contents/sdk/default/hms/ets
[2026-05-19T17:20:11.492] [DEBUG] debug-file - default@CompileArkTS work[0] is submitted.
[2026-05-19T17:20:11.492] [DEBUG] debug-file - default@CompileArkTS work[0] is pushed to ready queue.
[2026-05-19T17:20:11.492] [DEBUG] debug-file - A work dispatched to worker[11] failed because unable to get work from ready queue.
[2026-05-19T17:20:11.492] [DEBUG] debug-file - A work dispatched to worker[10] failed because unable to get work from ready queue.
[2026-05-19T17:20:11.492] [DEBUG] debug-file - A work dispatched to worker[9] failed because unable to get work from ready queue.
[2026-05-19T17:20:11.492] [DEBUG] debug-file - A work dispatched to worker[8] failed because unable to get work from ready queue.
[2026-05-19T17:20:11.492] [DEBUG] debug-file - A work dispatched to worker[7] failed because unable to get work from ready queue.
[2026-05-19T17:20:11.492] [DEBUG] debug-file - A work dispatched to worker[6] failed because unable to get work from ready queue.
[2026-05-19T17:20:11.492] [DEBUG] debug-file - A work dispatched to worker[5] failed because unable to get work from ready queue.
[2026-05-19T17:20:11.492] [DEBUG] debug-file - Create  resident worker with id: 4.
[2026-05-19T17:20:11.493] [DEBUG] debug-file - default@CompileArkTS work[0] has been dispatched to worker[4].
[2026-05-19T17:20:11.493] [DEBUG] debug-file - default@CompileArkTS work[0] is dispatched.
[2026-05-19T17:20:11.493] [DEBUG] debug-file - CopyResources startTime: 254168123616958
[2026-05-19T17:20:11.493] [DEBUG] debug-file - default@CompileArkTS work[1] is submitted.
[2026-05-19T17:20:11.493] [DEBUG] debug-file - default@CompileArkTS work[1] is pushed to ready queue.
[2026-05-19T17:20:11.493] [DEBUG] debug-file - A work dispatched to worker[11] failed because unable to get work from ready queue.
[2026-05-19T17:20:11.493] [DEBUG] debug-file - Create  resident worker with id: 10.
[2026-05-19T17:20:11.493] [DEBUG] debug-file - default@CompileArkTS work[1] has been dispatched to worker[10].
[2026-05-19T17:20:11.494] [DEBUG] debug-file - default@CompileArkTS work[1] is dispatched.
[2026-05-19T17:20:11.494] [DEBUG] debug-file - entry : default@CompileArkTS cost memory 1.2409210205078125
[2026-05-19T17:20:11.494] [DEBUG] debug-file - Executing task :entry:default@BuildJS
[2026-05-19T17:20:11.494] [DEBUG] debug-file - Task 'entry:default@BuildJS' cost while wrapping incremental declarations: 1 ms 
[2026-05-19T17:20:11.495] [DEBUG] debug-file - entry : default@BuildJS cost memory 0.1298675537109375
[2026-05-19T17:20:11.495] [DEBUG] debug-file - runTaskFromQueue task cost before running: 1 s 285 ms 
[2026-05-19T17:20:11.495] [INFO] debug-file - Finished :entry:default@BuildJS... after 1 ms 
[2026-05-19T17:20:11.495] [DEBUG] debug-file - Executing task :entry:default@CacheNativeLibs
[2026-05-19T17:20:11.495] [DEBUG] debug-file - Task 'entry:default@CacheNativeLibs' cost while wrapping incremental declarations: 1 ms 
[2026-05-19T17:20:11.495] [DEBUG] debug-file - default@CacheNativeLibs work[2] is submitted.
[2026-05-19T17:20:11.495] [DEBUG] debug-file - default@CacheNativeLibs work[2] is pushed to ready queue.
[2026-05-19T17:20:11.495] [DEBUG] debug-file - A work dispatched to worker[11] failed because unable to get work from ready queue.
[2026-05-19T17:20:11.496] [DEBUG] debug-file - A work dispatched to worker[10] failed because of worker busy.
[2026-05-19T17:20:11.496] [DEBUG] debug-file - Create  resident worker with id: 9.
[2026-05-19T17:20:11.496] [DEBUG] debug-file - default@CacheNativeLibs work[2] has been dispatched to worker[9].
[2026-05-19T17:20:11.496] [DEBUG] debug-file - default@CacheNativeLibs work[2] is dispatched.
[2026-05-19T17:20:11.496] [DEBUG] debug-file - entry : default@CacheNativeLibs cost memory 0.1824493408203125
[2026-05-19T17:20:11.758] [DEBUG] debug-file - worker[10] has one work done.
[2026-05-19T17:20:11.758] [DEBUG] debug-file - CopyResources is end, endTime: 254168388497583
[2026-05-19T17:20:11.758] [DEBUG] debug-file - default@CompileArkTS work[1] done.
[2026-05-19T17:20:11.758] [DEBUG] debug-file - A work dispatched to worker[10] failed because unable to get work from ready queue.
[2026-05-19T17:20:11.776] [DEBUG] debug-file - worker[9] has one work done.
[2026-05-19T17:20:11.776] [DEBUG] debug-file - default@CacheNativeLibs work[2] done.
[2026-05-19T17:20:11.776] [DEBUG] debug-file - A work dispatched to worker[9] failed because unable to get work from ready queue.
[2026-05-19T17:20:11.776] [INFO] debug-file - Finished :entry:default@CacheNativeLibs... after 3 ms 
[2026-05-19T17:20:14.739] [WARN] debug-file - [33mWARN: [33m[33mArkTS:WARN File: /Users/jordanzt/Work/HuaweiWork/Others/Projects/JungleTestLabs/opencalc-harmonyos/entry/src/main/ets/pages/Index.ets:7:5
 Function may throw exceptions. Special handling is required.
[39m[39m
[33mWARN: [33m[33mArkTS:WARN File: /Users/jordanzt/Work/HuaweiWork/Others/Projects/JungleTestLabs/opencalc-harmonyos/entry/src/main/ets/pages/Index.ets:7:12
 'replaceUrl' has been deprecated.
[39m[39m
[33mWARN: [33m[33mArkTS:WARN File: /Users/jordanzt/Work/HuaweiWork/Others/Projects/JungleTestLabs/opencalc-harmonyos/entry/src/main/ets/preferences/PreferencesStore.ets:33:24
 Function may throw exceptions. Special handling is required.
[39m[39m
[33mWARN: [33m[33mArkTS:WARN File: /Users/jordanzt/Work/HuaweiWork/Others/Projects/JungleTestLabs/opencalc-harmonyos/entry/src/main/ets/preferences/PreferencesStore.ets:41:18
 Function may throw exceptions. Special handling is required.
[39m[39m
[33mWARN: [33m[33mArkTS:WARN File: /Users/jordanzt/Work/HuaweiWork/Others/Projects/JungleTestLabs/opencalc-harmonyos/entry/src/main/ets/preferences/PreferencesStore.ets:47:11
 Function may throw exceptions. Special handling is required.
[39m[39m
[33mWARN: [33m[33mArkTS:WARN File: /Users/jordanzt/Work/HuaweiWork/Others/Projects/JungleTestLabs/opencalc-harmonyos/entry/src/main/ets/preferences/PreferencesStore.ets:48:11
 Function may throw exceptions. Special handling is required.
[39m[39m
[33mWARN: [33m[33mArkTS:WARN File: /Users/jordanzt/Work/HuaweiWork/Others/Projects/JungleTestLabs/opencalc-harmonyos/entry/src/main/ets/preferences/PreferencesStore.ets:54:18
 Function may throw exceptions. Special handling is required.
[39m[39m
[33mWARN: [33m[33mArkTS:WARN File: /Users/jordanzt/Work/HuaweiWork/Others/Projects/JungleTestLabs/opencalc-harmonyos/entry/src/main/ets/preferences/PreferencesStore.ets:60:11
 Function may throw exceptions. Special handling is required.
[39m[39m
[33mWARN: [33m[33mArkTS:WARN File: /Users/jordanzt/Work/HuaweiWork/Others/Projects/JungleTestLabs/opencalc-harmonyos/entry/src/main/ets/preferences/PreferencesStore.ets:61:11
 Function may throw exceptions. Special handling is required.
[39m[39m
[33mWARN: [33m[33mArkTS:WARN File: /Users/jordanzt/Work/HuaweiWork/Others/Projects/JungleTestLabs/opencalc-harmonyos/entry/src/main/ets/preferences/PreferencesStore.ets:69:18
 Function may throw exceptions. Special handling is required.
[39m[39m
[33mWARN: [33m[33mArkTS:WARN File: /Users/jordanzt/Work/HuaweiWork/Others/Projects/JungleTestLabs/opencalc-harmonyos/entry/src/main/ets/preferences/PreferencesStore.ets:75:11
 Function may throw exceptions. Special handling is required.
[39m[39m
[33mWARN: [33m[33mArkTS:WARN File: /Users/jordanzt/Work/HuaweiWork/Others/Projects/JungleTestLabs/opencalc-harmonyos/entry/src/main/ets/preferences/PreferencesStore.ets:76:11
 Function may throw exceptions. Special handling is required.
[39m[39m
[33mWARN: [33m[33mArkTS:WARN File: /Users/jordanzt/Work/HuaweiWork/Others/Projects/JungleTestLabs/opencalc-harmonyos/entry/src/main/ets/preferences/PreferencesStore.ets:84:18
 Function may throw exceptions. Special handling is required.
[39m[39m
[33mWARN: [33m[33mArkTS:WARN File: /Users/jordanzt/Work/HuaweiWork/Others/Projects/JungleTestLabs/opencalc-harmonyos/entry/src/main/ets/preferences/PreferencesStore.ets:90:11
 Function may throw exceptions. Special handling is required.
[39m[39m
[33mWARN: [33m[33mArkTS:WARN File: /Users/jordanzt/Work/HuaweiWork/Others/Projects/JungleTestLabs/opencalc-harmonyos/entry/src/main/ets/preferences/PreferencesStore.ets:91:11
 Function may throw exceptions. Special handling is required.
[39m[39m
[33mWARN: [33m[33mArkTS:WARN File: /Users/jordanzt/Work/HuaweiWork/Others/Projects/JungleTestLabs/opencalc-harmonyos/entry/src/main/ets/preferences/PreferencesStore.ets:99:18
 Function may throw exceptions. Special handling is required.
[39m[39m
[33mWARN: [33m[33mArkTS:WARN File: /Users/jordanzt/Work/HuaweiWork/Others/Projects/JungleTestLabs/opencalc-harmonyos/entry/src/main/ets/preferences/PreferencesStore.ets:105:11
 Function may throw exceptions. Special handling is required.
[39m[39m
[33mWARN: [33m[33mArkTS:WARN File: /Users/jordanzt/Work/HuaweiWork/Others/Projects/JungleTestLabs/opencalc-harmonyos/entry/src/main/ets/preferences/PreferencesStore.ets:106:11
 Function may throw exceptions. Special handling is required.
[39m[39m
[33mWARN: [33m[33mArkTS:WARN File: /Users/jordanzt/Work/HuaweiWork/Others/Projects/JungleTestLabs/opencalc-harmonyos/entry/src/main/ets/preferences/PreferencesStore.ets:115:32
 Function may throw exceptions. Special handling is required.
[39m[39m
[33mWARN: [33m[33mArkTS:WARN File: /Users/jordanzt/Work/HuaweiWork/Others/Projects/JungleTestLabs/opencalc-harmonyos/entry/src/main/ets/preferences/PreferencesStore.ets:131:11
 Function may throw exceptions. Special handling is required.
[39m[39m
[33mWARN: [33m[33mArkTS:WARN File: /Users/jordanzt/Work/HuaweiWork/Others/Projects/JungleTestLabs/opencalc-harmonyos/entry/src/main/ets/preferences/PreferencesStore.ets:132:11
 Function may throw exceptions. Special handling is required.
[39m[39m
[33mWARN: [33m[33mArkTS:WARN File: /Users/jordanzt/Work/HuaweiWork/Others/Projects/JungleTestLabs/opencalc-harmonyos/entry/src/main/ets/preferences/PreferencesStore.ets:140:18
 Function may throw exceptions. Special handling is required.
[39m[39m
[33mWARN: [33m[33mArkTS:WARN File: /Users/jordanzt/Work/HuaweiWork/Others/Projects/JungleTestLabs/opencalc-harmonyos/entry/src/main/ets/preferences/PreferencesStore.ets:146:11
 Function may throw exceptions. Special handling is required.
[39m[39m
[33mWARN: [33m[33mArkTS:WARN File: /Users/jordanzt/Work/HuaweiWork/Others/Projects/JungleTestLabs/opencalc-harmonyos/entry/src/main/ets/preferences/PreferencesStore.ets:147:11
 Function may throw exceptions. Special handling is required.
[39m[39m
[33mWARN: [33m[33mArkTS:WARN File: /Users/jordanzt/Work/HuaweiWork/Others/Projects/JungleTestLabs/opencalc-harmonyos/entry/src/main/ets/preferences/PreferencesStore.ets:155:18
 Function may throw exceptions. Special handling is required.
[39m[39m
[33mWARN: [33m[33mArkTS:WARN File: /Users/jordanzt/Work/HuaweiWork/Others/Projects/JungleTestLabs/opencalc-harmonyos/entry/src/main/ets/preferences/PreferencesStore.ets:161:11
 Function may throw exceptions. Special handling is required.
[39m[39m
[33mWARN: [33m[33mArkTS:WARN File: /Users/jordanzt/Work/HuaweiWork/Others/Projects/JungleTestLabs/opencalc-harmonyos/entry/src/main/ets/preferences/PreferencesStore.ets:162:11
 Function may throw exceptions. Special handling is required.
[39m[39m
[33mWARN: [33m[33mArkTS:WARN File: /Users/jordanzt/Work/HuaweiWork/Others/Projects/JungleTestLabs/opencalc-harmonyos/entry/src/main/ets/preferences/PreferencesStore.ets:170:18
 Function may throw exceptions. Special handling is required.
[39m[39m
[33mWARN: [33m[33mArkTS:WARN File: /Users/jordanzt/Work/HuaweiWork/Others/Projects/JungleTestLabs/opencalc-harmonyos/entry/src/main/ets/preferences/PreferencesStore.ets:176:11
 Function may throw exceptions. Special handling is required.
[39m[39m
[33mWARN: [33m[33mArkTS:WARN File: /Users/jordanzt/Work/HuaweiWork/Others/Projects/JungleTestLabs/opencalc-harmonyos/entry/src/main/ets/preferences/PreferencesStore.ets:177:11
 Function may throw exceptions. Special handling is required.
[39m[39m
[33mWARN: [33m[33mArkTS:WARN File: /Users/jordanzt/Work/HuaweiWork/Others/Projects/JungleTestLabs/opencalc-harmonyos/entry/src/main/ets/preferences/PreferencesStore.ets:185:18
 Function may throw exceptions. Special handling is required.
[39m[39m
[33mWARN: [33m[33mArkTS:WARN File: /Users/jordanzt/Work/HuaweiWork/Others/Projects/JungleTestLabs/opencalc-harmonyos/entry/src/main/ets/preferences/PreferencesStore.ets:191:11
 Function may throw exceptions. Special handling is required.
[39m[39m
[33mWARN: [33m[33mArkTS:WARN File: /Users/jordanzt/Work/HuaweiWork/Others/Projects/JungleTestLabs/opencalc-harmonyos/entry/src/main/ets/preferences/PreferencesStore.ets:192:11
 Function may throw exceptions. Special handling is required.
[39m[39m
[33mWARN: [33m[33mArkTS:WARN File: /Users/jordanzt/Work/HuaweiWork/Others/Projects/JungleTestLabs/opencalc-harmonyos/entry/src/main/ets/preferences/PreferencesStore.ets:198:18
 Function may throw exceptions. Special handling is required.
[39m[39m
[33mWARN: [33m[33mArkTS:WARN File: /Users/jordanzt/Work/HuaweiWork/Others/Projects/JungleTestLabs/opencalc-harmonyos/entry/src/main/ets/preferences/PreferencesStore.ets:204:11
 Function may throw exceptions. Special handling is required.
[39m[39m
[33mWARN: [33m[33mArkTS:WARN File: /Users/jordanzt/Work/HuaweiWork/Others/Projects/JungleTestLabs/opencalc-harmonyos/entry/src/main/ets/preferences/PreferencesStore.ets:205:11
 Function may throw exceptions. Special handling is required.
[39m[39m
[33mWARN: [33m[33mArkTS:WARN File: /Users/jordanzt/Work/HuaweiWork/Others/Projects/JungleTestLabs/opencalc-harmonyos/entry/src/main/ets/pages/CalculatorPage.ets:41:42
 'getContext' has been deprecated.
[39m[39m
[33mWARN: [33m[33mArkTS:WARN File: /Users/jordanzt/Work/HuaweiWork/Others/Projects/JungleTestLabs/opencalc-harmonyos/entry/src/main/ets/pages/CalculatorPage.ets:104:5
 Function may throw exceptions. Special handling is required.
[39m[39m
[33mWARN: [33m[33mArkTS:WARN File: /Users/jordanzt/Work/HuaweiWork/Others/Projects/JungleTestLabs/opencalc-harmonyos/entry/src/main/ets/pages/CalculatorPage.ets:105:5
 Function may throw exceptions. Special handling is required.
[39m[39m
[33mWARN: [33m[33mArkTS:WARN File: /Users/jordanzt/Work/HuaweiWork/Others/Projects/JungleTestLabs/opencalc-harmonyos/entry/src/main/ets/pages/CalculatorPage.ets:105:18
 'showToast' has been deprecated.
[39m[39m
[33mWARN: [33m[33mArkTS:WARN File: /Users/jordanzt/Work/HuaweiWork/Others/Projects/JungleTestLabs/opencalc-harmonyos/entry/src/main/ets/pages/CalculatorPage.ets:268:18
 'pushUrl' has been deprecated.
[39m[39m
[33mWARN: [33m[33mArkTS:WARN File: /Users/jordanzt/Work/HuaweiWork/Others/Projects/JungleTestLabs/opencalc-harmonyos/entry/src/main/ets/pages/TipCalculatorPage.ets:26:12
 'back' has been deprecated.
[39m[39m
[33mWARN: [33mArkTS:WARN File: /Users/jordanzt/Work/HuaweiWork/Others/Projects/JungleTestLabs/opencalc-harmonyos/entry/src/main/ets/pages/CalculatorPage.ets:14:1
 It's not a recommended way to export struct with '@Entry' decorator, which may cause ACE Engine error in component preview mode.[39m[39m

[2026-05-19T17:20:14.739] [DEBUG] debug-file - Ark compile task finished.finished time is 254171369739458
[2026-05-19T17:20:14.739] [DEBUG] debug-file - worker[4] has one work done.
[2026-05-19T17:20:14.740] [DEBUG] debug-file - default@CompileArkTS work[0] done.
[2026-05-19T17:20:14.740] [DEBUG] debug-file - A work dispatched to worker[4] failed because unable to get work from ready queue.
[2026-05-19T17:20:14.740] [INFO] debug-file - Finished :entry:default@CompileArkTS... after 2 s 631 ms 
[2026-05-19T17:20:14.741] [DEBUG] debug-file - Executing task :entry:default@GeneratePkgModuleJson
[2026-05-19T17:20:14.741] [DEBUG] debug-file - File: '/Users/jordanzt/Work/HuaweiWork/Others/Projects/JungleTestLabs/opencalc-harmonyos/entry/build/default/intermediates/preload/default/preload.json' from 'preloadSoJsonPath' is not exists, just ignore.
[2026-05-19T17:20:14.741] [DEBUG] debug-file - Error occurs while handling @Input 'shouldDeduplicateHar': The "data" argument must be of type string or an instance of Buffer, TypedArray, or DataView. Received undefined
[2026-05-19T17:20:14.741] [DEBUG] debug-file - Task 'entry:default@GeneratePkgModuleJson' cost while wrapping incremental declarations: 1 ms 
[2026-05-19T17:20:14.741] [DEBUG] debug-file - entry : default@GeneratePkgModuleJson cost memory 0.1580352783203125
[2026-05-19T17:20:14.742] [DEBUG] debug-file - runTaskFromQueue task cost before running: 4 s 531 ms 
[2026-05-19T17:20:14.742] [INFO] debug-file - Finished :entry:default@GeneratePkgModuleJson... after 1 ms 
[2026-05-19T17:20:14.742] [DEBUG] debug-file - Executing task :entry:default@ProcessCompiledResources
[2026-05-19T17:20:14.742] [DEBUG] debug-file - File: '/Users/jordanzt/Work/HuaweiWork/Others/Projects/JungleTestLabs/opencalc-harmonyos/entry/build/default/intermediates/preload/default/preload.json' from 'preloadSoJsonPath' is not exists, just ignore.
[2026-05-19T17:20:14.742] [DEBUG] debug-file - Task 'entry:default@ProcessCompiledResources' cost while wrapping incremental declarations: 1 ms 
[2026-05-19T17:20:14.742] [DEBUG] debug-file - entry : default@ProcessCompiledResources cost memory 0.0607757568359375
[2026-05-19T17:20:14.742] [DEBUG] debug-file - runTaskFromQueue task cost before running: 4 s 532 ms 
[2026-05-19T17:20:14.742] [INFO] debug-file - Finished :entry:default@ProcessCompiledResources... after 1 ms 
[2026-05-19T17:20:14.743] [DEBUG] debug-file - Executing task :entry:default@PackageHap
[2026-05-19T17:20:14.743] [DEBUG] debug-file - Use tool [/Applications/DevEco-Studio.app/Contents/sdk/default/openharmony/toolchains/lib/app_packing_tool.jar]
 [
  'java',
  '-Dfile.encoding=utf-8',
  '-jar',
  '/Applications/DevEco-Studio.app/Contents/sdk/default/openharmony/toolchains/lib/app_packing_tool.jar',
  '--mode',
  'hap',
  '--force',
  'true',
  '--lib-path',
  '/Users/jordanzt/Work/HuaweiWork/Others/Projects/JungleTestLabs/opencalc-harmonyos/entry/build/default/intermediates/stripped_native_libs/default',
  '--json-path',
  '/Users/jordanzt/Work/HuaweiWork/Others/Projects/JungleTestLabs/opencalc-harmonyos/entry/build/default/intermediates/package/default/module.json',
  '--resources-path',
  '/Users/jordanzt/Work/HuaweiWork/Others/Projects/JungleTestLabs/opencalc-harmonyos/entry/build/default/intermediates/res/default/resources',
  '--index-path',
  '/Users/jordanzt/Work/HuaweiWork/Others/Projects/JungleTestLabs/opencalc-harmonyos/entry/build/default/intermediates/res/default/resources.index',
  '--pack-info-path',
  '/Users/jordanzt/Work/HuaweiWork/Others/Projects/JungleTestLabs/opencalc-harmonyos/entry/build/default/outputs/default/pack.info',
  '--out-path',
  '/Users/jordanzt/Work/HuaweiWork/Others/Projects/JungleTestLabs/opencalc-harmonyos/entry/build/default/outputs/default/entry-default-unsigned.hap',
  '--ets-path',
  '/Users/jordanzt/Work/HuaweiWork/Others/Projects/JungleTestLabs/opencalc-harmonyos/entry/build/default/intermediates/loader_out/default/ets'
]
[2026-05-19T17:20:14.794] [DEBUG] debug-file - java daemon socket received message:{"code":0,"message":"pack success"}
[2026-05-19T17:20:14.795] [DEBUG] debug-file - entry : default@PackageHap cost memory 0.5038299560546875
[2026-05-19T17:20:14.795] [DEBUG] debug-file - runTaskFromQueue task cost before running: 4 s 585 ms 
[2026-05-19T17:20:14.795] [INFO] debug-file - Finished :entry:default@PackageHap... after 53 ms 
[2026-05-19T17:20:14.796] [DEBUG] debug-file - Executing task :entry:default@PackingCheck
[2026-05-19T17:20:14.798] [DEBUG] debug-file - entry : default@PackingCheck cost memory 0.418426513671875
[2026-05-19T17:20:14.798] [DEBUG] debug-file - runTaskFromQueue task cost before running: 4 s 588 ms 
[2026-05-19T17:20:14.798] [INFO] debug-file - Finished :entry:default@PackingCheck... after 3 ms 
[2026-05-19T17:20:14.799] [DEBUG] debug-file - Executing task :entry:default@SignHap
[2026-05-19T17:20:14.799] [WARN] debug-file - No signingConfig found for product default
[2026-05-19T17:20:14.799] [DEBUG] debug-file - entry : default@SignHap cost memory 0.05788421630859375
[2026-05-19T17:20:14.799] [DEBUG] debug-file - runTaskFromQueue task cost before running: 4 s 589 ms 
[2026-05-19T17:20:14.799] [INFO] debug-file - Finished :entry:default@SignHap... after 1 ms 
[2026-05-19T17:20:14.800] [DEBUG] debug-file - Executing task :entry:default@CollectDebugSymbol
[2026-05-19T17:20:14.800] [DEBUG] debug-file - entry : default@CollectDebugSymbol cost memory 0.108428955078125
[2026-05-19T17:20:14.800] [DEBUG] debug-file - runTaskFromQueue task cost before running: 4 s 590 ms 
[2026-05-19T17:20:14.800] [INFO] debug-file - Finished :entry:default@CollectDebugSymbol... after 1 ms 
[2026-05-19T17:20:14.801] [DEBUG] debug-file - Executing task :entry:assembleHap
[2026-05-19T17:20:14.801] [DEBUG] debug-file - entry : assembleHap cost memory 0.01279449462890625
[2026-05-19T17:20:14.801] [DEBUG] debug-file - runTaskFromQueue task cost before running: 4 s 591 ms 
[2026-05-19T17:20:14.801] [INFO] debug-file - Finished :entry:assembleHap... after 1 ms 
[2026-05-19T17:20:14.801] [INFO] debug-file - BUILD SUCCESSFUL in 4 s 591 ms 
[2026-05-19T17:20:14.802] [DEBUG] debug-file - Update task entry:default@PreBuild input file:/Users/jordanzt/Work/HuaweiWork/Others/Projects/JungleTestLabs/opencalc-harmonyos/AppScope/app.json5 cache by regenerate.
[2026-05-19T17:20:14.802] [DEBUG] debug-file - Update task entry:default@PreBuild input file:/Users/jordanzt/Work/HuaweiWork/Others/Projects/JungleTestLabs/opencalc-harmonyos/entry/src/main/module.json5 cache by regenerate.
[2026-05-19T17:20:14.802] [DEBUG] debug-file - Update task entry:default@PreBuild input file:/Users/jordanzt/Work/HuaweiWork/Others/Projects/JungleTestLabs/opencalc-harmonyos/build-profile.json5 cache by regenerate.
[2026-05-19T17:20:14.802] [DEBUG] debug-file - Update task entry:default@PreBuild input file:/Users/jordanzt/Work/HuaweiWork/Others/Projects/JungleTestLabs/opencalc-harmonyos/entry/build-profile.json5 cache by regenerate.
[2026-05-19T17:20:14.802] [DEBUG] debug-file - Update task entry:default@PreBuild input file:/Users/jordanzt/Work/HuaweiWork/Others/Projects/JungleTestLabs/opencalc-harmonyos/entry/src/main/resources/base/profile/main_pages.json cache by regenerate.
[2026-05-19T17:20:14.802] [DEBUG] debug-file - Update task entry:default@PreBuild input file:/Users/jordanzt/Work/HuaweiWork/Others/Projects/JungleTestLabs/opencalc-harmonyos/hvigor/hvigor-config.json5 cache by regenerate.
[2026-05-19T17:20:14.802] [DEBUG] debug-file - Update task entry:default@PreBuild input file:/Users/jordanzt/Work/HuaweiWork/Others/Projects/JungleTestLabs/opencalc-harmonyos/entry/oh-package.json5 cache by regenerate.
[2026-05-19T17:20:14.802] [DEBUG] debug-file - Update task entry:default@PreBuild input file:/Users/jordanzt/Work/HuaweiWork/Others/Projects/JungleTestLabs/opencalc-harmonyos/oh-package.json5 cache by regenerate.
[2026-05-19T17:20:14.803] [DEBUG] debug-file - Incremental task entry:default@PreBuild post-execution cost:1 ms .
[2026-05-19T17:20:14.803] [DEBUG] debug-file - Update task entry:default@CreateModuleInfo output file:/Users/jordanzt/Work/HuaweiWork/Others/Projects/JungleTestLabs/opencalc-harmonyos/entry/build/default/generated/profile/default/ModuleInfo.ts cache.
[2026-05-19T17:20:14.803] [DEBUG] debug-file - Incremental task entry:default@CreateModuleInfo post-execution cost:1 ms .
[2026-05-19T17:20:14.803] [DEBUG] debug-file - Update task entry:default@GenerateMetadata input file:/Users/jordanzt/Work/HuaweiWork/Others/Projects/JungleTestLabs/opencalc-harmonyos/entry/src/main/module.json5 cache by regenerate.
[2026-05-19T17:20:14.803] [DEBUG] debug-file - Update task entry:default@GenerateMetadata output file:/Users/jordanzt/Work/HuaweiWork/Others/Projects/JungleTestLabs/opencalc-harmonyos/entry/build/default/intermediates/hap_metadata/default/output_metadata.json cache.
[2026-05-19T17:20:14.803] [DEBUG] debug-file - Incremental task entry:default@GenerateMetadata post-execution cost:1 ms .
[2026-05-19T17:20:14.803] [DEBUG] debug-file - Update task entry:default@MergeProfile input file:/Users/jordanzt/Work/HuaweiWork/Others/Projects/JungleTestLabs/opencalc-harmonyos/AppScope/app.json5 cache by regenerate.
[2026-05-19T17:20:14.803] [DEBUG] debug-file - Update task entry:default@MergeProfile input file:/Users/jordanzt/Work/HuaweiWork/Others/Projects/JungleTestLabs/opencalc-harmonyos/build-profile.json5 cache by regenerate.
[2026-05-19T17:20:14.803] [DEBUG] debug-file - Update task entry:default@MergeProfile input file:/Users/jordanzt/Work/HuaweiWork/Others/Projects/JungleTestLabs/opencalc-harmonyos/entry/src/main/module.json5 cache by regenerate.
[2026-05-19T17:20:14.803] [DEBUG] debug-file - Update task entry:default@MergeProfile output file:/Users/jordanzt/Work/HuaweiWork/Others/Projects/JungleTestLabs/opencalc-harmonyos/entry/build/default/intermediates/merge_profile/default/module.json cache.
[2026-05-19T17:20:14.803] [DEBUG] debug-file - Incremental task entry:default@MergeProfile post-execution cost:1 ms .
[2026-05-19T17:20:14.803] [DEBUG] debug-file - Update task entry:default@CreateBuildProfile input file:/Users/jordanzt/Work/HuaweiWork/Others/Projects/JungleTestLabs/opencalc-harmonyos/AppScope/app.json5 cache by regenerate.
[2026-05-19T17:20:14.803] [DEBUG] debug-file - Update task entry:default@CreateBuildProfile input file:/Users/jordanzt/Work/HuaweiWork/Others/Projects/JungleTestLabs/opencalc-harmonyos/build-profile.json5 cache by regenerate.
[2026-05-19T17:20:14.803] [DEBUG] debug-file - Update task entry:default@CreateBuildProfile output file:/Users/jordanzt/Work/HuaweiWork/Others/Projects/JungleTestLabs/opencalc-harmonyos/entry/build/default/generated/profile/default/BuildProfile.ets cache.
[2026-05-19T17:20:14.803] [DEBUG] debug-file - Incremental task entry:default@CreateBuildProfile post-execution cost:1 ms .
[2026-05-19T17:20:14.803] [DEBUG] debug-file - Update task entry:default@GeneratePkgContextInfo output file:/Users/jordanzt/Work/HuaweiWork/Others/Projects/JungleTestLabs/opencalc-harmonyos/entry/build/default/intermediates/loader/default/pkgContextInfo.json cache.
[2026-05-19T17:20:14.803] [DEBUG] debug-file - Incremental task entry:default@GeneratePkgContextInfo post-execution cost:1 ms .
[2026-05-19T17:20:14.803] [DEBUG] debug-file - Update task entry:default@ProcessIntegratedHsp output file:/Users/jordanzt/Work/HuaweiWork/Others/Projects/JungleTestLabs/opencalc-harmonyos/build/cache/default/integrated_hsp/integratedHspCache.json cache.
[2026-05-19T17:20:14.804] [DEBUG] debug-file - Incremental task entry:default@ProcessIntegratedHsp post-execution cost:1 ms .
[2026-05-19T17:20:14.804] [DEBUG] debug-file - Update task entry:default@MakePackInfo input file:/Users/jordanzt/Work/HuaweiWork/Others/Projects/JungleTestLabs/opencalc-harmonyos/AppScope/app.json5 cache by regenerate.
[2026-05-19T17:20:14.804] [DEBUG] debug-file - Update task entry:default@MakePackInfo input file:/Users/jordanzt/Work/HuaweiWork/Others/Projects/JungleTestLabs/opencalc-harmonyos/entry/src/main/module.json5 cache by regenerate.
[2026-05-19T17:20:14.804] [DEBUG] debug-file - Update task entry:default@MakePackInfo input file:/Users/jordanzt/Work/HuaweiWork/Others/Projects/JungleTestLabs/opencalc-harmonyos/build-profile.json5 cache by regenerate.
[2026-05-19T17:20:14.804] [DEBUG] debug-file - Update task entry:default@MakePackInfo output file:/Users/jordanzt/Work/HuaweiWork/Others/Projects/JungleTestLabs/opencalc-harmonyos/entry/build/default/outputs/default/pack.info cache.
[2026-05-19T17:20:14.804] [DEBUG] debug-file - Incremental task entry:default@MakePackInfo post-execution cost:1 ms .
[2026-05-19T17:20:14.804] [DEBUG] debug-file - Update task entry:default@SyscapTransform input file:/Applications/DevEco-Studio.app/Contents/sdk/default/openharmony/toolchains/syscap_tool cache by regenerate.
[2026-05-19T17:20:14.804] [DEBUG] debug-file - Update task entry:default@SyscapTransform input file:/Applications/DevEco-Studio.app/Contents/sdk/default/openharmony/ets/api/device-define cache by regenerate.
[2026-05-19T17:20:14.804] [DEBUG] debug-file - Update task entry:default@SyscapTransform output file:/Users/jordanzt/Work/HuaweiWork/Others/Projects/JungleTestLabs/opencalc-harmonyos/entry/build/default/intermediates/syscap/default/rpcid.sc cache.
[2026-05-19T17:20:14.804] [DEBUG] debug-file - Incremental task entry:default@SyscapTransform post-execution cost:1 ms .
[2026-05-19T17:20:14.804] [DEBUG] debug-file - Update task entry:default@ProcessProfile input file:/Users/jordanzt/Work/HuaweiWork/Others/Projects/JungleTestLabs/opencalc-harmonyos/entry/build/default/intermediates/merge_profile/default/module.json cache by regenerate.
[2026-05-19T17:20:14.804] [DEBUG] debug-file - Update task entry:default@ProcessProfile output file:/Users/jordanzt/Work/HuaweiWork/Others/Projects/JungleTestLabs/opencalc-harmonyos/entry/build/default/intermediates/process_profile/default/module.json cache.
[2026-05-19T17:20:14.804] [DEBUG] debug-file - Incremental task entry:default@ProcessProfile post-execution cost:1 ms .
[2026-05-19T17:20:14.804] [DEBUG] debug-file - Update task entry:default@ProcessRouterMap input file:/Users/jordanzt/Work/HuaweiWork/Others/Projects/JungleTestLabs/opencalc-harmonyos/entry/oh-package.json5 cache by regenerate.
[2026-05-19T17:20:14.804] [DEBUG] debug-file - Update task entry:default@ProcessRouterMap input file:/Users/jordanzt/Work/HuaweiWork/Others/Projects/JungleTestLabs/opencalc-harmonyos/oh-package.json5 cache by regenerate.
[2026-05-19T17:20:14.804] [DEBUG] debug-file - Update task entry:default@ProcessRouterMap input file:/Users/jordanzt/Work/HuaweiWork/Others/Projects/JungleTestLabs/opencalc-harmonyos/entry/src/main/module.json5 cache by regenerate.
[2026-05-19T17:20:14.804] [DEBUG] debug-file - Update task entry:default@ProcessRouterMap output file:/Users/jordanzt/Work/HuaweiWork/Others/Projects/JungleTestLabs/opencalc-harmonyos/entry/build/default/intermediates/router_map/default/temp-router-map.json cache.
[2026-05-19T17:20:14.804] [DEBUG] debug-file - Update task entry:default@ProcessRouterMap output file:/Users/jordanzt/Work/HuaweiWork/Others/Projects/JungleTestLabs/opencalc-harmonyos/entry/build/default/intermediates/router_map/default/loader-router-map.json cache.
[2026-05-19T17:20:14.804] [DEBUG] debug-file - Incremental task entry:default@ProcessRouterMap post-execution cost:1 ms .
[2026-05-19T17:20:14.805] [DEBUG] debug-file - Update task entry:default@ProcessShareConfig input file:/Users/jordanzt/Work/HuaweiWork/Others/Projects/JungleTestLabs/opencalc-harmonyos/entry/oh-package.json5 cache by regenerate.
[2026-05-19T17:20:14.805] [DEBUG] debug-file - Update task entry:default@ProcessShareConfig input file:/Users/jordanzt/Work/HuaweiWork/Others/Projects/JungleTestLabs/opencalc-harmonyos/oh-package.json5 cache by regenerate.
[2026-05-19T17:20:14.805] [DEBUG] debug-file - Update task entry:default@ProcessShareConfig input file:/Users/jordanzt/Work/HuaweiWork/Others/Projects/JungleTestLabs/opencalc-harmonyos/entry/src/main/module.json5 cache by regenerate.
[2026-05-19T17:20:14.805] [DEBUG] debug-file - Update task entry:default@ProcessShareConfig output file:/Users/jordanzt/Work/HuaweiWork/Others/Projects/JungleTestLabs/opencalc-harmonyos/entry/build/default/intermediates/share_config/default/temp-share-config.json cache.
[2026-05-19T17:20:14.805] [DEBUG] debug-file - Incremental task entry:default@ProcessShareConfig post-execution cost:1 ms .
[2026-05-19T17:20:14.805] [DEBUG] debug-file - Update task entry:default@ProcessStartupConfig output file:/Users/jordanzt/Work/HuaweiWork/Others/Projects/JungleTestLabs/opencalc-harmonyos/entry/build/default/intermediates/startup/default/startup_config.json cache.
[2026-05-19T17:20:14.805] [DEBUG] debug-file - Incremental task entry:default@ProcessStartupConfig post-execution cost:1 ms .
[2026-05-19T17:20:14.805] [DEBUG] debug-file - Update task entry:default@ProcessResource output file:/Users/jordanzt/Work/HuaweiWork/Others/Projects/JungleTestLabs/opencalc-harmonyos/entry/build/default/intermediates/res/default/resConfig.json cache.
[2026-05-19T17:20:14.805] [DEBUG] debug-file - Update task entry:default@ProcessResource output file:/Users/jordanzt/Work/HuaweiWork/Others/Projects/JungleTestLabs/opencalc-harmonyos/entry/build/default/intermediates/res/default/opt-compression.json cache.
[2026-05-19T17:20:14.805] [DEBUG] debug-file - Incremental task entry:default@ProcessResource post-execution cost:1 ms .
[2026-05-19T17:20:14.805] [DEBUG] debug-file - Update task entry:default@GenerateLoaderJson input file:/Users/jordanzt/Work/HuaweiWork/Others/Projects/JungleTestLabs/opencalc-harmonyos/entry/build/default/intermediates/router_map/default/temp-router-map.json cache by regenerate.
[2026-05-19T17:20:14.805] [DEBUG] debug-file - Update task entry:default@GenerateLoaderJson output file:/Users/jordanzt/Work/HuaweiWork/Others/Projects/JungleTestLabs/opencalc-harmonyos/entry/build/default/intermediates/loader/default/loader.json cache.
[2026-05-19T17:20:14.805] [DEBUG] debug-file - Incremental task entry:default@GenerateLoaderJson post-execution cost:1 ms .
[2026-05-19T17:20:14.805] [DEBUG] debug-file - Update task entry:default@ProcessLibs input file:/Users/jordanzt/Work/HuaweiWork/Others/Projects/JungleTestLabs/opencalc-harmonyos/build-profile.json5 cache by regenerate.
[2026-05-19T17:20:14.805] [DEBUG] debug-file - Update task entry:default@ProcessLibs input file:/Users/jordanzt/Work/HuaweiWork/Others/Projects/JungleTestLabs/opencalc-harmonyos/entry/build-profile.json5 cache by regenerate.
[2026-05-19T17:20:14.805] [DEBUG] debug-file - Update task entry:default@ProcessLibs output file:/Users/jordanzt/Work/HuaweiWork/Others/Projects/JungleTestLabs/opencalc-harmonyos/entry/build/default/intermediates/libs/default cache.
[2026-05-19T17:20:14.805] [DEBUG] debug-file - Incremental task entry:default@ProcessLibs post-execution cost:1 ms .
[2026-05-19T17:20:14.805] [DEBUG] debug-file - Update task entry:default@CompileResource input file:/Users/jordanzt/Work/HuaweiWork/Others/Projects/JungleTestLabs/opencalc-harmonyos/entry/src/main/resources cache by regenerate.
[2026-05-19T17:20:14.806] [DEBUG] debug-file - Update task entry:default@CompileResource input file:/Users/jordanzt/Work/HuaweiWork/Others/Projects/JungleTestLabs/opencalc-harmonyos/entry/build/default/intermediates/process_profile/default/module.json cache by regenerate.
[2026-05-19T17:20:14.806] [DEBUG] debug-file - Update task entry:default@CompileResource input file:/Users/jordanzt/Work/HuaweiWork/Others/Projects/JungleTestLabs/opencalc-harmonyos/entry/build/default/intermediates/res/default/resConfig.json cache by regenerate.
[2026-05-19T17:20:14.806] [DEBUG] debug-file - Update task entry:default@CompileResource output file:/Users/jordanzt/Work/HuaweiWork/Others/Projects/JungleTestLabs/opencalc-harmonyos/entry/build/default/intermediates/res/default cache.
[2026-05-19T17:20:14.806] [DEBUG] debug-file - Update task entry:default@CompileResource output file:/Users/jordanzt/Work/HuaweiWork/Others/Projects/JungleTestLabs/opencalc-harmonyos/entry/build/default/generated/r/default/ResourceTable.h cache.
[2026-05-19T17:20:14.806] [DEBUG] debug-file - Update task entry:default@CompileResource output file:/Users/jordanzt/Work/HuaweiWork/Others/Projects/JungleTestLabs/opencalc-harmonyos/entry/build/default/generated/r/default cache.
[2026-05-19T17:20:14.806] [DEBUG] debug-file - Incremental task entry:default@CompileResource post-execution cost:2 ms .
[2026-05-19T17:20:14.806] [DEBUG] debug-file - Update task entry:default@DoNativeStrip input file:/Users/jordanzt/Work/HuaweiWork/Others/Projects/JungleTestLabs/opencalc-harmonyos/entry/build/default/intermediates/libs/default cache by regenerate.
[2026-05-19T17:20:14.806] [DEBUG] debug-file - Update task entry:default@DoNativeStrip output file:/Users/jordanzt/Work/HuaweiWork/Others/Projects/JungleTestLabs/opencalc-harmonyos/entry/build/default/intermediates/stripped_native_libs/default cache.
[2026-05-19T17:20:14.807] [DEBUG] debug-file - Incremental task entry:default@DoNativeStrip post-execution cost:1 ms .
[2026-05-19T17:20:14.807] [DEBUG] debug-file - Update task entry:default@CompileArkTS input file:/Users/jordanzt/Work/HuaweiWork/Others/Projects/JungleTestLabs/opencalc-harmonyos/entry/build/default/intermediates/loader/default cache by regenerate.
[2026-05-19T17:20:14.807] [DEBUG] debug-file - Update task entry:default@CompileArkTS input file:/Users/jordanzt/Work/HuaweiWork/Others/Projects/JungleTestLabs/opencalc-harmonyos/entry/build/default/intermediates/res/default/ResourceTable.txt cache by regenerate.
[2026-05-19T17:20:14.807] [DEBUG] debug-file - Update task entry:default@CompileArkTS input file:/Users/jordanzt/Work/HuaweiWork/Others/Projects/JungleTestLabs/opencalc-harmonyos/entry/build/default/intermediates/res/default/ark_module.json cache by regenerate.
[2026-05-19T17:20:14.807] [DEBUG] debug-file - Update task entry:default@CompileArkTS input file:/Users/jordanzt/Work/HuaweiWork/Others/Projects/JungleTestLabs/opencalc-harmonyos/entry/build/default/intermediates/res/default/resources/base/profile cache by regenerate.
[2026-05-19T17:20:14.807] [DEBUG] debug-file - Update task entry:default@CompileArkTS input file:/Users/jordanzt/Work/HuaweiWork/Others/Projects/JungleTestLabs/opencalc-harmonyos/entry/src/main/ets cache by regenerate.
[2026-05-19T17:20:14.807] [DEBUG] debug-file - Update task entry:default@CompileArkTS input file:/Users/jordanzt/Work/HuaweiWork/Others/Projects/JungleTestLabs/opencalc-harmonyos/entry/build/default/generated/profile/default/BuildProfile.ets cache by regenerate.
[2026-05-19T17:20:14.807] [DEBUG] debug-file - Update task entry:default@CompileArkTS output file:/Users/jordanzt/Work/HuaweiWork/Others/Projects/JungleTestLabs/opencalc-harmonyos/entry/build/default/intermediates/loader_out/default/ets cache.
[2026-05-19T17:20:14.807] [DEBUG] debug-file - Incremental task entry:default@CompileArkTS post-execution cost:1 ms .
[2026-05-19T17:20:14.807] [DEBUG] debug-file - Update task entry:default@BuildJS input file:/Users/jordanzt/Work/HuaweiWork/Others/Projects/JungleTestLabs/opencalc-harmonyos/entry/build/default/intermediates/loader/default cache by regenerate.
[2026-05-19T17:20:14.808] [DEBUG] debug-file - Update task entry:default@BuildJS input file:/Users/jordanzt/Work/HuaweiWork/Others/Projects/JungleTestLabs/opencalc-harmonyos/entry/build/default/intermediates/res/default/ResourceTable.txt cache by regenerate.
[2026-05-19T17:20:14.808] [DEBUG] debug-file - Update task entry:default@BuildJS input file:/Users/jordanzt/Work/HuaweiWork/Others/Projects/JungleTestLabs/opencalc-harmonyos/entry/build/default/intermediates/res/default/ark_module.json cache by regenerate.
[2026-05-19T17:20:14.808] [DEBUG] debug-file - Update task entry:default@BuildJS input file:/Users/jordanzt/Work/HuaweiWork/Others/Projects/JungleTestLabs/opencalc-harmonyos/entry/build/default/intermediates/res/default/resources/base/profile cache by regenerate.
[2026-05-19T17:20:14.808] [DEBUG] debug-file - Update task entry:default@BuildJS output file:/Users/jordanzt/Work/HuaweiWork/Others/Projects/JungleTestLabs/opencalc-harmonyos/entry/build/default/intermediates/loader_out/default/js cache.
[2026-05-19T17:20:14.808] [DEBUG] debug-file - Incremental task entry:default@BuildJS post-execution cost:1 ms .
[2026-05-19T17:20:14.808] [DEBUG] debug-file - Update task entry:default@CacheNativeLibs input file:/Users/jordanzt/Work/HuaweiWork/Others/Projects/JungleTestLabs/opencalc-harmonyos/entry/build/default/intermediates/stripped_native_libs/default cache by regenerate.
[2026-05-19T17:20:14.808] [DEBUG] debug-file - Update task entry:default@CacheNativeLibs input file:/Users/jordanzt/Work/HuaweiWork/Others/Projects/JungleTestLabs/opencalc-harmonyos/entry/build/default/intermediates/libs/default cache by regenerate.
[2026-05-19T17:20:14.808] [DEBUG] debug-file - Update task entry:default@CacheNativeLibs output file:/Users/jordanzt/Work/HuaweiWork/Others/Projects/JungleTestLabs/opencalc-harmonyos/entry/build/default/intermediates/patch/default/base_native_libs.json cache.
[2026-05-19T17:20:14.808] [DEBUG] debug-file - Incremental task entry:default@CacheNativeLibs post-execution cost:1 ms .
[2026-05-19T17:20:14.808] [DEBUG] debug-file - Update task entry:default@GeneratePkgModuleJson input file:/Users/jordanzt/Work/HuaweiWork/Others/Projects/JungleTestLabs/opencalc-harmonyos/entry/build/default/intermediates/res/default/module.json cache by regenerate.
[2026-05-19T17:20:14.808] [DEBUG] debug-file - Update task entry:default@GeneratePkgModuleJson output file:/Users/jordanzt/Work/HuaweiWork/Others/Projects/JungleTestLabs/opencalc-harmonyos/entry/build/default/intermediates/package/default/module.json cache.
[2026-05-19T17:20:14.808] [DEBUG] debug-file - Incremental task entry:default@GeneratePkgModuleJson post-execution cost:1 ms .
[2026-05-19T17:20:14.808] [DEBUG] debug-file - Incremental task entry:default@ProcessCompiledResources post-execution cost:1 ms .
[2026-05-19T17:20:14.808] [DEBUG] debug-file - Update task entry:default@PackageHap input file:/Users/jordanzt/Work/HuaweiWork/Others/Projects/JungleTestLabs/opencalc-harmonyos/entry/build/default/intermediates/stripped_native_libs/default cache by regenerate.
[2026-05-19T17:20:14.808] [DEBUG] debug-file - Update task entry:default@PackageHap input file:/Users/jordanzt/Work/HuaweiWork/Others/Projects/JungleTestLabs/opencalc-harmonyos/entry/build/default/intermediates/res/default/module.json cache by regenerate.
[2026-05-19T17:20:14.808] [DEBUG] debug-file - Update task entry:default@PackageHap input file:/Users/jordanzt/Work/HuaweiWork/Others/Projects/JungleTestLabs/opencalc-harmonyos/entry/build/default/intermediates/res/default/resources cache by regenerate.
[2026-05-19T17:20:14.808] [DEBUG] debug-file - Update task entry:default@PackageHap input file:/Users/jordanzt/Work/HuaweiWork/Others/Projects/JungleTestLabs/opencalc-harmonyos/entry/build/default/intermediates/res/default/resources.index cache by regenerate.
[2026-05-19T17:20:14.809] [DEBUG] debug-file - Update task entry:default@PackageHap input file:/Users/jordanzt/Work/HuaweiWork/Others/Projects/JungleTestLabs/opencalc-harmonyos/entry/build/default/outputs/default/pack.info cache by regenerate.
[2026-05-19T17:20:14.809] [DEBUG] debug-file - Update task entry:default@PackageHap input file:/Users/jordanzt/Work/HuaweiWork/Others/Projects/JungleTestLabs/opencalc-harmonyos/entry/build/default/intermediates/loader_out/default/ets cache by regenerate.
[2026-05-19T17:20:14.809] [DEBUG] debug-file - Update task entry:default@PackageHap input file:/Users/jordanzt/Work/HuaweiWork/Others/Projects/JungleTestLabs/opencalc-harmonyos/entry/build/default/intermediates/loader_out/default/ets/sourceMaps.map cache by regenerate.
[2026-05-19T17:20:14.809] [DEBUG] debug-file - Update task entry:default@PackageHap input file:/Users/jordanzt/Work/HuaweiWork/Others/Projects/JungleTestLabs/opencalc-harmonyos/entry/build/default/generated/profile/default/BuildProfile.ets cache by regenerate.
[2026-05-19T17:20:14.809] [DEBUG] debug-file - Update task entry:default@PackageHap output file:/Users/jordanzt/Work/HuaweiWork/Others/Projects/JungleTestLabs/opencalc-harmonyos/entry/build/default/outputs/default/entry-default-unsigned.hap cache.
[2026-05-19T17:20:14.809] [DEBUG] debug-file - Update task entry:default@PackageHap output file:/Users/jordanzt/Work/HuaweiWork/Others/Projects/JungleTestLabs/opencalc-harmonyos/entry/build/default/intermediates/source_map/default/sourceMaps.map cache.
[2026-05-19T17:20:14.809] [DEBUG] debug-file - Update task entry:default@PackageHap output file:/Users/jordanzt/Work/HuaweiWork/Others/Projects/JungleTestLabs/opencalc-harmonyos/entry/build/default/outputs/default/mapping/sourceMaps.map cache.
[2026-05-19T17:20:14.809] [DEBUG] debug-file - Incremental task entry:default@PackageHap post-execution cost:1 ms .
[2026-05-19T17:20:14.809] [DEBUG] debug-file - Update task entry:default@SignHap input file:/Users/jordanzt/Work/HuaweiWork/Others/Projects/JungleTestLabs/opencalc-harmonyos/entry/build/default/outputs/default/entry-default-unsigned.hap cache by regenerate.
[2026-05-19T17:20:14.809] [DEBUG] debug-file - Update task entry:default@SignHap output file:/Users/jordanzt/Work/HuaweiWork/Others/Projects/JungleTestLabs/opencalc-harmonyos/entry/build/default/outputs/default/entry-default-signed.hap cache.
[2026-05-19T17:20:14.809] [DEBUG] debug-file - Incremental task entry:default@SignHap post-execution cost:1 ms .
[2026-05-19T17:20:14.809] [DEBUG] debug-file - Update task entry:default@CollectDebugSymbol input file:/Users/jordanzt/Work/HuaweiWork/Others/Projects/JungleTestLabs/opencalc-harmonyos/entry/build/default/intermediates/loader_out/default/ets/sourceMaps.map cache by regenerate.
[2026-05-19T17:20:14.809] [DEBUG] debug-file - Update task entry:default@CollectDebugSymbol input file:/Users/jordanzt/Work/HuaweiWork/Others/Projects/JungleTestLabs/opencalc-harmonyos/entry/build/default/intermediates/libs/default cache by regenerate.
[2026-05-19T17:20:14.809] [DEBUG] debug-file - Update task entry:default@CollectDebugSymbol output file:/Users/jordanzt/Work/HuaweiWork/Others/Projects/JungleTestLabs/opencalc-harmonyos/entry/build/default/outputs/default/symbol cache.
[2026-05-19T17:20:14.809] [DEBUG] debug-file - Incremental task entry:default@CollectDebugSymbol post-execution cost:1 ms .
[2026-05-19T17:20:14.816] [DEBUG] debug-file - Cleanup worker 0.
[2026-05-19T17:20:14.816] [DEBUG] debug-file - Worker 0 has been cleaned up.
[2026-05-19T17:20:14.816] [DEBUG] debug-file - Current idle worker size: 4.
[2026-05-19T17:20:14.816] [DEBUG] debug-file - Current resident worker size: 5.
[2026-05-19T17:20:14.816] [DEBUG] debug-file - Cleanup worker 1.
[2026-05-19T17:20:14.816] [DEBUG] debug-file - Worker 1 has been cleaned up.
[2026-05-19T17:20:14.816] [DEBUG] debug-file - Current idle worker size: 3.
[2026-05-19T17:20:14.816] [DEBUG] debug-file - Current resident worker size: 5.
[2026-05-19T17:20:14.816] [DEBUG] debug-file - Cleanup worker 10.
[2026-05-19T17:20:14.816] [DEBUG] debug-file - Worker 10 has been cleaned up.
[2026-05-19T17:20:14.816] [DEBUG] debug-file - Current idle worker size: 2.
[2026-05-19T17:20:14.816] [DEBUG] debug-file - Current resident worker size: 5.
[2026-05-19T17:20:14.816] [DEBUG] debug-file - Cleanup worker 9.
[2026-05-19T17:20:14.816] [DEBUG] debug-file - Worker 9 has been cleaned up.
[2026-05-19T17:20:14.816] [DEBUG] debug-file - Current idle worker size: 1.
[2026-05-19T17:20:14.816] [DEBUG] debug-file - Current resident worker size: 5.
[2026-05-19T17:20:14.817] [DEBUG] debug-file - hvigor build process will be closed.
[2026-05-19T17:20:14.817] [DEBUG] debug-file - session manager: send message to worker process.
[2026-05-19T17:20:14.817] [DEBUG] debug-file - session manager: send message to worker process.
[2026-05-19T17:20:14.818] [DEBUG] debug-file - watch worker: worker id should be larger than 0. Nothing will be sent to any worker thread.
[2026-05-19T17:20:14.818] [DEBUG] debug-file - watch worker: worker id should be larger than 0. Nothing will be sent to any worker thread.
[2026-05-19T17:20:14.821] [DEBUG] debug-file - java daemon socket close code:1000 reason:close by user
[2026-05-19T17:20:14.822] [DEBUG] debug-file - worker[0] exits with exit code 1.
[2026-05-19T17:20:14.822] [DEBUG] debug-file - worker[1] exits with exit code 1.
[2026-05-19T17:20:14.823] [DEBUG] debug-file - worker[10] exits with exit code 1.
[2026-05-19T17:20:14.823] [DEBUG] debug-file - worker[9] exits with exit code 1.
[2026-05-19T17:21:37.661] [DEBUG] debug-file - env: nodejsVersion=v23.9.0
[2026-05-19T17:21:37.680] [DEBUG] debug-file - env: daemon=true
[2026-05-19T17:21:37.661] [DEBUG] debug-file - env: hvigor-config.json5 content = { modelVersion: '6.0.2', dependencies: {} }
[2026-05-19T17:21:37.872] [DEBUG] debug-file - java daemon tryConnect success
[2026-05-19T17:21:37.880] [DEBUG] debug-file - session manager: set active socket. socketId=40zRhVbXTcUEskFxAAAB
[2026-05-19T17:21:38.073] [DEBUG] debug-file - watch worker: worker id should be larger than 0. Nothing will be sent to any worker thread.
[2026-05-19T17:21:38.074] [DEBUG] debug-file - Since there is no instance or instance is terminated, create a new worker pool.
[2026-05-19T17:21:38.075] [DEBUG] debug-file - Worker pool is initialized with config:  {
  minPoolNum: 2,
  maxPoolNum: undefined,
  maxCoreSize: undefined,
  cacheCapacity: undefined,
  cacheTtl: undefined
}
[2026-05-19T17:21:38.075] [DEBUG] debug-file - Create  resident worker with id: 0.
[2026-05-19T17:21:38.076] [DEBUG] debug-file - Create  resident worker with id: 1.
[2026-05-19T17:21:38.077] [DEBUG] debug-file - Workers' log level updated to INFO
[2026-05-19T17:21:38.079] [DEBUG] debug-file - Hvigor init with startParameters:{
  hvigorfileTypeCheck: false,
  parallelExecution: true,
  incrementalExecution: true,
  printStackTrace: false,
  daemon: true,
  analyze: 0,
  logLevel: Level { level: 20000, levelStr: 'INFO', colour: 'green' },
  optimizationStrategy: 'memory',
  hotCompile: undefined,
  hotReloadBuild: undefined,
  customizedParam: undefined
}
[2026-05-19T17:21:38.083] [DEBUG] debug-file - Cache service initialization finished in 4 ms 
[2026-05-19T17:21:38.084] [DEBUG] debug-file - hvigorfile, resolving /Users/jordanzt/Work/HuaweiWork/Others/Projects/JungleTestLabs/opencalc-harmonyos/hvigorfile.ts
[2026-05-19T17:21:38.629] [DEBUG] debug-file - hvigorfile, require result:  {}
[2026-05-19T17:21:38.629] [DEBUG] debug-file - hvigorfile, binding system plugins {}
[2026-05-19T17:21:38.629] [DEBUG] debug-file - Starting plugin build process
[2026-05-19T17:21:38.629] [DEBUG] debug-file - App plugin prepare start...
[2026-05-19T17:21:38.629] [DEBUG] debug-file - App plugin prepare end...
[2026-05-19T17:21:38.629] [DEBUG] debug-file - App plugin creating...
[2026-05-19T17:21:38.705] [DEBUG] debug-file - App plugin register hook start...
[2026-05-19T17:21:38.705] [DEBUG] debug-file - App plugin register hook end...
[2026-05-19T17:21:38.705] [DEBUG] debug-file - Plugin build process completed
[2026-05-19T17:21:38.705] [DEBUG] debug-file - Start initialize project's product build option map with build mode debug.
[2026-05-19T17:21:38.705] [DEBUG] debug-file - Picking option from product 'default' with build mode 'debug'.
[2026-05-19T17:21:38.705] [DEBUG] debug-file - Product 'default' build option initialized
[2026-05-19T17:21:38.705] [DEBUG] debug-file - End initialize project's product build option map with build mode 'debug'.
[2026-05-19T17:21:38.706] [DEBUG] debug-file - Obtain build option for product 'default'in this build.
[2026-05-19T17:21:38.707] [DEBUG] debug-file - No signingConfig found, initRemoteHspCache failed.
[2026-05-19T17:21:38.708] [DEBUG] debug-file - Local scan or download HarmonyOS sdk components toolchains,ets,js,native,previewer
[2026-05-19T17:21:38.766] [DEBUG] debug-file - hvigor build process will be closed with an error.
[2026-05-19T17:21:38.766] [ERROR] debug-file - [31m00303168 Configuration Error
Error Message: SDK component missing.

* Try the following:
  > Please verify the integrity of your SDK.
  > Please update the SDK at the download link below.
  > More info: https://developer.huawei.com/consumer/en/download
[39m

[31m* Try:
> Run with --stacktrace option to get the stack trace.
> Run with --debug option to get more log output.

[2026-05-19T17:21:38.766] [DEBUG] debug-file - ERROR: stacktrace = AdaptorError: [31m00303168 Configuration Error
Error Message: SDK component missing.

* Try the following:
  > Please verify the integrity of your SDK.
  > Please update the SDK at the download link below.
  > More info: https://developer.huawei.com/consumer/en/download
[39m
    at OhosLogger.printErrorExit (/Applications/DevEco-Studio.app/Contents/tools/hvigor/hvigor/src/base/log/hvigor-log.js:1:5087)
    at HmosSdkLoader.getHmosSdkComponents (/Applications/DevEco-Studio.app/Contents/tools/hvigor/hvigor-ohos-plugin/src/sdk/hmos-sdk-loader.js:1:1895)
    at HosSdkInfo.setup (/Applications/DevEco-Studio.app/Contents/tools/hvigor/hvigor-ohos-plugin/src/sdk/info/hos-sdk-info.js:1:1537)
    at ProjectTaskService.setup (/Applications/DevEco-Studio.app/Contents/tools/hvigor/hvigor-ohos-plugin/src/tasks/service/project-task-service.js:1:2525)
    at ProjectImpl.<anonymous> (/Applications/DevEco-Studio.app/Contents/tools/hvigor/hvigor-ohos-plugin/src/plugin/builder/app-plugin-builder.js:1:2236)
    at ProjectImpl.executeAfterBindSystemPluginsHook (/Applications/DevEco-Studio.app/Contents/tools/hvigor/hvigor/src/base/internal/lifecycle/hvigor-node-impl/default-node-impl.js:1:5526)
    at evaluateNodeVigorFile (/Applications/DevEco-Studio.app/Contents/tools/hvigor/hvigor/src/base/internal/lifecycle/configuration.js:1:9340)
    at process.processTicksAndRejections (node:internal/process/task_queues:105:5)
    at async evalProject (/Applications/DevEco-Studio.app/Contents/tools/hvigor/hvigor/src/base/internal/lifecycle/configuration.js:1:3544)
    at async configuration (/Applications/DevEco-Studio.app/Contents/tools/hvigor/hvigor/src/base/internal/lifecycle/configuration.js:1:2288)
[2026-05-19T17:21:38.766] [ERROR] debug-file - AdaptorError: [31m00303168 Configuration Error
Error Message: SDK component missing.

* Try the following:
  > Please verify the integrity of your SDK.
  > Please update the SDK at the download link below.
  > More info: https://developer.huawei.com/consumer/en/download
[39m
    at OhosLogger.printErrorExit (/Applications/DevEco-Studio.app/Contents/tools/hvigor/hvigor/src/base/log/hvigor-log.js:1:5087)
    at HmosSdkLoader.getHmosSdkComponents (/Applications/DevEco-Studio.app/Contents/tools/hvigor/hvigor-ohos-plugin/src/sdk/hmos-sdk-loader.js:1:1895)
    at HosSdkInfo.setup (/Applications/DevEco-Studio.app/Contents/tools/hvigor/hvigor-ohos-plugin/src/sdk/info/hos-sdk-info.js:1:1537)
    at ProjectTaskService.setup (/Applications/DevEco-Studio.app/Contents/tools/hvigor/hvigor-ohos-plugin/src/tasks/service/project-task-service.js:1:2525)
    at ProjectImpl.<anonymous> (/Applications/DevEco-Studio.app/Contents/tools/hvigor/hvigor-ohos-plugin/src/plugin/builder/app-plugin-builder.js:1:2236)
    at ProjectImpl.executeAfterBindSystemPluginsHook (/Applications/DevEco-Studio.app/Contents/tools/hvigor/hvigor/src/base/internal/lifecycle/hvigor-node-impl/default-node-impl.js:1:5526)
    at evaluateNodeVigorFile (/Applications/DevEco-Studio.app/Contents/tools/hvigor/hvigor/src/base/internal/lifecycle/configuration.js:1:9340)
    at process.processTicksAndRejections (node:internal/process/task_queues:105:5)
    at async evalProject (/Applications/DevEco-Studio.app/Contents/tools/hvigor/hvigor/src/base/internal/lifecycle/configuration.js:1:3544)
    at async configuration (/Applications/DevEco-Studio.app/Contents/tools/hvigor/hvigor/src/base/internal/lifecycle/configuration.js:1:2288)
[2026-05-19T17:21:38.767] [ERROR] debug-file - BUILD FAILED in 690 ms 
[2026-05-19T17:21:38.770] [DEBUG] debug-file - Cleanup worker 0.
[2026-05-19T17:21:38.770] [DEBUG] debug-file - Worker 0 has been cleaned up.
[2026-05-19T17:21:38.770] [DEBUG] debug-file - Current idle worker size: 1.
[2026-05-19T17:21:38.770] [DEBUG] debug-file - Current resident worker size: 2.
[2026-05-19T17:21:38.770] [DEBUG] debug-file - Cleanup worker 1.
[2026-05-19T17:21:38.770] [DEBUG] debug-file - Worker 1 has been cleaned up.
[2026-05-19T17:21:38.770] [DEBUG] debug-file - Current idle worker size: 0.
[2026-05-19T17:21:38.770] [DEBUG] debug-file - Current resident worker size: 2.
[2026-05-19T17:21:38.772] [DEBUG] debug-file - session manager: send message to worker process.
[2026-05-19T17:21:38.772] [DEBUG] debug-file - session manager: send message to worker process.
[2026-05-19T17:21:38.773] [DEBUG] debug-file - hvigor build process will be closed.
[2026-05-19T17:21:38.773] [DEBUG] debug-file - watch worker: worker id should be larger than 0. Nothing will be sent to any worker thread.
[2026-05-19T17:21:38.773] [DEBUG] debug-file - watch worker: worker id should be larger than 0. Nothing will be sent to any worker thread.
[2026-05-19T17:21:38.774] [DEBUG] debug-file - worker[1] exits with exit code 1.
[2026-05-19T17:21:38.774] [DEBUG] debug-file - worker[0] exits with exit code 1.
